crop,soil_type,irrigation_type,area_acres,rainfall_mm,temperature_c,nitrogen_kg,phosphorus_kg,potassium_kg,yield_quintals_per_acre
Tomato,Clayey,Drip,4.99,1135.6,29.1,111.3,27.0,52.1,85.48
Maize,Sandy,Drip,24.26,1198.9,20.7,69.1,32.8,41.3,16.96
Soybean,Loamy,Rainfed,1.07,829.7,24.8,47.5,88.2,36.3,8.36
Sugarcane,Clayey,Rainfed,11.94,1231.9,31.0,112.1,20.9,86.0,230.58
Soybean,Black,Sprinkler,7.96,317.2,31.1,110.4,28.5,54.7,11.82
Wheat,Sandy,Sprinkler,5.59,881.2,16.7,174.8,51.5,47.7,17.23
Sugarcane,Sandy,Flood,23.09,306.2,20.3,47.2,42.8,47.2,277.99
Wheat,Alluvial,Rainfed,15.37,531.2,22.5,66.4,21.1,49.6,16.95
Rice,Clayey,Rainfed,0.64,1178.6,31.6,156.6,74.0,25.2,17.7
Tomato,Alluvial,Rainfed,11.51,314.5,24.2,147.0,66.6,61.4,107.27
Soybean,Red,Flood,12.07,343.5,31.7,161.7,59.3,74.0,13.43
Tomato,Black,Sprinkler,11.26,442.1,35.7,116.1,59.4,68.7,128.8
Cotton,Loamy,Flood,19.01,474.6,17.7,86.4,31.3,85.1,13.46
Soybean,Clayey,Rainfed,5.85,699.8,35.4,91.9,28.5,44.9,8.19
Soybean,Alluvial,Drip,6.08,712.5,34.0,177.7,20.5,55.8,11.82
Maize,Black,Rainfed,6.48,401.9,20.8,129.3,48.3,24.5,20.1
Wheat,Clayey,Rainfed,6.67,796.7,22.6,85.6,22.6,62.7,12.96
Cotton,Alluvial,Drip,6.37,373.9,26.8,197.7,36.9,67.0,16.04
Maize,Red,Drip,18.34,641.3,29.9,141.4,57.5,26.3,24.56
Soybean,Loamy,Flood,14.98,1013.1,16.4,121.9,35.9,65.2,10.23
Sugarcane,Alluvial,Drip,10.24,821.3,34.4,148.1,71.5,34.6,530.42
Tomato,Clayey,Rainfed,20.52,866.2,27.7,78.7,26.5,82.8,77.88
Cotton,Red,Flood,8.81,619.1,32.0,183.5,82.1,74.6,11.24
Potato,Clayey,Sprinkler,16.89,896.8,24.2,190.4,88.2,39.9,119.13
Soybean,Black,Sprinkler,17.45,982.4,20.9,153.9,36.6,42.8,10.27
Tomato,Red,Drip,8.05,851.0,27.2,141.8,37.5,61.3,120.96
Soybean,Loamy,Flood,22.36,957.4,33.5,120.4,60.4,54.5,10.43
Maize,Clayey,Flood,19.33,252.3,37.9,115.2,39.6,81.8,20.77
Sugarcane,Alluvial,Drip,23.24,713.8,37.3,194.2,79.7,40.6,532.32
Potato,Red,Rainfed,9.63,673.6,34.6,188.8,24.9,34.6,91.41
Tomato,Sandy,Flood,3.93,822.0,35.3,158.5,68.8,69.2,94.51
Tomato,Black,Flood,6.78,933.8,17.8,40.8,64.0,33.6,87.24
Potato,Sandy,Rainfed,1.74,1263.9,16.6,132.6,50.7,67.0,65.56
Soybean,Loamy,Sprinkler,14.98,236.6,16.8,171.6,45.2,28.9,11.68
Rice,Loamy,Rainfed,5.79,947.5,17.9,48.3,57.2,57.8,25.22
Cotton,Black,Rainfed,18.01,249.3,24.8,109.4,72.1,37.6,10.38
Wheat,Loamy,Sprinkler,20.98,1035.2,25.0,67.7,31.0,37.5,20.71
Potato,Loamy,Drip,16.14,820.0,30.5,109.7,71.1,23.3,143.47
Wheat,Red,Drip,3.44,610.3,18.0,55.1,41.8,88.6,22.73
Sugarcane,Alluvial,Sprinkler,11.13,678.2,29.5,141.6,23.2,46.2,426.35
Wheat,Red,Sprinkler,12.78,847.3,31.0,138.5,86.1,86.1,20.7
Sugarcane,Clayey,Sprinkler,14.55,354.2,33.8,171.3,63.8,77.4,354.54
Potato,Black,Flood,5.3,283.2,18.2,42.9,26.6,67.8,115.12
Wheat,Black,Sprinkler,8.85,512.8,26.9,150.9,44.4,85.6,24.3
Potato,Clayey,Drip,20.19,538.4,19.9,160.1,76.5,89.3,137.24
Tomato,Sandy,Rainfed,21.53,714.8,32.5,160.7,27.2,83.2,78.43
Soybean,Clayey,Rainfed,10.05,557.2,18.2,48.6,87.1,79.3,8.52
Tomato,Clayey,Flood,12.58,299.9,18.0,136.4,58.8,34.9,107.32
Cotton,Alluvial,Flood,2.73,793.3,17.3,127.9,50.9,82.1,11.16
Sugarcane,Alluvial,Sprinkler,21.01,1240.2,34.4,108.2,35.6,47.8,349.77
Maize,Black,Sprinkler,2.49,301.8,37.7,99.9,45.9,76.9,24.95
Tomato,Red,Drip,9.76,1046.1,21.5,92.8,50.4,37.8,105.72
Wheat,Clayey,Sprinkler,1.88,342.6,18.6,143.9,72.2,60.8,22.05
Rice,Alluvial,Rainfed,13.45,723.6,33.6,196.5,58.9,42.6,27.42
Potato,Sandy,Drip,24.83,288.6,28.2,195.1,56.6,64.1,141.68
Cotton,Sandy,Sprinkler,9.91,1084.5,36.1,193.4,24.1,47.6,11.12
Potato,Clayey,Drip,7.3,425.7,26.2,96.5,60.9,25.4,138.4
Rice,Loamy,Rainfed,15.27,525.1,18.9,52.2,85.8,49.2,25.57
Cotton,Alluvial,Sprinkler,2.53,1252.0,28.1,66.4,48.8,74.4,9.87
Maize,Loamy,Sprinkler,9.83,1363.9,34.5,174.1,52.8,49.0,21.56
Rice,Loamy,Rainfed,2.35,1030.1,27.8,160.0,83.9,61.0,26.94
Maize,Alluvial,Drip,11.54,355.0,37.0,137.0,36.0,67.0,32.61
Potato,Black,Rainfed,7.08,226.6,27.0,116.2,78.2,41.5,99.72
Tomato,Loamy,Drip,16.16,1166.1,35.9,138.8,88.6,62.6,136.19
Wheat,Sandy,Flood,11.22,1285.0,23.7,122.2,74.9,47.8,16.52
Cotton,Loamy,Rainfed,11.75,1210.5,32.9,50.6,23.2,63.5,7.35
Wheat,Loamy,Sprinkler,16.02,488.2,17.7,60.6,29.0,30.6,23.33
Potato,Clayey,Rainfed,10.59,1249.2,27.3,195.7,62.1,35.7,68.47
Cotton,Loamy,Sprinkler,7.33,412.4,18.0,59.3,52.3,34.4,12.89
Cotton,Red,Drip,2.76,777.4,31.1,121.9,31.0,46.4,8.82
Rice,Black,Rainfed,20.25,1097.9,20.1,73.5,45.9,53.9,17.56
Potato,Black,Drip,2.03,377.3,18.9,149.9,79.1,72.5,176.51
Sugarcane,Loamy,Sprinkler,11.46,839.1,21.3,83.1,46.4,21.4,390.72
Wheat,Sandy,Rainfed,6.21,611.5,26.4,96.8,65.4,53.6,14.99
Sugarcane,Sandy,Sprinkler,14.16,903.8,28.4,100.6,43.6,83.0,342.18
Maize,Loamy,Sprinkler,15.34,484.7,18.2,64.5,37.2,31.2,27.27
Maize,Sandy,Sprinkler,20.24,266.8,34.5,48.3,21.3,68.8,22.39
Tomato,Sandy,Sprinkler,6.82,405.1,30.7,188.7,59.0,60.0,128.6
Maize,Loamy,Rainfed,5.52,1361.6,31.6,71.9,71.5,57.1,17.32
Soybean,Loamy,Sprinkler,4.28,777.4,27.7,48.3,43.6,29.4,10.7
Tomato,Black,Rainfed,5.44,1021.5,17.9,62.2,20.2,28.2,88.1
Maize,Sandy,Flood,23.27,1196.7,37.2,59.9,71.2,85.7,15.68
Sugarcane,Red,Flood,23.2,1065.9,17.1,165.0,78.0,72.5,361.95
Cotton,Loamy,Flood,16.8,827.7,23.9,180.4,47.5,77.2,12.75
Tomato,Sandy,Rainfed,11.84,561.7,32.4,120.4,36.3,83.0,96.6
Potato,Red,Flood,3.36,1327.8,29.8,93.6,29.7,75.6,66.52
Cotton,Alluvial,Rainfed,18.67,887.8,37.9,160.4,69.5,74.5,9.46
Wheat,Black,Drip,21.98,610.5,34.1,57.7,79.3,28.9,23.09
Potato,Loamy,Rainfed,4.17,475.1,31.9,155.2,64.9,68.6,112.61
Cotton,Clayey,Flood,24.0,611.0,21.0,107.8,40.2,63.0,10.82
Wheat,Loamy,Rainfed,12.89,933.7,16.4,179.5,85.2,59.6,18.68
Potato,Black,Drip,14.62,928.1,25.3,157.8,85.4,84.8,143.14
Tomato,Alluvial,Sprinkler,6.28,398.6,20.1,174.0,43.3,41.8,146.31
Tomato,Alluvial,Drip,8.71,1163.4,16.1,93.4,47.9,57.6,97.73
Maize,Sandy,Sprinkler,11.91,777.0,36.2,133.9,22.3,83.9,22.7
Sugarcane,Sandy,Drip,22.91,634.9,28.8,141.2,20.9,66.4,363.67
Tomato,Alluvial,Rainfed,11.75,868.8,34.9,125.6,32.9,41.0,82.83
Maize,Red,Rainfed,22.5,446.2,20.2,45.8,53.0,59.5,15.69
Wheat,Alluvial,Sprinkler,17.99,833.2,27.8,117.0,54.8,73.6,21.88
Tomato,Red,Rainfed,7.17,1276.9,27.6,168.1,88.5,78.8,67.98
Tomato,Loamy,Rainfed,1.16,466.4,21.1,147.5,21.4,27.3,101.95
Rice,Clayey,Flood,18.16,1166.4,37.8,136.5,76.5,87.4,25.43
Sugarcane,Loamy,Sprinkler,5.52,551.8,35.7,42.1,26.0,34.6,326.03
Wheat,Alluvial,Flood,15.81,603.0,34.2,98.1,22.4,78.1,25.08
Cotton,Sandy,Rainfed,14.03,723.4,22.5,191.8,73.5,29.8,8.92
Soybean,Alluvial,Sprinkler,1.05,522.4,27.9,141.4,38.1,29.8,13.21
Maize,Sandy,Rainfed,3.74,1280.7,31.2,149.3,77.6,57.1,14.52
Wheat,Alluvial,Drip,16.46,1195.7,20.5,41.8,29.6,83.0,20.5
Soybean,Red,Rainfed,6.64,959.7,26.9,131.7,78.7,48.3,6.77
Wheat,Clayey,Sprinkler,18.58,299.4,29.3,79.3,47.3,40.2,21.73
Potato,Clayey,Drip,18.18,932.5,36.9,103.5,86.8,29.5,101.18
Tomato,Clayey,Flood,15.08,261.7,26.9,135.5,43.4,74.0,107.58
Cotton,Alluvial,Drip,9.11,695.4,31.5,135.7,52.2,25.3,13.46
Maize,Red,Drip,3.85,1340.3,25.8,69.6,57.9,81.1,17.85
Potato,Loamy,Drip,16.64,1030.7,34.7,79.9,54.3,35.5,128.21
Soybean,Loamy,Flood,7.79,1309.3,37.4,191.1,53.2,80.3,9.56
Tomato,Red,Sprinkler,13.3,973.5,30.3,98.4,59.2,53.7,94.43
Wheat,Clayey,Flood,8.22,847.4,33.4,91.0,63.8,82.0,19.42
Wheat,Clayey,Sprinkler,10.73,754.3,37.8,40.0,33.0,46.9,21.26
Sugarcane,Alluvial,Sprinkler,2.75,603.6,27.5,157.2,20.2,52.7,400.63
Potato,Sandy,Sprinkler,7.76,480.3,16.9,42.9,89.1,49.9,136.56
Sugarcane,Red,Sprinkler,20.05,510.8,28.9,197.2,81.9,62.1,360.09
Soybean,Loamy,Sprinkler,4.59,1389.4,21.1,190.8,65.5,62.5,8.64
Wheat,Alluvial,Sprinkler,1.4,1348.7,34.2,168.1,64.1,35.1,18.99
Rice,Red,Rainfed,24.88,408.7,24.7,161.3,68.7,30.8,18.17
Potato,Loamy,Flood,1.35,1273.9,34.9,113.2,47.4,39.1,104.34
Cotton,Alluvial,Flood,23.91,1234.6,33.8,144.8,58.6,26.1,7.71
Potato,Red,Drip,1.7,839.1,37.2,57.5,82.6,89.4,111.54
Wheat,Loamy,Rainfed,13.14,1287.8,28.6,145.9,58.1,80.5,15.2
Potato,Clayey,Drip,4.35,392.5,23.3,78.2,85.1,27.4,149.4
Maize,Sandy,Rainfed,4.39,1257.0,35.2,44.7,77.8,29.0,14.71
Tomato,Black,Rainfed,14.13,1108.0,21.7,70.9,25.9,42.9,64.06
Rice,Alluvial,Rainfed,6.87,960.8,27.9,164.8,27.5,73.3,25.84
Tomato,Clayey,Rainfed,4.9,1104.4,33.4,67.8,74.0,86.3,70.11
Potato,Alluvial,Rainfed,2.15,898.6,23.6,139.3,23.2,81.0,94.65
Cotton,Clayey,Flood,2.11,1185.8,24.2,171.0,37.7,20.1,8.46
Wheat,Sandy,Sprinkler,24.93,711.4,25.9,66.2,75.6,68.6,21.24
Maize,Red,Drip,24.1,237.6,32.1,185.5,80.0,87.5,30.42
Maize,Alluvial,Drip,24.61,691.2,35.7,76.8,34.9,22.2,24.42
Tomato,Clayey,Rainfed,13.81,391.1,20.5,54.6,30.8,51.8,93.86
Wheat,Clayey,Flood,15.84,357.5,16.7,187.3,63.2,75.8,20.65
Rice,Sandy,Rainfed,6.56,870.1,21.0,65.7,65.6,42.8,20.2
Wheat,Red,Rainfed,11.65,213.9,17.6,102.8,53.6,62.0,17.04
Rice,Clayey,Sprinkler,22.74,1069.1,32.5,63.3,27.2,60.0,21.13
Tomato,Sandy,Sprinkler,5.65,615.2,33.1,190.6,25.1,57.4,113.43
Tomato,Black,Sprinkler,14.4,1027.4,33.6,72.0,31.7,27.3,100.49
Maize,Loamy,Flood,22.46,913.7,29.6,138.1,40.9,85.5,23.85
Sugarcane,Sandy,Flood,20.46,296.1,35.7,127.6,77.2,51.7,307.85
Maize,Alluvial,Rainfed,18.42,298.0,17.3,79.5,31.2,81.0,19.12
Tomato,Loamy,Flood,1.57,394.0,16.5,144.5,43.3,58.0,129.91
Maize,Red,Rainfed,5.39,1016.3,17.6,44.9,38.0,52.4,14.41
Cotton,Clayey,Drip,8.98,645.2,37.7,46.4,80.7,60.5,12.41
Sugarcane,Black,Drip,10.19,927.4,29.1,166.9,65.9,89.4,466.48
Maize,Loamy,Sprinkler,15.97,1079.7,18.9,154.5,83.6,32.6,20.9
Sugarcane,Sandy,Sprinkler,13.06,695.6,17.5,109.9,26.8,48.4,373.43
Sugarcane,Black,Flood,4.51,669.3,37.3,81.3,66.0,42.8,397.76
Potato,Clayey,Rainfed,10.22,484.4,21.2,181.4,50.9,43.2,120.71
Rice,Alluvial,Drip,6.59,940.6,31.5,66.7,31.7,22.6,29.41
Cotton,Loamy,Rainfed,12.13,1213.0,33.7,133.7,80.8,34.4,7.6
Wheat,Alluvial,Flood,6.16,262.0,30.1,76.0,32.6,26.2,19.87
Rice,Alluvial,Flood,1.52,378.0,37.7,194.4,20.3,86.6,29.46
Tomato,Red,Sprinkler,8.9,838.7,18.8,61.2,30.0,85.8,98.83
Sugarcane,Black,Drip,2.8,1007.1,25.8,178.9,32.4,68.5,443.99
Rice,Black,Rainfed,21.68,1122.2,18.5,167.3,84.3,62.0,26.69
Tomato,Sandy,Drip,16.84,892.6,23.7,65.5,62.3,42.3,100.36
Tomato,Alluvial,Flood,22.02,685.0,23.2,146.8,76.5,73.4,132.18
Rice,Red,Drip,20.54,344.3,28.0,40.9,42.7,45.7,25.61
Sugarcane,Loamy,Drip,15.11,854.8,25.8,42.3,61.1,31.8,424.26
Soybean,Black,Sprinkler,11.86,655.7,35.0,123.1,53.5,21.8,10.0
Wheat,Loamy,Flood,13.57,929.5,32.8,170.1,70.3,86.9,19.61
Cotton,Loamy,Flood,11.06,1276.1,17.6,192.7,65.8,46.6,10.06
Maize,Black,Sprinkler,12.4,508.1,22.3,89.2,76.2,57.7,24.93
Potato,Black,Rainfed,18.08,679.9,37.5,171.7,56.6,28.6,108.2
Tomato,Alluvial,Sprinkler,5.04,1301.3,25.3,53.9,77.1,46.1,97.49
Cotton,Black,Flood,23.81,921.9,34.0,181.5,36.0,34.8,9.13
Cotton,Black,Rainfed,19.36,868.0,21.6,88.3,71.2,79.6,10.56
Tomato,Black,Drip,2.84,948.6,25.9,133.9,31.8,71.6,115.16
Rice,Sandy,Rainfed,8.15,476.3,20.5,142.1,38.0,64.2,20.18
Rice,Sandy,Drip,24.7,363.7,31.3,104.7,50.0,70.2,26.36
Tomato,Loamy,Sprinkler,6.99,974.3,29.1,104.2,45.7,44.0,119.7
Tomato,Clayey,Drip,13.22,281.1,33.6,77.4,57.8,81.6,125.19
Cotton,Black,Flood,5.16,262.8,24.3,98.1,89.7,51.2,14.1
Sugarcane,Sandy,Rainfed,2.67,1354.0,30.0,160.8,31.9,48.7,254.01
Sugarcane,Alluvial,Rainfed,16.79,1154.5,36.4,77.5,48.0,30.7,274.4
Cotton,Clayey,Rainfed,19.33,492.4,30.8,54.9,38.0,75.2,8.99
Sugarcane,Sandy,Rainfed,17.86,243.4,22.7,82.1,45.2,26.1,230.74
Maize,Alluvial,Drip,12.99,1190.3,22.2,190.8,81.1,31.3,25.07
Sugarcane,Loamy,Rainfed,5.61,1316.7,18.6,170.8,46.6,81.5,318.57
Soybean,Sandy,Sprinkler,3.96,454.4,34.0,91.6,21.6,30.8,10.64
Wheat,Alluvial,Drip,21.62,1307.3,26.7,137.0,73.5,32.2,20.43
Maize,Red,Drip,20.72,999.6,18.7,116.5,55.4,36.3,21.44
Tomato,Sandy,Rainfed,11.27,326.8,30.1,74.6,63.4,65.5,80.56
Maize,Red,Drip,19.63,751.8,17.3,199.2,24.0,68.7,24.55
Potato,Clayey,Drip,12.98,1396.0,33.9,138.4,41.4,63.7,98.94
Sugarcane,Sandy,Flood,18.25,1150.5,24.9,144.7,44.8,56.8,296.4
Cotton,Sandy,Drip,0.77,699.4,26.6,43.1,38.2,73.2,10.93
Wheat,Loamy,Drip,8.43,1201.2,29.8,71.8,24.5,23.0,15.59
Maize,Loamy,Rainfed,7.02,379.1,18.8,178.3,37.0,65.6,22.22
Maize,Alluvial,Drip,10.16,751.3,33.3,182.7,86.9,75.1,33.59
Sugarcane,Loamy,Drip,21.1,246.1,35.8,113.8,64.6,66.2,370.96
Maize,Sandy,Rainfed,6.06,1267.3,25.9,181.2,27.4,89.2,13.61
Potato,Alluvial,Flood,18.05,286.5,17.6,41.9,87.0,71.6,133.09
Wheat,Sandy,Rainfed,9.07,1129.6,30.6,69.6,32.2,26.9,13.12
Potato,Black,Sprinkler,2.52,817.6,35.8,165.2,35.9,88.3,136.11
Tomato,Black,Flood,3.47,938.0,33.0,143.0,57.1,22.9,112.48
Tomato,Clayey,Sprinkler,3.64,605.9,36.4,75.9,46.1,50.2,119.74
Sugarcane,Black,Drip,4.51,528.5,36.4,148.2,54.7,20.9,423.47
Sugarcane,Alluvial,Flood,6.68,1106.1,26.1,174.7,71.0,74.4,403.11
Sugarcane,Red,Rainfed,13.85,1381.6,36.6,46.9,31.5,29.2,214.28
Tomato,Red,Flood,21.1,1079.4,27.9,134.5,55.6,40.8,90.32
Maize,Loamy,Sprinkler,21.9,963.5,32.7,65.6,52.3,20.7,22.73
Rice,Clayey,Rainfed,5.25,1255.8,30.5,89.7,72.0,77.1,16.54
Maize,Red,Sprinkler,9.21,1140.6,28.2,40.8,73.3,22.5,15.39
Wheat,Loamy,Drip,17.12,1107.5,34.5,115.3,55.1,28.7,21.35
Tomato,Loamy,Rainfed,18.19,1263.4,29.0,102.6,48.9,68.7,85.1
Sugarcane,Alluvial,Flood,21.92,812.1,31.9,56.7,35.8,69.2,386.91
Potato,Sandy,Rainfed,17.07,1166.0,21.9,172.0,54.9,25.4,73.12
Soybean,Black,Sprinkler,5.64,1190.2,27.4,99.8,28.6,71.5,7.98
Rice,Black,Flood,5.9,917.9,32.2,199.7,85.3,65.0,35.14
Potato,Red,Flood,10.54,1207.8,24.4,131.5,61.1,32.9,78.35
Cotton,Black,Sprinkler,4.55,1040.3,28.9,133.8,68.8,85.1,10.41
Cotton,Loamy,Rainfed,5.06,1163.2,26.1,117.3,29.3,25.6,7.97
Tomato,Black,Flood,11.2,1075.4,32.8,65.4,62.7,29.5,94.65
Sugarcane,Loamy,Sprinkler,7.43,253.5,16.8,84.1,39.3,75.1,358.83
Wheat,Sandy,Flood,11.52,1132.1,17.4,118.0,22.4,24.4,10.59
Tomato,Sandy,Flood,6.3,1078.9,28.1,60.5,81.7,47.5,89.58
Wheat,Clayey,Rainfed,6.87,1077.0,37.6,81.0,65.8,33.9,10.34
Rice,Loamy,Rainfed,24.2,419.6,16.5,155.2,49.3,26.2,26.24
Soybean,Alluvial,Drip,24.52,472.9,24.9,126.8,75.4,58.4,13.51
Wheat,Alluvial,Sprinkler,4.56,1334.8,34.7,147.0,52.4,48.8,19.34
Cotton,Sandy,Rainfed,2.03,815.0,33.7,113.5,23.6,75.0,7.22
Sugarcane,Black,Flood,19.08,1104.9,16.4,60.2,66.2,31.3,317.98
Soybean,Red,Drip,11.56,1382.0,33.0,44.3,24.6,52.5,7.62
Sugarcane,Red,Sprinkler,9.61,742.0,24.7,54.9,50.9,33.7,354.99
Sugarcane,Black,Rainfed,7.53,1151.4,28.7,141.5,75.9,47.7,296.44
Wheat,Clayey,Rainfed,14.17,399.2,29.5,98.1,82.8,31.8,18.05
Soybean,Alluvial,Rainfed,5.45,421.1,35.7,144.7,30.6,50.8,9.36
Potato,Alluvial,Rainfed,18.62,583.6,37.7,117.7,28.6,70.8,113.19
Wheat,Clayey,Rainfed,22.11,713.0,19.6,42.0,59.2,56.9,15.3
Soybean,Sandy,Drip,24.35,604.2,22.5,186.9,27.8,73.2,12.21
Rice,Red,Sprinkler,20.63,751.1,23.9,119.1,78.0,43.5,29.02
Potato,Black,Sprinkler,18.12,704.1,35.9,158.3,33.4,63.0,126.16
Tomato,Sandy,Drip,21.12,765.5,37.5,141.5,28.8,67.3,124.46
Sugarcane,Sandy,Drip,16.55,1390.1,17.6,52.3,43.8,80.6,285.08
Tomato,Sandy,Flood,5.71,239.8,22.7,144.5,85.7,81.0,119.4
Cotton,Black,Flood,22.73,1004.9,28.3,57.8,51.3,52.2,9.93
Sugarcane,Loamy,Rainfed,3.66,695.3,33.7,116.7,21.3,49.5,326.28
Soybean,Red,Flood,18.97,1165.9,16.4,194.0,70.9,41.3,7.54
Tomato,Alluvial,Rainfed,16.06,739.8,20.8,59.2,24.8,38.4,87.84
Sugarcane,Alluvial,Sprinkler,15.16,556.7,22.6,158.9,23.4,83.2,407.38
Potato,Black,Drip,8.59,608.5,37.8,140.2,57.2,78.7,151.0
Maize,Sandy,Sprinkler,14.55,990.6,21.6,75.2,54.2,71.6,16.46
Rice,Loamy,Drip,16.9,1195.1,35.3,131.5,56.2,50.1,29.57
Tomato,Alluvial,Flood,22.37,732.1,29.4,141.0,61.4,69.2,111.56
Sugarcane,Clayey,Rainfed,6.24,1144.1,37.4,82.0,39.0,53.1,257.51
Wheat,Alluvial,Drip,12.08,254.8,19.1,84.3,88.0,43.2,25.72
Rice,Red,Rainfed,12.01,737.0,26.4,134.5,57.6,79.8,21.46
Tomato,Loamy,Drip,14.52,815.2,22.5,189.1,47.8,26.1,142.21
Rice,Alluvial,Rainfed,13.52,1255.8,28.6,44.7,67.3,23.1,20.62
Cotton,Alluvial,Rainfed,10.83,693.2,36.0,154.2,62.6,41.7,10.2
Cotton,Black,Flood,23.87,1065.7,35.0,40.3,70.2,78.1,10.08
Rice,Clayey,Sprinkler,2.76,915.6,28.1,184.1,48.3,42.5,25.83
Rice,Black,Flood,16.33,975.7,35.5,135.8,55.2,29.7,28.23
Cotton,Black,Drip,2.13,840.8,19.1,41.9,49.5,40.7,10.12
Rice,Loamy,Flood,1.57,347.6,28.3,94.9,71.0,65.7,26.78
Wheat,Clayey,Flood,2.4,851.0,35.0,134.4,35.8,46.9,18.71
Maize,Clayey,Rainfed,22.96,717.2,23.0,133.2,46.0,62.1,19.36
Tomato,Black,Rainfed,4.56,974.9,17.0,161.9,86.3,43.8,96.15
Wheat,Clayey,Sprinkler,16.1,608.7,17.6,105.5,41.8,67.4,17.91
Sugarcane,Clayey,Sprinkler,11.62,1025.9,19.1,117.7,21.9,55.4,354.4
Maize,Loamy,Rainfed,2.93,450.6,36.4,106.3,47.7,41.9,22.21
Wheat,Loamy,Sprinkler,3.35,1347.1,22.9,182.1,62.2,77.9,18.04
Rice,Loamy,Drip,15.37,381.9,16.7,195.3,74.1,88.6,38.74
Cotton,Sandy,Drip,20.92,728.5,22.7,81.5,33.6,24.0,8.88
Soybean,Clayey,Drip,24.18,869.3,23.6,132.9,29.7,51.1,9.72
Maize,Loamy,Drip,18.5,560.6,23.2,166.8,52.3,71.2,36.43
Potato,Clayey,Drip,12.15,851.6,21.0,194.2,83.7,70.6,143.32
Cotton,Sandy,Flood,13.96,269.3,31.0,114.7,22.4,87.9,10.65
Maize,Red,Sprinkler,24.53,780.1,35.0,134.2,46.3,40.0,22.63
Tomato,Red,Flood,23.01,634.7,32.0,183.1,51.9,51.0,106.98
Tomato,Clayey,Flood,23.92,440.6,18.4,176.6,50.7,79.3,121.97
Cotton,Sandy,Drip,23.2,222.9,26.5,150.0,70.6,68.5,13.75
Wheat,Sandy,Drip,9.29,1165.3,22.1,73.7,87.0,20.6,15.8
Tomato,Red,Drip,8.87,959.5,17.5,40.9,85.6,77.5,109.49
Rice,Alluvial,Rainfed,17.65,325.3,24.8,155.7,39.6,68.1,25.34
Cotton,Loamy,Rainfed,2.27,1346.1,27.5,87.9,25.4,55.0,8.03
Wheat,Clayey,Rainfed,12.22,374.2,31.6,146.7,34.8,80.4,14.8
Potato,Sandy,Flood,22.7,585.8,26.5,76.2,64.8,88.5,111.96
Cotton,Red,Drip,10.69,1111.5,20.1,155.2,80.7,51.8,10.53
Sugarcane,Black,Sprinkler,11.85,481.6,22.7,86.4,59.4,28.4,371.19
Maize,Black,Rainfed,12.67,541.1,18.9,140.7,23.8,72.4,20.01
Potato,Sandy,Sprinkler,22.45,899.9,26.3,94.5,85.8,25.8,105.6
Sugarcane,Red,Drip,9.33,524.5,34.5,90.1,75.2,82.4,394.18
Potato,Clayey,Flood,2.69,1024.4,26.9,102.0,64.3,69.3,95.58
Wheat,Loamy,Drip,21.95,419.4,22.1,60.7,67.3,86.1,27.48
Maize,Clayey,Drip,1.68,632.1,37.0,120.1,50.3,52.0,22.56
Wheat,Sandy,Flood,9.56,262.8,32.9,106.6,77.6,79.5,21.17
Maize,Sandy,Rainfed,16.37,1155.5,32.6,45.8,47.6,85.2,11.57
Sugarcane,Black,Flood,8.23,973.8,24.7,154.1,33.9,82.3,374.79
Rice,Alluvial,Sprinkler,19.66,852.6,18.2,150.1,36.9,83.8,31.0
Wheat,Sandy,Drip,3.55,696.4,26.8,104.7,57.2,61.7,21.71
Sugarcane,Black,Rainfed,10.24,1114.8,26.0,82.8,35.4,29.2,261.23
Sugarcane,Red,Sprinkler,0.92,1124.2,33.8,59.2,38.6,21.2,312.1
Wheat,Clayey,Drip,9.61,201.6,22.6,143.4,88.2,79.3,22.55
Rice,Red,Rainfed,19.69,1136.5,26.1,103.7,41.2,24.6,16.55
Sugarcane,Loamy,Flood,1.96,1006.0,28.8,198.4,36.7,57.2,401.75
Sugarcane,Black,Flood,24.09,290.7,24.0,76.1,33.7,29.9,312.9
Cotton,Red,Flood,24.55,832.7,35.9,66.2,65.0,76.7,10.11
Tomato,Clayey,Sprinkler,7.62,764.0,35.6,153.2,24.4,30.3,94.92
Wheat,Sandy,Flood,19.15,625.1,36.9,194.0,63.5,85.0,21.52
Soybean,Black,Sprinkler,13.89,719.4,17.0,66.5,51.2,34.6,9.79
Soybean,Alluvial,Rainfed,16.1,797.9,24.9,192.5,56.6,35.3,9.67
Cotton,Alluvial,Sprinkler,15.04,287.7,29.7,197.0,33.3,75.5,14.19
Wheat,Black,Flood,10.12,1225.1,33.0,89.6,36.2,52.1,16.36
Rice,Red,Rainfed,14.34,1126.0,27.0,41.9,20.6,45.0,14.51
Sugarcane,Black,Flood,18.36,314.5,25.4,44.7,53.7,66.4,314.64
Wheat,Clayey,Drip,4.27,1388.1,37.0,119.1,55.9,53.7,15.85
Soybean,Red,Flood,23.8,892.5,23.9,166.0,37.6,59.5,9.12
Maize,Black,Rainfed,21.26,1282.7,35.3,195.9,21.9,78.8,14.84
Rice,Alluvial,Sprinkler,21.74,539.0,36.9,133.1,50.6,60.6,31.35
Maize,Clayey,Sprinkler,21.07,372.6,25.5,184.6,79.2,48.1,27.47
Sugarcane,Black,Rainfed,5.51,506.4,22.5,135.0,22.3,64.5,296.78
Maize,Clayey,Sprinkler,23.55,808.3,25.0,169.7,78.5,43.3,24.59
Wheat,Clayey,Flood,13.13,756.0,17.0,86.4,85.2,47.4,19.55
Cotton,Sandy,Drip,0.5,699.9,27.5,48.7,88.1,35.8,10.24
Maize,Red,Sprinkler,18.37,1360.2,20.9,146.1,71.9,79.4,17.07
Tomato,Black,Sprinkler,22.45,1181.6,21.6,83.4,28.8,43.6,92.58
Soybean,Loamy,Rainfed,16.69,294.1,28.0,153.5,31.7,74.6,9.15
Rice,Alluvial,Flood,15.9,778.2,24.0,191.9,64.3,29.1,35.57
Tomato,Alluvial,Flood,9.55,1319.5,34.2,151.6,70.0,52.3,101.03
Rice,Black,Flood,21.34,613.5,16.7,48.3,30.0,34.9,22.62
Rice,Alluvial,Rainfed,16.94,722.4,28.1,89.9,53.8,55.5,25.11
Potato,Clayey,Sprinkler,0.89,1138.6,18.7,167.6,63.1,79.0,103.27
Cotton,Red,Sprinkler,13.89,1360.4,17.1,120.8,70.3,80.4,7.92
Cotton,Sandy,Flood,23.84,472.1,35.3,169.4,67.4,63.8,13.17
Rice,Loamy,Rainfed,6.64,949.8,28.6,173.3,83.4,20.9,24.52
Potato,Clayey,Drip,13.95,545.2,22.7,96.5,63.5,43.4,129.53
Soybean,Red,Drip,7.5,719.3,31.1,93.2,24.0,46.2,11.29
Sugarcane,Alluvial,Drip,19.73,1080.2,18.6,165.0,75.0,62.1,468.08
Wheat,Alluvial,Sprinkler,24.28,336.0,24.9,158.1,69.3,49.6,25.59
Maize,Alluvial,Rainfed,2.31,926.6,27.4,158.4,64.1,58.5,18.31
Tomato,Red,Drip,23.18,282.0,25.5,151.3,52.1,26.4,126.45
Wheat,Sandy,Drip,0.87,1358.0,21.5,148.2,69.5,62.7,16.14
Sugarcane,Black,Drip,4.77,340.5,25.9,138.0,34.9,85.7,373.36
Cotton,Red,Rainfed,14.9,1041.4,31.0,105.3,21.1,60.8,6.53
Rice,Black,Rainfed,18.28,940.7,32.3,74.3,66.5,54.9,19.4
Maize,Sandy,Sprinkler,2.77,1098.1,36.1,109.4,38.1,50.4,20.81
Rice,Alluvial,Sprinkler,17.67,444.8,30.4,170.9,23.5,83.8,32.01
Potato,Alluvial,Drip,0.89,292.6,36.0,96.8,49.7,35.1,162.93
Soybean,Black,Sprinkler,20.22,1187.6,36.5,127.1,34.0,63.2,9.88
Rice,Red,Sprinkler,7.64,1124.9,25.4,73.0,76.0,43.4,22.98
Wheat,Red,Flood,17.78,713.1,25.7,143.9,85.5,24.5,21.49
Wheat,Sandy,Rainfed,11.38,226.3,22.6,120.4,23.9,54.4,14.43
Wheat,Alluvial,Drip,23.14,334.3,27.4,165.8,86.0,72.3,31.96
Maize,Loamy,Flood,17.29,332.5,22.4,89.6,37.5,56.1,22.08
Tomato,Black,Rainfed,21.88,1193.7,20.8,169.5,75.0,64.3,83.14
Rice,Black,Sprinkler,23.56,1251.6,18.3,102.8,58.7,55.2,25.96
Wheat,Alluvial,Rainfed,21.54,1098.0,25.7,137.7,31.2,67.2,14.58
Cotton,Sandy,Rainfed,6.13,341.1,19.6,40.3,70.3,71.3,7.39
Rice,Sandy,Drip,10.65,1078.9,35.4,59.4,64.4,60.8,26.38
Wheat,Alluvial,Sprinkler,15.39,494.4,17.3,102.6,36.4,35.4,24.25
Cotton,Alluvial,Flood,18.97,1245.8,30.9,105.9,72.8,34.3,9.78
Wheat,Red,Drip,21.83,957.7,27.7,58.5,62.4,28.2,16.49
Wheat,Alluvial,Flood,3.3,1117.8,30.9,163.7,86.6,74.4,19.28
Soybean,Alluvial,Flood,2.19,769.1,28.3,140.5,68.2,37.7,11.99
Rice,Sandy,Rainfed,5.48,352.9,22.3,125.1,55.7,77.4,18.8
Rice,Loamy,Flood,11.92,290.8,24.5,168.6,83.1,34.2,28.1
Sugarcane,Clayey,Rainfed,16.38,288.9,24.3,168.6,50.3,89.8,219.45
Maize,Black,Drip,11.44,284.0,32.0,137.3,69.5,46.2,28.51
Tomato,Red,Rainfed,0.7,461.2,30.6,117.4,20.4,76.3,90.92
Cotton,Alluvial,Rainfed,19.28,900.5,33.2,160.3,76.2,56.3,10.07
Potato,Clayey,Drip,9.97,995.0,23.6,102.5,31.1,38.1,98.4
Tomato,Red,Drip,16.53,1267.0,28.7,141.2,31.0,53.2,84.65
Potato,Red,Drip,6.42,457.9,25.3,185.3,55.5,33.2,156.36
Rice,Black,Sprinkler,3.77,732.6,25.9,193.4,50.2,58.5,36.42
Maize,Sandy,Drip,8.45,523.4,20.2,151.1,35.3,61.7,27.97
Soybean,Black,Flood,19.53,1186.0,26.2,197.3,75.1,74.2,8.69
Potato,Alluvial,Drip,6.86,240.4,35.3,78.9,59.0,22.7,147.64
Wheat,Sandy,Drip,22.5,1265.7,23.2,184.2,89.7,77.8,18.36
Soybean,Loamy,Rainfed,24.2,1192.0,35.9,189.4,76.1,67.2,8.39
Maize,Loamy,Flood,6.42,248.4,25.0,60.8,21.6,45.2,23.69
Tomato,Clayey,Rainfed,8.15,218.9,16.4,186.7,69.4,41.6,101.72
Tomato,Red,Sprinkler,14.3,949.5,35.0,133.9,60.7,89.3,99.23
Wheat,Loamy,Flood,14.68,883.4,35.1,100.7,46.0,63.3,22.41
Tomato,Red,Drip,24.89,1377.3,30.3,168.7,70.1,61.5,98.64
Wheat,Red,Flood,21.66,332.1,36.4,141.1,23.8,65.1,18.98
Rice,Alluvial,Sprinkler,7.24,387.4,30.0,135.9,32.6,69.4,31.29
Cotton,Sandy,Sprinkler,1.98,1022.5,16.5,67.4,51.8,51.8,8.25
Sugarcane,Sandy,Sprinkler,13.63,786.2,24.8,64.6,60.1,39.4,359.1
Potato,Clayey,Rainfed,15.06,1043.2,17.5,76.9,84.1,63.1,84.07
Tomato,Sandy,Sprinkler,15.12,801.9,37.5,149.4,46.3,76.0,103.42
Rice,Alluvial,Rainfed,23.55,1131.1,18.8,95.6,50.5,47.7,20.47
Rice,Black,Sprinkler,8.0,862.3,33.4,106.6,31.8,53.2,29.01
Sugarcane,Red,Drip,19.1,1361.3,25.7,84.5,75.9,42.8,305.49
Potato,Loamy,Sprinkler,1.0,1191.9,24.0,96.6,41.2,88.3,114.13
Soybean,Loamy,Rainfed,14.73,806.6,19.2,139.8,39.2,54.1,9.9
Rice,Alluvial,Flood,24.61,674.8,31.7,85.1,45.5,33.4,29.11
Sugarcane,Alluvial,Flood,5.38,254.0,18.8,130.0,73.6,85.8,321.85
Wheat,Red,Drip,12.49,1090.0,26.8,117.3,78.7,45.3,17.91
Tomato,Clayey,Flood,19.18,351.2,20.3,192.2,32.3,59.7,123.35
Rice,Clayey,Sprinkler,21.81,683.3,37.3,189.2,71.9,39.6,29.2
Maize,Loamy,Sprinkler,20.73,542.8,36.4,195.2,60.0,30.0,29.63
Soybean,Red,Sprinkler,9.5,304.4,28.2,175.2,75.7,32.3,10.12
Soybean,Loamy,Sprinkler,13.29,906.7,32.5,139.8,62.0,23.7,11.14
Sugarcane,Loamy,Drip,4.23,750.0,23.7,55.0,54.0,84.5,454.47
Maize,Loamy,Flood,0.66,1127.0,31.5,138.4,73.2,55.9,20.15
Soybean,Loamy,Rainfed,9.71,1049.7,26.5,147.9,73.4,23.2,6.88
Tomato,Alluvial,Rainfed,12.99,801.5,17.1,45.6,58.6,50.7,93.07
Soybean,Alluvial,Rainfed,1.11,738.8,21.2,47.9,70.7,27.8,7.07
Soybean,Clayey,Drip,15.46,439.8,17.2,131.0,65.6,34.8,12.72
Wheat,Loamy,Drip,14.36,1315.0,24.5,50.6,21.3,77.9,20.6
Maize,Red,Flood,7.67,598.6,22.5,46.6,64.6,61.8,21.57
Soybean,Red,Rainfed,8.28,1217.7,36.8,181.6,71.7,39.4,7.14
Soybean,Red,Sprinkler,7.31,370.7,22.9,175.9,26.2,89.4,12.47
Rice,Clayey,Rainfed,23.51,743.4,20.4,66.4,36.8,69.7,18.67
Cotton,Alluvial,Flood,12.79,496.0,26.4,145.9,72.6,72.8,12.82
Wheat,Red,Flood,7.71,337.8,36.7,165.5,52.4,80.5,22.73
Tomato,Black,Rainfed,19.06,554.1,22.6,57.1,50.8,71.1,88.27
Maize,Black,Drip,11.03,1197.1,18.6,157.6,57.2,40.2,18.89
Sugarcane,Sandy,Drip,4.53,339.9,28.0,184.4,44.1,71.3,362.9
Sugarcane,Red,Sprinkler,3.09,1247.6,27.5,152.0,48.8,59.2,335.69
Wheat,Loamy,Drip,11.87,342.5,37.6,74.4,24.7,61.6,24.19
Rice,Clayey,Flood,16.64,838.8,18.3,67.6,59.8,40.7,24.76
Tomato,Black,Flood,3.33,232.7,27.5,74.9,89.3,60.2,119.84
Rice,Black,Sprinkler,22.49,1094.2,17.7,183.3,75.6,31.1,29.41
Cotton,Alluvial,Sprinkler,11.93,778.6,34.5,75.4,46.7,76.6,11.29
Soybean,Loamy,Flood,19.65,530.9,20.5,42.7,67.5,25.4,12.39
Tomato,Loamy,Sprinkler,10.49,393.5,30.4,195.4,59.4,70.0,141.0
Cotton,Clayey,Flood,13.05,1128.3,17.0,150.9,65.4,36.2,8.99
Sugarcane,Loamy,Drip,9.65,506.4,18.3,96.8,48.9,67.3,429.15
Soybean,Loamy,Rainfed,5.82,545.6,28.2,44.7,83.5,30.9,9.23
Wheat,Red,Sprinkler,8.28,1362.4,21.8,90.1,78.6,23.5,12.7
Sugarcane,Red,Flood,16.07,955.8,24.9,160.4,57.2,67.4,385.78
Maize,Sandy,Drip,16.62,209.7,36.7,77.9,27.5,73.8,22.76
Soybean,Black,Sprinkler,6.61,857.0,22.0,184.3,35.1,81.9,11.94
Maize,Alluvial,Rainfed,24.16,674.2,32.0,95.3,67.0,76.4,21.59
Soybean,Alluvial,Rainfed,9.87,943.2,26.0,164.8,89.8,33.4,6.79
Maize,Alluvial,Drip,4.94,947.3,20.9,89.2,58.3,49.2,22.92
Sugarcane,Black,Drip,14.35,730.7,33.5,155.9,68.3,43.8,461.87
Wheat,Red,Flood,1.08,1201.9,37.4,61.7,36.2,80.8,12.53
Sugarcane,Alluvial,Sprinkler,23.21,456.4,25.2,41.5,80.1,71.2,357.76
Wheat,Clayey,Rainfed,10.24,1368.6,28.0,84.0,69.7,39.0,10.47
Tomato,Sandy,Flood,1.74,711.3,34.3,168.9,35.7,35.8,102.86
Cotton,Clayey,Drip,2.55,453.4,32.6,48.2,54.5,50.9,11.35
Maize,Clayey,Flood,13.48,393.6,28.6,168.9,73.2,30.8,23.74
Sugarcane,Black,Sprinkler,3.58,405.6,34.2,133.6,43.6,76.2,353.29
Maize,Sandy,Sprinkler,6.87,1263.3,35.7,87.6,36.1,48.8,17.8
Rice,Clayey,Drip,13.87,326.7,17.0,145.0,57.5,25.7,22.93
Sugarcane,Loamy,Rainfed,2.49,1391.1,19.4,198.1,88.4,75.6,317.71
Cotton,Red,Flood,11.96,943.3,25.0,108.4,43.1,59.5,10.87
Potato,Sandy,Flood,23.39,1026.9,34.1,129.0,74.6,21.1,88.12
Wheat,Black,Sprinkler,21.71,323.4,18.8,196.7,67.2,79.3,24.86
Sugarcane,Red,Sprinkler,22.29,1332.7,32.8,40.9,20.1,46.5,274.51
Rice,Loamy,Rainfed,18.8,462.5,17.3,61.0,62.4,79.5,21.7
Maize,Red,Drip,24.92,420.1,29.1,105.8,28.8,21.9,27.09
Potato,Clayey,Flood,15.97,711.7,28.1,67.9,40.7,66.5,109.22
Soybean,Black,Drip,20.25,910.4,19.6,43.9,45.4,58.3,10.38
Soybean,Sandy,Rainfed,24.79,1072.2,33.3,199.1,62.4,41.6,7.21
Cotton,Clayey,Rainfed,23.68,555.0,16.0,83.5,35.3,66.3,9.83
Tomato,Sandy,Sprinkler,17.27,1283.2,34.4,60.4,28.8,76.9,91.44
Rice,Alluvial,Sprinkler,23.0,979.7,18.3,104.3,71.0,74.6,29.74
Maize,Sandy,Sprinkler,2.76,1178.3,35.7,171.8,82.9,58.7,21.52
Tomato,Alluvial,Flood,9.81,928.6,24.6,78.4,26.6,42.0,99.69
Cotton,Sandy,Sprinkler,2.11,1269.6,26.2,91.2,53.4,42.3,8.38
Wheat,Loamy,Rainfed,17.21,578.3,18.9,141.2,29.0,60.5,20.85
Rice,Clayey,Flood,12.75,1076.3,29.6,69.9,21.8,39.9,23.38
Sugarcane,Loamy,Drip,21.32,435.5,18.8,194.2,27.6,53.5,454.04
Sugarcane,Red,Rainfed,3.08,902.7,28.0,77.4,64.6,77.4,321.19
Soybean,Black,Flood,7.16,679.0,29.2,144.5,30.8,88.4,10.03
Tomato,Red,Flood,11.92,427.9,31.4,129.0,45.1,83.8,117.84
Soybean,Loamy,Rainfed,23.14,1370.2,34.3,88.5,87.7,64.0,7.38
Wheat,Red,Rainfed,23.4,501.1,18.6,133.5,87.9,46.4,18.42
Soybean,Loamy,Flood,2.38,399.3,17.3,119.9,27.4,28.0,11.67
Soybean,Black,Flood,16.66,730.4,30.3,49.8,77.0,85.8,10.23
Soybean,Alluvial,Sprinkler,5.34,416.6,21.8,124.0,27.8,80.8,12.12
Sugarcane,Black,Rainfed,18.49,450.6,17.3,128.4,61.7,81.0,288.43
Maize,Loamy,Rainfed,20.17,848.3,17.7,130.5,83.6,47.7,18.86
Tomato,Red,Flood,9.6,937.3,27.5,91.1,52.9,55.2,86.66
Soybean,Sandy,Sprinkler,12.18,956.1,34.2,165.4,39.4,85.9,9.67
Tomato,Sandy,Drip,0.76,1274.1,19.3,165.7,63.3,43.9,78.33
Soybean,Loamy,Rainfed,20.45,536.4,18.9,110.4,65.1,46.7,9.85
Maize,Black,Rainfed,18.93,1286.6,34.4,71.5,50.9,34.0,13.22
Sugarcane,Alluvial,Sprinkler,20.09,865.6,34.2,141.0,74.9,61.9,467.33
Soybean,Clayey,Rainfed,5.9,950.8,28.6,69.6,24.2,62.3,6.3
Wheat,Loamy,Rainfed,21.01,851.6,24.2,140.1,20.9,30.0,14.98
Maize,Sandy,Rainfed,10.25,814.0,26.6,101.2,78.7,30.2,17.85
Sugarcane,Red,Drip,1.13,863.9,27.4,199.1,34.1,38.1,432.5
Soybean,Alluvial,Drip,11.55,596.5,29.0,112.7,51.6,85.6,14.07
Rice,Alluvial,Rainfed,3.52,822.3,21.4,97.3,89.3,67.9,28.14
Wheat,Red,Rainfed,4.66,266.5,23.3,162.6,49.0,65.7,13.53
Sugarcane,Alluvial,Rainfed,4.84,318.1,37.0,135.9,71.0,42.1,266.79
Rice,Clayey,Sprinkler,15.63,449.3,28.9,58.0,43.2,74.7,21.9
Cotton,Black,Flood,9.07,1138.9,37.8,78.5,81.2,78.1,8.85
Maize,Red,Flood,15.5,220.0,20.3,169.7,39.1,71.2,20.54
Rice,Red,Rainfed,20.2,1239.7,17.3,150.7,29.8,49.1,14.07
Tomato,Clayey,Sprinkler,1.95,959.4,32.9,199.1,20.8,71.1,109.12
Soybean,Loamy,Sprinkler,22.72,1389.8,20.6,96.9,66.8,53.9,7.55
Maize,Black,Flood,6.47,987.1,20.4,90.4,35.7,24.8,17.52
Tomato,Red,Sprinkler,12.09,252.0,31.4,92.9,72.1,48.9,110.31
Cotton,Loamy,Drip,3.76,513.6,25.2,135.9,56.0,40.2,13.76
Wheat,Alluvial,Sprinkler,22.75,491.1,18.0,91.0,27.3,29.0,22.38
Maize,Black,Rainfed,13.99,688.8,27.5,183.5,33.7,21.6,19.97
Sugarcane,Sandy,Flood,14.91,579.3,29.8,169.3,62.8,40.7,333.05
Rice,Black,Rainfed,5.37,496.2,22.7,128.8,61.2,49.9,19.56
Potato,Alluvial,Rainfed,4.84,1067.7,33.0,154.4,60.5,21.0,100.79
Sugarcane,Alluvial,Drip,20.07,1319.3,16.4,64.6,82.0,52.1,353.71
Sugarcane,Black,Flood,17.14,1318.1,37.9,155.2,40.1,81.6,329.25
Maize,Loamy,Drip,1.1,451.3,25.2,97.1,83.8,22.8,32.42
Tomato,Black,Sprinkler,10.56,451.6,37.5,143.3,85.4,41.2,144.73
Rice,Black,Rainfed,10.14,356.9,30.8,156.7,60.3,34.5,21.83
Soybean,Red,Sprinkler,4.11,447.9,22.9,141.8,47.9,20.5,11.49
Potato,Alluvial,Rainfed,19.98,588.5,32.8,62.9,66.0,64.9,109.99
Soybean,Red,Drip,2.03,783.4,18.4,79.8,42.2,76.6,9.86
Cotton,Red,Sprinkler,19.23,376.0,31.2,191.2,67.8,43.2,13.28
Rice,Sandy,Rainfed,6.17,492.3,22.7,50.2,32.4,20.4,15.37
Soybean,Sandy,Flood,20.39,1334.9,22.9,177.4,29.2,69.4,7.58
Tomato,Sandy,Rainfed,15.81,966.0,22.8,177.5,87.2,35.2,84.23
Rice,Black,Flood,18.15,813.3,29.3,113.7,78.0,78.1,32.62
Sugarcane,Sandy,Flood,21.05,1005.2,31.3,98.1,81.5,70.8,339.1
Soybean,Black,Flood,2.24,619.8,35.0,77.3,68.7,64.1,9.97
Cotton,Alluvial,Sprinkler,19.5,671.7,19.1,41.7,58.1,88.3,10.97
Rice,Loamy,Sprinkler,4.6,755.1,16.7,59.5,49.1,24.4,27.06
Maize,Sandy,Sprinkler,2.3,995.8,29.1,106.4,49.6,75.0,20.48
Wheat,Alluvial,Flood,11.72,508.0,32.5,122.1,42.5,61.7,23.3
Tomato,Alluvial,Drip,6.86,202.0,24.3,131.3,53.5,80.3,145.5
Soybean,Sandy,Sprinkler,20.64,1103.4,32.1,180.2,70.6,36.2,7.89
Rice,Clayey,Rainfed,6.43,287.6,32.4,153.8,36.4,72.5,19.36
Potato,Alluvial,Drip,2.49,742.6,32.3,149.8,77.1,81.4,153.82
Wheat,Sandy,Flood,1.28,842.0,16.8,169.3,42.5,59.4,19.82
Sugarcane,Sandy,Drip,21.51,316.8,31.5,95.3,20.5,48.2,302.96
Maize,Red,Sprinkler,8.76,1193.0,16.0,89.3,36.9,36.3,13.64
Maize,Sandy,Sprinkler,11.25,1373.0,33.8,158.0,57.6,78.8,19.47
Soybean,Black,Flood,24.85,577.6,30.8,175.1,84.1,70.3,11.45
Wheat,Red,Sprinkler,5.16,1185.5,28.0,52.5,86.9,37.3,13.11
Cotton,Clayey,Flood,21.42,215.9,27.3,163.1,85.4,83.6,10.87
Tomato,Black,Sprinkler,23.84,1105.4,25.8,134.8,69.1,33.6,93.36
Rice,Loamy,Rainfed,20.01,1087.4,30.2,64.9,58.3,26.1,18.84
Tomato,Black,Drip,23.91,1344.4,23.8,46.9,32.5,47.5,79.16
Rice,Loamy,Drip,12.84,1195.0,27.2,139.2,53.4,53.5,32.1
Cotton,Black,Drip,23.48,1301.2,35.5,140.1,76.6,24.8,11.72
Rice,Loamy,Sprinkler,16.95,1311.6,29.6,172.0,68.2,58.6,27.34
Maize,Black,Flood,16.25,921.1,31.3,98.0,77.7,34.3,18.82
Soybean,Red,Sprinkler,12.08,653.9,27.4,106.1,34.0,48.9,9.83
Maize,Black,Drip,15.44,489.0,24.5,52.9,30.3,40.9,25.7
Rice,Loamy,Drip,0.65,780.6,18.7,89.2,84.8,31.3,35.89
Tomato,Loamy,Rainfed,2.48,1251.9,32.0,88.2,62.0,34.1,86.12
Soybean,Alluvial,Drip,8.8,1342.5,32.2,135.6,81.7,23.5,9.93
Cotton,Red,Sprinkler,23.02,708.5,23.5,193.8,51.1,54.2,9.87
Wheat,Alluvial,Sprinkler,14.06,559.1,25.5,90.0,70.8,75.7,25.79
Soybean,Sandy,Rainfed,20.22,1214.0,24.7,48.2,48.1,67.2,6.71
Wheat,Loamy,Flood,9.25,961.7,20.1,159.9,58.2,34.3,21.66
Cotton,Clayey,Flood,3.1,837.6,24.7,138.1,76.4,41.0,9.15
Wheat,Clayey,Drip,17.83,502.6,25.8,59.8,34.4,20.1,22.16
Soybean,Clayey,Sprinkler,4.25,1073.7,29.2,157.0,73.9,88.3,8.1
Potato,Red,Sprinkler,23.45,818.8,26.9,68.5,27.6,78.9,92.56
Potato,Red,Sprinkler,5.57,1221.7,17.9,97.0,67.6,39.2,97.72
Maize,Black,Drip,17.81,842.4,30.0,71.4,34.8,22.9,24.18
Potato,Black,Rainfed,18.6,567.5,21.8,151.4,33.5,26.5,90.58
Wheat,Alluvial,Sprinkler,18.29,345.6,22.7,125.2,59.5,62.0,24.73
Soybean,Alluvial,Rainfed,14.78,348.9,18.7,155.4,32.9,43.0,8.83
Maize,Alluvial,Flood,6.6,689.5,22.2,61.8,71.0,76.9,26.36
Wheat,Clayey,Drip,16.63,725.3,22.1,129.3,44.3,85.3,21.01
Potato,Alluvial,Drip,18.26,1203.7,35.0,90.6,79.7,22.9,115.26
Soybean,Red,Sprinkler,16.98,604.7,20.0,85.0,52.0,53.3,9.58
Wheat,Clayey,Drip,11.69,1214.8,18.5,80.9,78.0,46.5,16.61
Tomato,Black,Drip,1.79,1201.0,18.6,47.2,50.7,79.1,100.08
Wheat,Alluvial,Drip,1.48,738.9,28.7,131.3,43.3,42.1,24.38
Wheat,Clayey,Drip,24.17,1364.1,35.0,136.1,69.1,40.0,16.03
Maize,Black,Drip,7.61,441.8,21.8,67.2,26.7,49.3,25.78
Soybean,Loamy,Flood,8.91,1222.5,28.3,122.4,27.0,21.1,8.26
Sugarcane,Black,Drip,21.59,1033.9,16.2,103.1,79.6,44.2,414.31
Cotton,Loamy,Flood,22.53,948.2,18.9,89.6,34.1,83.6,10.95
Potato,Clayey,Rainfed,7.8,950.6,19.4,99.7,34.6,68.7,66.32
Rice,Red,Flood,5.62,356.4,20.5,163.0,49.8,59.6,22.37
Cotton,Black,Drip,0.72,658.6,22.6,46.0,55.4,48.2,13.76
Maize,Loamy,Sprinkler,23.42,1101.7,36.7,148.3,45.4,85.7,25.23
Sugarcane,Loamy,Drip,5.77,953.0,36.3,199.6,22.3,36.5,457.55
Soybean,Red,Sprinkler,7.96,1379.5,30.1,154.8,88.4,46.4,6.95
Sugarcane,Loamy,Flood,16.19,1220.6,32.3,126.8,65.8,39.2,352.26
Tomato,Loamy,Sprinkler,18.69,474.0,17.3,88.0,53.2,31.8,151.21
Wheat,Alluvial,Rainfed,23.87,1238.7,28.7,147.8,21.2,43.7,14.85
Tomato,Black,Drip,17.45,993.6,16.8,98.9,88.5,49.5,104.59
Wheat,Alluvial,Rainfed,9.31,843.4,31.8,111.0,85.7,40.6,19.79
Rice,Sandy,Sprinkler,21.64,776.7,17.5,128.0,49.2,81.4,28.38
Tomato,Black,Flood,4.38,274.6,34.1,89.8,48.1,55.2,117.43
Cotton,Black,Sprinkler,3.66,557.4,33.2,115.5,35.9,31.6,13.19
Sugarcane,Red,Sprinkler,20.6,208.6,26.0,92.7,23.7,51.5,260.5
Potato,Red,Drip,2.87,1064.5,22.2,69.5,22.8,21.5,85.14
Cotton,Black,Drip,5.13,697.3,36.6,113.1,40.3,59.3,13.21
Soybean,Loamy,Flood,13.62,772.4,24.6,182.0,82.6,43.5,10.93
Cotton,Clayey,Flood,1.9,1317.2,17.1,127.6,82.3,38.4,6.23
Rice,Loamy,Flood,10.42,1398.6,17.2,132.6,25.8,30.8,22.32
Tomato,Loamy,Sprinkler,2.07,289.2,18.5,179.1,53.1,69.9,131.29
Rice,Alluvial,Drip,15.82,1325.2,31.0,131.2,62.7,86.0,28.87
Rice,Alluvial,Flood,6.81,739.9,31.2,157.3,89.7,40.1,36.22
Sugarcane,Loamy,Rainfed,24.45,1224.0,27.0,136.5,35.9,58.1,326.75
Soybean,Loamy,Sprinkler,2.72,1001.6,18.9,176.3,77.2,21.0,10.75
Maize,Red,Drip,20.34,485.9,20.9,120.7,38.3,20.6,22.4
Soybean,Clayey,Sprinkler,11.42,1360.4,28.6,178.1,29.8,59.8,8.18
Soybean,Black,Flood,10.02,357.7,21.8,133.0,70.3,28.7,12.14
Maize,Red,Sprinkler,6.57,617.7,35.7,194.7,51.0,42.5,27.89
Tomato,Clayey,Drip,1.77,259.2,24.5,96.6,42.1,54.4,119.51
Cotton,Clayey,Sprinkler,0.67,1116.6,27.3,164.7,56.6,64.9,8.89
Rice,Red,Rainfed,9.83,795.3,16.2,118.7,89.1,39.5,24.91
Wheat,Clayey,Flood,1.24,1212.6,26.1,74.8,29.4,86.7,15.97
Potato,Black,Rainfed,2.69,1058.4,22.0,161.7,70.6,20.5,75.63
Cotton,Red,Drip,10.08,1371.7,37.0,168.0,36.9,24.8,8.09
Sugarcane,Alluvial,Rainfed,2.74,1095.9,16.3,143.1,32.8,36.3,288.27
Rice,Alluvial,Sprinkler,0.74,691.0,23.2,150.9,73.6,41.3,31.77
Wheat,Clayey,Rainfed,22.79,1222.1,17.2,56.7,59.8,57.2,12.83
Wheat,Alluvial,Drip,18.92,881.9,22.0,115.9,43.4,60.6,23.53
Wheat,Clayey,Sprinkler,11.39,232.5,25.9,87.4,85.1,28.7,21.23
Sugarcane,Alluvial,Sprinkler,6.82,756.8,18.9,188.4,80.7,69.5,493.11
Wheat,Sandy,Rainfed,3.29,972.7,34.4,132.4,65.2,52.1,13.47
Tomato,Loamy,Flood,20.68,302.3,35.1,119.9,40.8,38.6,120.94
Soybean,Red,Sprinkler,21.99,833.8,26.3,57.1,65.5,80.8,8.99
Cotton,Clayey,Rainfed,16.26,578.9,29.7,75.2,51.1,83.0,8.46
Sugarcane,Black,Drip,20.96,1052.4,18.5,157.7,39.3,64.7,413.28
Maize,Clayey,Sprinkler,6.96,535.0,36.5,43.9,68.8,70.8,24.07
Rice,Red,Flood,16.43,1379.0,36.1,110.3,22.8,45.4,21.41
Wheat,Sandy,Rainfed,15.02,1190.0,34.9,114.2,74.9,86.3,11.7
Cotton,Alluvial,Flood,24.33,632.1,26.5,96.8,67.8,66.4,11.03
Soybean,Clayey,Sprinkler,8.23,350.3,30.4,46.4,61.8,80.9,10.13
Tomato,Red,Drip,21.8,1084.2,27.0,131.6,29.6,85.6,106.82
Potato,Alluvial,Drip,16.96,600.7,21.6,141.0,21.7,70.5,177.29
Wheat,Alluvial,Drip,13.89,309.6,32.6,133.2,33.1,33.2,26.47
Soybean,Loamy,Sprinkler,23.72,675.9,18.7,124.1,27.7,34.2,11.21
Rice,Red,Rainfed,14.73,1090.0,30.9,72.9,44.7,28.8,18.74
Soybean,Black,Drip,19.1,943.7,17.7,122.1,44.0,43.0,9.24
Cotton,Black,Sprinkler,17.73,1201.3,17.2,159.6,79.6,40.0,10.8
Rice,Alluvial,Drip,11.08,239.6,37.0,73.6,75.2,74.2,29.03
Cotton,Black,Drip,5.69,373.1,32.7,120.1,83.8,30.3,13.07
Rice,Red,Sprinkler,22.43,888.7,23.7,173.2,54.5,83.8,29.02
Sugarcane,Alluvial,Sprinkler,5.32,1336.8,20.5,138.2,35.6,58.2,372.02
Cotton,Clayey,Rainfed,17.08,561.9,20.1,88.6,26.5,30.1,8.05
Rice,Loamy,Rainfed,10.88,742.8,32.1,174.4,58.1,26.1,24.31
Sugarcane,Loamy,Sprinkler,9.17,987.0,27.8,148.3,67.8,64.0,452.01
Tomato,Red,Drip,10.91,610.1,20.0,41.1,52.7,68.0,114.86
Wheat,Black,Flood,22.23,530.0,20.9,177.1,77.2,51.4,22.08
Sugarcane,Red,Drip,19.17,1323.4,36.7,68.0,81.2,71.6,329.04
Rice,Clayey,Rainfed,21.95,525.7,16.1,66.0,44.5,42.1,19.27
Sugarcane,Black,Sprinkler,4.08,1187.6,21.2,144.4,48.4,61.7,382.99
Potato,Sandy,Drip,14.7,1295.1,19.9,41.1,76.4,25.4,106.19
Sugarcane,Loamy,Rainfed,12.82,1154.1,19.0,196.4,87.5,31.5,314.16
Soybean,Red,Sprinkler,5.72,1138.1,20.5,81.7,26.5,48.0,7.79
Maize,Loamy,Flood,24.66,1185.0,22.2,51.2,24.0,28.4,13.11
Sugarcane,Black,Rainfed,12.67,1211.5,25.8,153.4,71.2,32.2,306.46
Tomato,Sandy,Sprinkler,13.6,1395.5,26.4,170.6,50.2,75.7,79.95
Wheat,Alluvial,Sprinkler,20.43,1057.9,21.5,185.6,30.8,63.9,20.64
Cotton,Red,Sprinkler,5.68,1083.2,23.0,121.0,31.4,87.2,8.83
Sugarcane,Alluvial,Flood,10.47,1114.8,19.2,41.4,21.4,61.1,351.63
Wheat,Loamy,Flood,18.79,374.6,35.3,83.1,88.8,46.8,19.59
Potato,Clayey,Rainfed,6.3,953.6,34.3,106.5,38.1,80.7,76.19
Maize,Black,Sprinkler,1.87,1294.1,31.4,121.2,50.9,29.1,22.09
Wheat,Alluvial,Sprinkler,20.12,741.4,31.8,133.8,54.5,33.5,20.32
Soybean,Sandy,Sprinkler,11.85,784.2,36.6,141.9,82.9,52.0,9.89
Potato,Black,Drip,15.76,736.2,33.1,75.3,31.5,48.4,131.55
Wheat,Red,Sprinkler,9.86,233.9,34.8,97.4,64.2,70.0,20.91
Wheat,Alluvial,Rainfed,24.07,1357.4,22.4,116.7,88.1,20.3,12.9
Rice,Black,Drip,6.58,1385.6,24.6,157.2,67.9,34.8,26.68
Maize,Sandy,Flood,10.57,481.2,16.4,180.7,87.6,43.9,27.2
Wheat,Loamy,Flood,16.43,1090.4,16.7,59.5,64.3,82.9,18.84
Soybean,Loamy,Drip,3.34,1213.0,19.1,123.2,22.6,25.6,10.31
Wheat,Clayey,Flood,20.73,1149.6,20.4,168.8,79.5,40.2,17.79
Maize,Loamy,Flood,14.4,652.4,37.2,83.8,48.0,88.8,25.96
Rice,Black,Rainfed,14.39,1318.7,30.7,171.6,20.9,57.9,25.4
Cotton,Clayey,Flood,20.54,1000.8,18.8,162.5,34.7,42.6,9.17
Cotton,Loamy,Flood,15.52,388.6,37.2,122.9,25.1,63.9,14.19
Cotton,Alluvial,Flood,3.43,946.8,36.6,73.0,71.5,80.7,12.86
Potato,Black,Rainfed,10.74,1223.9,34.8,55.9,26.4,38.4,72.58
Tomato,Clayey,Drip,3.0,219.1,29.6,193.7,83.2,68.8,132.09
Potato,Alluvial,Sprinkler,21.91,352.2,35.1,135.0,28.9,49.9,140.66
Potato,Black,Sprinkler,11.61,1223.8,28.8,52.6,33.4,53.2,81.29
Cotton,Clayey,Sprinkler,21.28,791.6,26.4,118.4,79.3,78.2,9.59
Wheat,Alluvial,Drip,23.4,1071.3,36.2,185.3,62.3,56.9,23.54
Potato,Loamy,Flood,7.97,402.6,26.1,89.1,22.5,42.6,132.56
Wheat,Sandy,Rainfed,7.81,1006.8,23.2,84.5,32.9,54.8,14.09
Rice,Clayey,Drip,1.02,702.7,33.1,94.2,59.5,34.3,26.83
Wheat,Loamy,Sprinkler,20.55,1020.0,20.0,171.3,50.0,33.2,19.04
Soybean,Clayey,Rainfed,3.53,348.4,28.8,157.6,42.5,22.4,7.48
Soybean,Black,Drip,17.71,990.7,37.8,82.4,67.0,23.6,10.03
Tomato,Red,Rainfed,14.91,1000.4,20.4,180.8,33.6,41.9,85.85
Sugarcane,Clayey,Rainfed,17.63,334.4,34.7,125.3,53.0,88.7,242.94
Wheat,Sandy,Sprinkler,1.17,684.4,37.9,68.0,67.1,32.1,19.42
Tomato,Sandy,Rainfed,5.09,239.0,32.4,155.7,29.5,78.5,85.32
Wheat,Loamy,Drip,6.74,786.7,25.0,197.9,23.9,30.0,23.75
Rice,Red,Drip,1.84,1203.7,27.3,124.3,59.3,32.0,24.45
Tomato,Loamy,Drip,12.73,332.2,24.6,78.6,21.1,45.2,127.62
Potato,Sandy,Flood,4.07,1036.9,30.1,165.2,85.6,68.4,100.36
Sugarcane,Clayey,Drip,23.9,933.1,16.0,183.0,56.5,38.4,404.97
Sugarcane,Loamy,Sprinkler,6.83,604.7,24.8,48.2,54.8,28.6,347.8
Cotton,Alluvial,Drip,7.06,824.2,28.4,42.4,74.6,45.3,11.28
Potato,Clayey,Flood,9.48,327.0,29.8,59.4,89.0,74.6,129.13
Sugarcane,Loamy,Flood,12.78,660.5,37.4,65.5,44.8,49.4,345.94
Tomato,Loamy,Flood,2.82,853.0,32.3,161.1,62.5,31.7,120.88
Sugarcane,Alluvial,Flood,22.35,544.6,23.2,58.5,47.2,22.6,360.02
Sugarcane,Loamy,Flood,20.99,458.6,18.7,176.2,31.0,88.2,390.77
Soybean,Sandy,Flood,8.85,1279.4,36.7,147.3,66.5,51.7,8.63
Wheat,Black,Rainfed,16.49,506.8,24.0,175.0,33.6,77.9,22.0
Maize,Clayey,Drip,11.39,369.9,18.3,125.7,26.0,41.2,26.16
Tomato,Red,Sprinkler,23.82,583.7,35.1,181.0,44.5,25.8,109.68
Maize,Red,Flood,19.56,658.8,25.7,100.2,45.7,56.8,23.14
Sugarcane,Alluvial,Drip,13.34,1004.9,21.9,84.4,85.3,70.6,488.34
Wheat,Sandy,Rainfed,17.84,632.0,17.7,108.2,51.0,66.8,17.44
Rice,Red,Flood,11.93,263.3,16.8,154.7,57.7,55.6,23.31
Potato,Alluvial,Rainfed,19.18,1280.4,30.6,56.8,67.0,64.5,74.03
Tomato,Clayey,Rainfed,2.29,528.4,37.6,135.4,69.7,20.5,87.24
Tomato,Black,Sprinkler,24.23,848.7,26.1,191.2,67.2,24.5,118.7
Potato,Clayey,Drip,13.77,955.3,21.7,168.1,64.2,55.2,111.16
Potato,Sandy,Flood,13.38,1061.7,28.8,191.6,23.8,27.4,98.37
Cotton,Clayey,Flood,1.18,496.0,26.1,140.6,59.0,72.0,12.25
Soybean,Alluvial,Rainfed,18.88,1032.1,37.8,84.5,54.9,43.1,6.08
Tomato,Clayey,Sprinkler,11.29,858.5,33.5,133.3,87.2,66.2,104.05
Soybean,Loamy,Drip,23.55,257.3,23.7,177.1,47.7,33.9,13.5
Wheat,Clayey,Rainfed,22.93,1114.3,27.1,198.1,52.6,24.1,12.57
Soybean,Loamy,Sprinkler,9.99,1141.3,26.8,68.9,71.4,37.7,7.66
Rice,Clayey,Drip,19.48,874.6,28.2,58.4,28.8,57.1,29.05
Maize,Sandy,Rainfed,11.06,545.8,29.3,47.9,26.6,22.3,20.1
Tomato,Sandy,Rainfed,5.19,938.5,24.9,46.6,44.3,38.6,70.67
Wheat,Red,Rainfed,17.71,1222.4,23.8,81.8,86.3,70.8,12.48
Potato,Black,Flood,16.36,1362.7,31.7,187.9,56.2,28.2,92.08
Maize,Red,Sprinkler,9.31,687.0,37.3,58.0,38.8,54.5,21.12
Maize,Alluvial,Drip,15.29,558.7,25.0,74.8,87.6,29.1,29.59
Tomato,Black,Drip,24.09,929.2,37.6,174.6,22.5,66.1,121.09
Sugarcane,Clayey,Rainfed,22.92,1225.4,31.0,48.4,74.8,79.2,242.9
Potato,Sandy,Drip,18.81,451.3,27.8,158.0,63.9,53.0,161.12
Cotton,Loamy,Drip,24.96,229.8,34.4,98.5,78.9,58.8,15.11
Cotton,Red,Flood,18.01,948.1,37.4,129.4,43.5,56.3,8.01
Rice,Alluvial,Drip,14.2,803.3,19.2,110.7,43.4,56.5,35.27
Wheat,Alluvial,Sprinkler,7.49,864.8,16.0,85.3,81.7,61.6,21.79
Cotton,Alluvial,Sprinkler,14.63,385.8,23.8,151.5,59.2,47.1,15.75
Sugarcane,Alluvial,Sprinkler,4.65,964.2,37.4,172.1,24.2,46.3,390.21
Potato,Red,Drip,16.72,1295.1,35.2,120.3,50.6,43.8,90.94
Cotton,Red,Drip,11.62,562.0,24.4,176.7,72.4,39.1,14.39
Soybean,Clayey,Rainfed,19.34,1282.3,25.8,128.1,86.1,34.9,4.4
Wheat,Red,Rainfed,13.65,1323.9,22.8,179.1,73.5,37.3,15.98
Soybean,Alluvial,Sprinkler,13.5,995.3,29.0,107.6,34.1,41.4,11.38
Maize,Black,Drip,20.55,406.0,33.8,150.9,58.9,69.0,32.0
Maize,Clayey,Rainfed,13.96,1315.8,36.9,51.1,51.9,62.7,11.98
Wheat,Sandy,Flood,19.96,793.5,35.7,82.8,48.7,82.9,15.61
Wheat,Sandy,Flood,22.36,717.1,20.4,110.1,48.6,50.0,19.39
Tomato,Sandy,Sprinkler,3.81,555.4,28.6,110.7,44.3,72.3,133.56
Tomato,Loamy,Rainfed,2.28,1319.2,24.7,166.8,39.5,65.2,82.28
Potato,Loamy,Rainfed,21.92,252.1,21.7,180.1,72.7,21.2,125.29
Cotton,Loamy,Drip,0.9,647.2,23.7,127.0,25.1,75.3,14.86
Soybean,Black,Rainfed,18.13,630.6,29.4,101.2,41.3,21.7,7.45
Tomato,Clayey,Flood,7.92,751.2,34.0,188.8,58.2,66.3,114.83
Sugarcane,Black,Flood,0.81,384.8,31.5,79.0,52.8,61.4,309.06
Maize,Loamy,Flood,20.78,713.2,29.1,54.3,43.6,26.3,20.15
Rice,Black,Rainfed,4.3,997.3,31.6,68.5,82.2,50.9,21.58
Potato,Alluvial,Sprinkler,3.27,884.2,35.0,116.3,89.6,67.5,120.2
Soybean,Alluvial,Flood,2.62,201.7,25.9,173.9,60.1,89.9,11.61
Sugarcane,Loamy,Drip,15.16,922.2,17.4,195.6,58.1,59.2,543.67
Potato,Black,Rainfed,3.26,1244.0,30.0,66.4,50.1,40.1,77.14
Wheat,Loamy,Drip,8.16,905.8,19.0,108.2,58.7,61.9,22.23
Tomato,Alluvial,Sprinkler,20.22,1220.7,28.1,172.1,41.2,47.9,90.91
Rice,Loamy,Rainfed,6.86,505.6,38.0,70.1,30.4,26.9,23.79
Potato,Red,Drip,11.11,1159.6,32.3,108.2,43.4,42.2,108.11
Cotton,Sandy,Sprinkler,1.84,999.8,33.8,121.4,23.8,57.5,9.27
Soybean,Clayey,Sprinkler,23.34,1124.3,32.4,77.5,24.2,56.2,8.0
Potato,Clayey,Drip,10.42,1317.9,18.0,121.8,84.3,83.3,103.41
Maize,Red,Drip,7.58,902.7,29.0,155.1,72.2,56.0,22.15
Soybean,Red,Flood,10.7,738.6,29.2,51.5,35.9,85.2,8.86
Rice,Sandy,Flood,12.95,1082.6,37.8,140.7,45.9,35.8,23.86
Rice,Red,Flood,2.4,838.8,22.7,102.9,32.6,60.5,25.45
Cotton,Loamy,Rainfed,8.84,1227.1,25.6,70.9,33.4,73.8,7.93
Sugarcane,Loamy,Drip,0.74,290.1,27.8,176.7,20.3,85.6,442.59
Rice,Red,Drip,23.29,660.3,26.8,183.4,76.5,20.3,30.25
Potato,Black,Sprinkler,12.3,1016.7,34.9,140.6,73.4,73.6,108.12
Soybean,Red,Drip,12.34,699.3,37.5,72.1,35.1,40.4,9.33
Maize,Clayey,Rainfed,16.97,837.4,18.2,169.9,80.6,32.1,20.75
Sugarcane,Clayey,Drip,17.6,965.8,23.1,55.0,49.9,29.0,364.88
Maize,Alluvial,Drip,1.71,883.2,24.4,161.2,41.4,61.5,27.29
Tomato,Alluvial,Drip,22.11,376.4,31.6,195.7,75.3,37.0,162.7
Maize,Clayey,Flood,11.97,1265.1,30.1,106.2,40.5,46.3,12.91
Soybean,Red,Rainfed,16.23,557.8,18.8,174.8,45.4,66.2,8.79
Tomato,Clayey,Sprinkler,15.24,272.8,25.1,127.5,50.5,72.4,118.01
Rice,Red,Sprinkler,12.96,1065.3,23.8,92.1,53.1,81.4,26.22
Cotton,Alluvial,Rainfed,4.36,237.3,36.8,78.5,36.8,25.8,9.37
Rice,Black,Flood,17.79,1185.0,21.2,145.8,47.4,45.8,26.67
Maize,Alluvial,Rainfed,9.73,840.3,16.0,78.6,34.6,37.5,16.92
Wheat,Red,Drip,1.39,1283.1,17.6,183.1,36.0,71.8,19.22
Wheat,Red,Drip,17.66,682.2,17.7,157.2,63.2,20.2,23.41
Cotton,Clayey,Flood,20.98,518.0,25.9,126.0,66.5,74.9,10.28
Rice,Red,Rainfed,0.94,1319.3,17.7,150.1,75.0,75.7,18.41
Cotton,Loamy,Drip,23.28,780.6,26.8,59.2,76.2,37.3,11.69
Rice,Black,Sprinkler,11.77,218.2,22.2,109.9,64.4,51.5,21.95
Wheat,Red,Sprinkler,4.98,638.1,25.5,139.7,25.2,55.3,17.75
Rice,Clayey,Rainfed,23.07,1249.3,28.6,41.4,38.0,48.5,12.9
Maize,Loamy,Rainfed,13.34,539.6,16.8,199.1,53.7,72.9,23.7
Rice,Alluvial,Flood,9.24,911.0,34.4,47.0,36.6,82.3,28.35
Sugarcane,Black,Drip,6.5,1257.8,25.2,155.3,84.3,48.6,410.04
Tomato,Loamy,Rainfed,19.8,573.2,23.2,41.7,69.1,27.9,96.01
Soybean,Red,Sprinkler,2.52,1118.8,17.5,116.6,32.1,72.7,9.25
Wheat,Black,Rainfed,16.95,394.6,26.7,158.2,80.7,63.8,18.92
Maize,Red,Drip,12.06,886.0,17.0,139.8,63.8,82.4,24.6
Soybean,Loamy,Drip,15.64,1124.0,18.3,194.0,82.3,38.9,11.36
Tomato,Sandy,Rainfed,7.55,1084.5,17.5,178.3,55.0,50.7,83.53
Potato,Red,Drip,21.56,749.9,21.8,78.7,53.8,82.1,135.26
Maize,Black,Drip,24.8,1124.5,20.6,120.2,36.4,48.7,20.63
Cotton,Red,Drip,12.39,773.6,26.4,68.1,30.1,37.8,11.22
Potato,Red,Flood,6.94,469.5,26.2,82.4,71.4,64.5,129.03
Tomato,Black,Sprinkler,3.26,1320.8,20.0,80.4,48.5,46.8,87.22
Rice,Loamy,Rainfed,21.43,1138.0,18.3,57.2,27.1,20.8,22.11
Tomato,Alluvial,Flood,6.5,357.9,22.7,183.2,88.0,80.2,144.88
Cotton,Clayey,Sprinkler,13.83,606.3,26.4,138.1,80.8,66.3,11.96
Tomato,Black,Rainfed,19.6,226.9,29.2,151.3,77.8,23.9,117.66
Rice,Clayey,Drip,11.29,1199.9,36.4,140.5,47.6,37.8,23.0
Potato,Black,Rainfed,23.16,1142.8,23.2,170.7,48.6,42.9,82.04
Maize,Black,Rainfed,12.38,626.0,23.1,194.2,64.9,21.6,21.55
Potato,Black,Sprinkler,16.67,717.9,32.8,198.8,66.1,23.5,147.5
Rice,Alluvial,Rainfed,7.45,1338.1,34.5,155.6,25.5,27.4,19.94
Rice,Alluvial,Rainfed,14.9,1275.0,30.4,95.8,87.6,76.1,19.08
Cotton,Alluvial,Drip,1.49,1296.5,34.3,87.6,75.3,22.2,11.35
Soybean,Black,Flood,19.38,516.8,16.1,147.0,88.1,62.5,11.9
Rice,Sandy,Rainfed,13.54,778.8,31.5,50.9,33.6,35.0,18.06
Wheat,Red,Rainfed,14.55,458.3,35.0,190.7,56.3,44.7,19.55
Tomato,Red,Rainfed,12.97,1195.6,23.7,108.0,29.0,28.6,52.59
Soybean,Sandy,Drip,17.81,1328.8,23.2,46.8,54.7,58.1,8.32
Wheat,Alluvial,Drip,18.06,1047.2,21.2,83.1,65.8,47.3,20.03
Wheat,Alluvial,Rainfed,9.64,791.9,28.7,70.3,83.1,67.2,16.27
Wheat,Loamy,Drip,6.94,396.3,24.0,80.2,67.8,67.9,27.95
Soybean,Sandy,Sprinkler,21.11,895.7,29.6,85.3,82.6,21.7,9.84
Tomato,Loamy,Rainfed,20.35,843.9,22.1,49.9,31.4,82.7,80.55
Soybean,Red,Drip,7.88,951.2,19.3,115.0,55.3,61.0,8.77
Potato,Alluvial,Drip,2.69,720.5,23.8,122.6,41.3,68.2,178.74
Maize,Clayey,Flood,4.95,303.1,31.7,71.4,68.3,47.3,20.24
Sugarcane,Alluvial,Rainfed,8.09,996.5,30.6,85.8,52.2,33.5,265.41
Tomato,Red,Rainfed,21.15,824.5,34.9,40.9,22.5,83.8,71.39
Wheat,Red,Drip,8.82,1049.5,28.3,81.0,65.6,28.1,19.78
Cotton,Black,Drip,11.74,1012.4,26.9,55.0,40.4,88.9,10.76
Soybean,Alluvial,Sprinkler,9.5,1296.6,24.1,99.8,46.8,78.6,9.2
Tomato,Red,Sprinkler,17.61,549.7,23.4,89.4,21.4,60.8,114.45
Potato,Black,Drip,21.85,736.1,23.5,62.1,50.8,54.7,135.75
Potato,Loamy,Drip,22.0,1175.8,37.1,181.4,85.3,80.1,126.33
Sugarcane,Black,Rainfed,2.42,287.1,34.7,74.1,66.8,58.0,264.36
Wheat,Loamy,Drip,7.27,1150.9,21.0,149.0,37.8,81.9,19.19
Potato,Loamy,Drip,1.05,335.4,29.4,171.3,40.0,36.7,164.89
Wheat,Alluvial,Flood,8.45,1065.4,30.5,193.5,85.2,75.3,19.54
Rice,Loamy,Sprinkler,6.86,301.6,18.6,75.9,55.0,78.8,27.68
Potato,Loamy,Flood,5.3,1192.1,34.3,86.8,81.2,74.0,116.81
Cotton,Sandy,Drip,19.6,503.1,34.3,152.6,86.2,48.6,13.23
Sugarcane,Alluvial,Flood,6.75,1010.8,27.9,77.3,60.2,77.5,387.58
Tomato,Alluvial,Flood,12.76,1272.9,36.2,48.8,77.4,22.6,85.54
Maize,Clayey,Rainfed,15.75,1048.1,22.6,105.9,35.7,85.3,18.54
Rice,Red,Drip,18.14,1011.2,31.5,118.3,46.8,35.5,27.04
Cotton,Red,Drip,2.32,430.4,34.5,156.0,82.6,28.2,14.6
Wheat,Black,Drip,8.16,1297.3,34.5,175.6,74.0,81.7,18.86
Rice,Sandy,Flood,7.75,1265.9,34.5,115.7,22.7,64.7,20.0
Maize,Red,Drip,13.08,980.7,35.6,110.5,83.1,72.5,23.02
Sugarcane,Loamy,Drip,13.42,1263.6,34.4,181.2,84.5,27.3,429.71
Wheat,Alluvial,Drip,8.65,726.0,21.8,66.4,68.2,56.0,22.83
Sugarcane,Alluvial,Drip,17.29,1134.8,16.4,182.5,59.8,76.8,454.43
Cotton,Loamy,Flood,12.19,970.7,16.8,139.4,74.5,55.0,11.65
Rice,Sandy,Drip,1.27,1071.8,34.4,106.4,73.5,32.2,27.16
Wheat,Alluvial,Drip,7.64,520.3,36.4,67.6,60.6,58.9,27.06
Maize,Loamy,Sprinkler,19.32,1096.7,22.9,89.0,78.6,25.1,20.67
Sugarcane,Red,Flood,3.61,754.3,34.6,183.6,38.5,69.8,386.3
Cotton,Loamy,Sprinkler,16.3,626.3,17.1,45.0,58.8,73.3,13.74
Cotton,Loamy,Sprinkler,11.21,535.4,28.8,48.9,30.1,68.7,12.68
Wheat,Loamy,Drip,24.65,864.9,36.5,40.9,72.4,83.2,24.13
Maize,Clayey,Rainfed,4.9,1351.5,24.5,94.7,81.2,59.5,13.7
Wheat,Red,Flood,16.8,294.4,29.3,66.2,71.5,41.1,22.42
Rice,Clayey,Rainfed,0.84,1305.7,18.8,111.3,77.1,82.3,16.77
Soybean,Alluvial,Sprinkler,18.84,514.4,35.4,182.7,33.8,63.0,13.05
Sugarcane,Loamy,Drip,24.57,833.4,33.3,174.5,65.4,43.7,498.75
Soybean,Loamy,Sprinkler,6.6,589.3,23.4,44.1,43.9,76.2,11.51
Wheat,Sandy,Rainfed,7.56,966.1,22.3,87.0,48.0,79.7,14.96
Cotton,Loamy,Drip,14.74,858.7,20.8,108.6,65.7,70.9,12.72
Soybean,Alluvial,Rainfed,20.12,744.6,30.8,90.9,46.7,89.3,8.42
Sugarcane,Sandy,Sprinkler,6.8,225.1,20.9,49.0,27.2,50.2,265.19
Sugarcane,Black,Drip,16.51,284.4,29.9,192.5,57.9,70.1,375.85
Soybean,Loamy,Flood,21.49,1332.9,23.4,129.7,26.7,34.0,7.21
Soybean,Loamy,Flood,16.72,449.0,35.9,174.2,53.0,48.8,12.6
Maize,Black,Drip,2.15,757.6,34.1,138.3,78.3,54.6,29.71
Tomato,Clayey,Rainfed,13.05,362.3,28.6,105.3,66.3,81.7,85.5
Tomato,Black,Flood,5.35,211.0,29.8,90.6,88.1,33.6,105.02
Tomato,Black,Rainfed,19.52,1099.0,23.2,137.7,81.0,21.1,68.68
Potato,Clayey,Sprinkler,16.36,253.7,17.2,113.2,58.5,82.1,119.6
Tomato,Loamy,Rainfed,14.49,1190.6,22.1,52.0,69.5,53.8,64.67
Tomato,Loamy,Sprinkler,12.52,509.2,35.5,132.3,35.5,38.8,131.53
Tomato,Red,Rainfed,10.62,845.0,17.1,40.4,37.1,67.6,81.93
Tomato,Loamy,Flood,16.27,329.7,25.6,195.5,22.6,42.1,138.9
Wheat,Red,Drip,19.43,402.6,34.1,163.1,61.8,43.6,22.52
Soybean,Alluvial,Flood,3.27,621.7,38.0,182.2,23.4,59.4,10.91
Rice,Alluvial,Rainfed,3.95,949.9,32.0,189.1,39.5,86.5,27.27
Tomato,Black,Flood,17.49,1141.7,34.2,186.2,81.6,90.0,109.78
Sugarcane,Loamy,Rainfed,3.66,762.2,29.2,45.0,39.2,22.3,290.98
Wheat,Red,Sprinkler,6.23,301.3,21.7,43.0,22.5,84.0,17.47
Rice,Black,Drip,17.87,440.4,20.6,150.1,35.4,50.7,26.19
Wheat,Loamy,Flood,21.05,557.2,30.5,61.9,68.1,83.9,25.12
Wheat,Black,Flood,5.63,746.4,36.0,56.7,70.4,68.1,23.13
Cotton,Alluvial,Sprinkler,3.0,685.6,17.4,171.4,26.5,67.2,13.37
Rice,Loamy,Rainfed,5.92,1012.5,33.0,115.7,63.2,51.9,22.96
Cotton,Black,Sprinkler,6.62,603.8,29.0,112.7,72.2,34.9,10.93
Rice,Loamy,Drip,19.96,318.8,22.0,176.8,44.3,88.1,33.98
Rice,Alluvial,Rainfed,23.58,1265.4,18.2,159.1,76.4,39.0,25.31
Soybean,Alluvial,Flood,4.8,1352.3,31.2,168.2,47.8,43.5,8.7
Sugarcane,Loamy,Drip,8.53,1232.1,18.7,109.4,47.8,85.7,421.99
Sugarcane,Black,Flood,11.17,697.8,32.1,149.7,78.3,37.5,393.51
Wheat,Clayey,Flood,13.56,1317.2,36.9,97.8,74.4,71.7,14.82
Maize,Alluvial,Flood,18.38,262.5,35.5,178.0,51.0,61.0,29.03
Soybean,Black,Flood,8.34,1296.1,25.0,159.7,27.9,37.3,8.58
Rice,Red,Rainfed,22.81,1354.8,25.4,71.6,63.9,67.9,17.98
Wheat,Sandy,Flood,0.94,779.3,23.3,158.4,41.9,77.9,21.12
Tomato,Loamy,Drip,3.39,985.9,22.2,40.0,28.9,85.4,115.6
Cotton,Clayey,Flood,13.24,880.6,28.3,116.0,75.3,29.3,10.41
Cotton,Sandy,Flood,7.55,344.3,31.5,143.2,46.2,86.6,9.95
Wheat,Sandy,Flood,7.98,1137.5,24.1,78.7,67.1,33.8,14.58
Wheat,Clayey,Sprinkler,10.36,1139.9,37.2,60.3,49.4,53.7,17.85
Tomato,Sandy,Flood,0.98,1166.8,18.4,197.9,63.4,65.6,85.3
Tomato,Clayey,Drip,7.56,483.2,32.1,46.5,26.6,20.5,107.51
Rice,Red,Flood,5.98,608.5,37.8,123.8,34.3,43.4,24.75
Wheat,Sandy,Sprinkler,9.76,580.0,30.9,86.3,60.4,24.6,18.67
Soybean,Red,Flood,23.31,333.1,24.9,163.4,50.5,86.3,11.57
Potato,Clayey,Flood,19.14,219.0,28.3,100.7,55.5,59.4,110.82
Wheat,Clayey,Drip,18.47,1245.5,20.2,55.6,82.8,44.5,13.16
Maize,Sandy,Flood,13.37,443.6,25.9,167.5,61.3,26.8,25.73
Potato,Loamy,Flood,22.78,322.1,17.1,40.9,43.0,66.2,125.08
Tomato,Loamy,Flood,5.8,909.0,36.1,167.6,84.5,88.5,134.84
Wheat,Black,Rainfed,6.56,1395.3,18.3,68.9,29.1,42.9,12.19
Maize,Black,Rainfed,1.04,1180.3,16.3,145.1,45.6,62.8,13.38
Tomato,Clayey,Sprinkler,20.48,793.7,18.9,181.7,65.4,31.4,100.74
Potato,Alluvial,Flood,21.9,595.3,28.9,175.6,50.9,21.3,143.24
Cotton,Clayey,Flood,11.46,724.3,33.3,54.9,56.5,78.5,8.87
Cotton,Black,Drip,13.09,488.3,18.7,133.8,73.5,89.5,16.08
Potato,Red,Flood,15.6,1383.1,30.1,177.6,86.2,85.1,92.1
Wheat,Clayey,Flood,12.63,357.1,31.3,73.0,50.9,24.6,18.4
Maize,Loamy,Rainfed,17.75,870.3,35.9,57.8,32.4,50.0,17.75
Cotton,Clayey,Rainfed,4.66,602.4,29.4,132.1,31.5,28.7,7.46
Potato,Black,Drip,22.06,254.1,32.1,179.5,26.9,50.5,162.26
Potato,Sandy,Flood,7.41,837.0,17.1,65.4,76.9,29.3,99.36
Sugarcane,Sandy,Drip,13.17,1116.3,25.8,166.4,63.3,27.9,372.73
Soybean,Alluvial,Flood,13.68,762.6,22.5,84.4,55.0,31.2,9.27
Maize,Black,Drip,4.68,995.5,34.8,81.3,54.4,88.3,25.3
Maize,Sandy,Flood,19.28,1363.5,32.4,68.1,24.5,60.4,12.72
Potato,Red,Drip,21.53,1348.2,27.0,189.0,60.8,57.7,96.39
Tomato,Loamy,Drip,2.13,201.9,27.5,95.1,89.8,74.1,143.08
Maize,Clayey,Sprinkler,1.67,1130.5,28.6,161.7,30.5,60.0,17.3
Tomato,Sandy,Flood,19.69,522.0,31.4,40.3,81.0,22.1,97.62
Soybean,Red,Drip,2.07,1234.9,37.2,79.5,51.5,21.5,6.97
Soybean,Red,Drip,1.8,851.5,21.7,134.0,38.3,88.9,11.89
Potato,Sandy,Drip,19.75,1008.2,18.5,151.2,50.9,86.1,120.47
Maize,Alluvial,Rainfed,8.58,1354.6,35.8,83.3,76.2,89.7,15.0
Soybean,Loamy,Flood,8.07,933.6,37.2,55.3,21.6,23.9,9.44
Soybean,Alluvial,Sprinkler,16.51,1347.5,16.1,79.7,84.9,85.2,10.27
Cotton,Red,Rainfed,3.85,1116.8,16.4,189.5,26.0,75.9,6.88
Wheat,Clayey,Rainfed,14.11,404.2,23.0,107.9,41.7,39.6,17.33
Wheat,Sandy,Drip,17.43,1144.4,18.6,97.6,87.8,84.6,18.11
Tomato,Black,Flood,8.32,502.6,37.0,187.7,52.0,79.2,142.68
Maize,Clayey,Sprinkler,19.95,993.6,18.4,118.0,68.8,57.1,22.54
Rice,Loamy,Flood,14.15,1144.8,27.9,91.8,29.5,82.1,23.81
Sugarcane,Black,Rainfed,16.71,1180.3,18.8,177.5,61.6,43.5,303.43
Tomato,Clayey,Drip,2.84,1297.5,18.0,143.7,48.9,48.4,97.28
Sugarcane,Black,Flood,7.56,508.4,30.6,107.1,87.6,67.9,359.45
Cotton,Black,Rainfed,22.55,737.8,22.0,102.9,47.1,40.1,9.83
Wheat,Sandy,Flood,24.98,521.6,23.2,145.5,40.6,35.1,19.52
Sugarcane,Alluvial,Drip,12.02,1248.3,32.8,122.1,67.0,79.3,405.35
Maize,Sandy,Rainfed,15.23,986.5,16.2,188.4,24.6,45.7,18.41
Soybean,Black,Rainfed,11.56,689.6,31.1,80.0,64.8,81.4,8.64
Tomato,Loamy,Drip,24.83,327.3,21.1,192.1,87.1,26.8,168.01
Sugarcane,Clayey,Sprinkler,20.09,614.6,21.7,108.9,52.7,36.8,343.37
Cotton,Alluvial,Sprinkler,10.53,547.0,33.8,168.1,52.0,62.5,15.48
Cotton,Loamy,Rainfed,6.99,843.4,25.9,110.4,26.4,70.3,9.45
Sugarcane,Loamy,Flood,19.32,1352.9,27.0,57.9,50.9,53.5,307.53
Wheat,Loamy,Sprinkler,11.13,694.5,16.8,119.7,58.8,59.1,24.94
Soybean,Loamy,Flood,16.52,230.6,17.4,75.4,55.9,58.2,12.92
Rice,Clayey,Flood,4.02,211.1,33.8,68.2,62.4,43.6,19.44
Sugarcane,Red,Rainfed,16.39,571.3,29.3,123.8,21.7,75.3,249.34
Rice,Black,Sprinkler,8.41,484.7,21.8,120.7,72.1,55.2,23.67
Soybean,Red,Rainfed,16.12,807.3,31.8,173.3,72.0,79.3,8.46
Sugarcane,Alluvial,Rainfed,18.96,464.1,24.5,178.5,70.7,48.3,319.86
Sugarcane,Black,Rainfed,10.9,383.6,33.7,121.6,88.4,39.7,238.55
Maize,Loamy,Drip,7.55,392.4,22.2,77.3,71.4,22.2,28.26
Rice,Clayey,Rainfed,3.04,348.3,18.2,137.6,33.8,37.6,16.85
Potato,Alluvial,Sprinkler,12.55,223.5,30.8,123.7,82.9,31.5,145.86
Soybean,Loamy,Drip,1.14,513.2,27.8,185.2,79.3,54.3,15.16
Soybean,Loamy,Rainfed,24.36,476.8,33.0,94.2,30.0,80.1,9.31
Wheat,Loamy,Drip,11.18,742.7,16.4,58.7,32.9,28.0,22.76
Potato,Sandy,Sprinkler,18.06,724.7,24.9,61.9,55.5,28.9,106.42
Cotton,Loamy,Flood,12.57,606.8,19.2,128.3,72.7,39.7,12.95
Wheat,Clayey,Rainfed,5.48,682.3,34.6,95.4,65.8,69.7,13.44
Cotton,Clayey,Flood,14.64,610.7,17.8,198.8,28.9,25.1,10.58
Maize,Loamy,Drip,10.09,514.5,23.5,105.7,70.4,55.8,32.8
Tomato,Loamy,Flood,8.07,550.9,33.6,165.3,44.7,40.9,130.54
Wheat,Clayey,Sprinkler,5.04,814.4,37.8,144.4,24.3,56.8,18.76
Cotton,Alluvial,Drip,23.05,728.9,37.9,107.2,62.6,27.3,11.81
Wheat,Sandy,Sprinkler,20.69,1068.3,34.3,72.1,51.6,68.4,15.63
Wheat,Red,Flood,3.78,1005.8,16.1,187.9,27.9,26.6,14.8
Cotton,Sandy,Drip,23.36,1326.0,36.1,127.4,44.9,20.5,7.43
Soybean,Clayey,Drip,8.12,319.6,22.0,173.1,88.6,54.6,13.15
Tomato,Loamy,Flood,8.46,389.8,23.4,43.3,45.4,57.2,108.12
Soybean,Sandy,Drip,15.9,864.5,37.7,157.2,74.4,81.1,12.75
Potato,Clayey,Drip,18.51,332.6,35.0,174.3,65.7,55.2,123.6
Maize,Alluvial,Sprinkler,15.04,397.0,18.7,196.8,47.6,35.9,31.07
Potato,Black,Sprinkler,20.03,275.5,31.1,98.6,72.9,87.5,131.32
Rice,Red,Sprinkler,23.27,564.1,35.0,165.0,85.2,37.2,24.15
Cotton,Black,Flood,19.45,1250.1,16.6,129.9,35.0,43.9,9.27
Soybean,Clayey,Flood,13.23,740.6,16.3,129.1,66.3,61.4,9.97
Maize,Alluvial,Rainfed,15.11,530.0,17.8,108.7,58.8,43.0,24.51
Soybean,Loamy,Flood,9.63,514.9,32.7,163.8,51.9,62.8,13.78
Maize,Clayey,Rainfed,20.54,905.2,21.5,72.6,43.8,53.4,13.65
Potato,Clayey,Drip,4.55,1373.3,18.4,189.1,84.0,56.8,106.68
Wheat,Sandy,Drip,13.54,682.8,19.6,58.9,73.2,84.9,24.35
Rice,Alluvial,Flood,1.78,504.1,17.6,56.6,76.9,22.7,23.67
Maize,Clayey,Flood,13.57,321.5,35.2,121.2,76.6,45.8,24.53
Potato,Loamy,Flood,9.03,1052.3,24.0,173.3,51.8,70.4,111.24
Potato,Sandy,Rainfed,11.03,709.8,25.2,146.2,54.3,56.2,99.4
Sugarcane,Clayey,Sprinkler,13.16,1182.9,28.0,46.5,42.1,60.3,286.44
Tomato,Red,Flood,23.63,1174.2,32.3,157.9,32.5,77.7,79.35
Soybean,Loamy,Rainfed,1.25,358.2,35.5,160.3,49.6,56.2,11.2
Potato,Clayey,Flood,1.61,1320.1,31.5,159.3,75.6,72.3,88.15
Tomato,Black,Drip,3.89,678.8,37.6,76.1,62.9,50.3,128.08
Potato,Loamy,Drip,11.55,1293.1,33.9,123.1,74.0,56.6,114.63
Tomato,Red,Flood,18.05,362.5,22.4,63.2,76.8,35.6,107.12
Cotton,Clayey,Flood,6.35,250.2,29.7,130.0,48.1,65.1,10.8
Tomato,Clayey,Flood,22.28,761.4,30.5,183.2,47.5,87.3,121.85
Potato,Clayey,Drip,6.49,1095.4,27.5,83.0,74.4,58.7,93.45
Wheat,Black,Rainfed,12.29,940.8,24.9,71.7,87.3,55.8,14.38
Tomato,Sandy,Drip,2.04,1201.0,33.3,69.7,64.4,77.3,102.31
Sugarcane,Loamy,Rainfed,3.59,1319.2,29.3,145.5,48.1,83.6,310.27
Potato,Alluvial,Rainfed,12.67,532.4,27.8,95.8,29.2,38.6,113.22
Soybean,Loamy,Rainfed,1.28,291.3,22.0,72.0,36.2,75.9,8.96
Rice,Alluvial,Flood,4.6,417.4,30.8,113.5,89.4,35.9,27.12
Rice,Loamy,Drip,20.45,1284.8,16.3,189.4,76.7,78.6,32.99
Sugarcane,Red,Sprinkler,14.48,1334.8,25.7,135.9,53.3,85.3,306.76
Cotton,Sandy,Sprinkler,17.67,1312.2,24.3,78.7,58.8,75.7,6.66
Maize,Red,Sprinkler,21.24,353.0,18.0,134.3,57.2,38.6,25.62
Soybean,Red,Flood,12.79,825.0,25.9,81.0,28.4,26.9,7.49
Maize,Black,Rainfed,9.5,222.7,18.2,119.4,68.3,43.4,21.03
Cotton,Sandy,Flood,13.08,367.0,21.2,111.7,33.2,38.8,11.84
Sugarcane,Clayey,Flood,6.59,565.0,33.0,92.4,37.0,31.8,309.17
Rice,Sandy,Rainfed,11.62,808.3,31.1,141.3,76.8,23.1,20.37
Potato,Black,Sprinkler,5.88,1013.0,32.7,76.0,25.4,76.7,98.39
Sugarcane,Clayey,Rainfed,13.76,228.5,17.8,106.9,86.0,70.5,250.41
Sugarcane,Black,Flood,5.93,814.4,28.1,126.1,59.6,86.4,441.65
Rice,Loamy,Drip,0.94,849.4,17.9,44.2,75.4,38.1,32.27
Soybean,Black,Sprinkler,18.43,397.7,23.7,82.4,44.5,69.6,11.46
Rice,Black,Rainfed,15.25,791.6,33.3,191.6,44.9,37.5,25.26
Cotton,Black,Flood,4.97,1330.8,32.6,73.3,43.6,76.7,11.01
Tomato,Alluvial,Flood,13.49,365.3,24.1,155.5,32.2,61.3,124.8
Potato,Loamy,Flood,21.16,1114.1,17.3,199.7,72.7,80.5,130.87
Cotton,Sandy,Rainfed,10.46,873.0,21.0,171.6,40.7,69.4,10.82
Soybean,Black,Drip,5.12,336.2,28.0,153.5,23.5,24.9,12.73
Wheat,Black,Sprinkler,6.51,938.3,25.7,141.2,80.4,25.6,20.12
Sugarcane,Red,Flood,10.53,1251.6,22.6,41.9,41.0,60.5,297.38
Rice,Black,Flood,21.98,1295.0,21.9,113.9,58.4,86.4,23.16
Rice,Sandy,Flood,13.72,354.8,27.6,103.3,32.6,78.9,24.23
Tomato,Alluvial,Flood,4.59,688.6,21.1,125.6,33.9,55.6,123.23
Rice,Alluvial,Sprinkler,7.98,1275.9,30.1,163.2,29.9,78.4,26.06
Tomato,Loamy,Rainfed,13.95,899.6,24.8,191.9,74.4,40.0,96.15
Wheat,Loamy,Sprinkler,23.15,625.1,30.6,199.9,38.4,60.3,27.47
Sugarcane,Clayey,Sprinkler,4.14,747.6,24.5,154.3,24.9,88.1,386.25
Potato,Black,Sprinkler,8.42,582.4,25.9,140.2,30.2,33.2,131.9
Sugarcane,Loamy,Rainfed,16.99,1190.2,22.7,198.4,25.3,66.3,279.58
Wheat,Clayey,Drip,23.89,1310.9,36.0,121.9,45.2,52.6,13.86
Potato,Sandy,Drip,5.57,1301.8,33.9,196.6,81.6,39.6,115.91
Cotton,Red,Sprinkler,15.78,206.8,20.1,56.0,45.4,55.1,8.6
Potato,Loamy,Drip,4.89,976.5,26.2,119.3,49.9,86.9,136.71
Wheat,Sandy,Rainfed,24.52,854.5,36.9,68.7,21.8,22.8,10.51
Maize,Loamy,Rainfed,13.84,838.8,17.7,151.7,63.7,33.2,22.72
Rice,Sandy,Sprinkler,6.73,788.8,37.3,173.2,39.9,45.4,28.3
Cotton,Clayey,Rainfed,2.81,1386.7,36.9,52.5,85.3,45.4,6.07
Maize,Red,Drip,16.93,923.0,17.6,51.1,34.7,40.3,21.86
Sugarcane,Clayey,Sprinkler,8.69,328.8,19.2,45.4,52.9,86.8,309.62
Wheat,Loamy,Drip,16.24,530.2,27.2,165.8,81.7,78.7,32.3
Rice,Clayey,Drip,16.7,1051.9,16.2,110.3,79.0,54.3,29.62
Tomato,Black,Drip,1.76,656.2,23.4,154.9,72.0,23.6,134.88
Wheat,Sandy,Drip,10.43,604.7,16.3,64.5,49.5,24.8,16.18
Potato,Loamy,Sprinkler,11.43,469.6,32.0,153.3,30.7,84.0,162.99
Cotton,Sandy,Sprinkler,6.43,678.2,16.4,163.6,32.0,23.1,12.0
Wheat,Clayey,Flood,6.47,383.1,34.9,114.8,48.3,51.5,21.21
Maize,Alluvial,Sprinkler,21.58,1025.5,36.7,155.6,33.3,51.0,22.58
Cotton,Loamy,Flood,14.28,1163.6,25.4,77.4,89.6,87.0,9.26
Potato,Loamy,Sprinkler,3.09,997.8,22.3,71.8,85.5,21.3,111.74
Potato,Alluvial,Rainfed,8.38,358.6,24.3,147.6,74.8,57.2,121.11
Tomato,Loamy,Drip,13.53,813.6,37.0,116.6,68.9,84.5,143.84
Tomato,Black,Flood,20.52,872.3,21.6,82.0,22.7,41.4,95.02
Soybean,Black,Drip,10.59,894.7,24.6,132.4,56.1,68.0,10.58
Sugarcane,Black,Flood,13.07,904.6,26.5,92.1,70.5,25.2,402.32
Soybean,Clayey,Rainfed,14.07,740.7,22.3,87.7,46.8,78.5,7.45
Cotton,Black,Sprinkler,10.96,862.4,21.1,159.0,57.2,76.6,12.34
Rice,Loamy,Rainfed,18.03,1160.1,23.6,67.6,20.2,51.6,21.39
Wheat,Sandy,Drip,16.37,706.1,19.2,116.6,21.2,71.4,18.13
Tomato,Clayey,Drip,18.1,1124.1,26.2,154.3,71.5,29.7,95.25
Sugarcane,Clayey,Rainfed,7.07,1210.4,22.9,174.2,50.0,70.9,256.57
Maize,Loamy,Drip,8.14,965.4,16.2,45.3,79.6,67.9,26.32
Soybean,Sandy,Flood,16.24,1317.2,34.5,143.6,43.9,74.6,6.7
Maize,Clayey,Sprinkler,7.1,491.3,37.8,71.6,60.3,84.8,25.38
Soybean,Loamy,Rainfed,7.04,772.2,34.1,83.4,33.0,67.7,7.43
Tomato,Black,Rainfed,6.79,241.9,25.0,57.0,83.4,22.9,85.79
Wheat,Clayey,Drip,2.69,453.4,27.0,43.2,37.7,56.2,21.84
Wheat,Loamy,Drip,13.09,887.8,36.4,143.3,49.0,85.1,23.57
Sugarcane,Black,Sprinkler,7.98,715.0,22.7,81.0,61.6,21.1,393.7
Rice,Clayey,Rainfed,20.79,502.2,33.1,193.1,68.8,61.7,17.3
Sugarcane,Loamy,Sprinkler,21.64,770.5,37.9,196.8,81.8,60.2,482.24
Rice,Alluvial,Rainfed,0.8,499.0,31.8,136.6,84.1,23.5,23.92
Rice,Sandy,Rainfed,20.37,1230.8,37.8,87.0,69.7,28.1,16.58
Rice,Loamy,Drip,2.58,947.6,16.1,47.0,83.3,56.9,34.18
Tomato,Sandy,Drip,2.42,872.6,23.3,64.8,79.4,56.5,110.96
Rice,Sandy,Rainfed,24.47,1074.1,30.2,93.6,22.4,40.2,16.82
Rice,Red,Sprinkler,5.64,918.9,18.0,49.3,46.1,70.4,26.3
Wheat,Sandy,Drip,20.65,875.2,37.2,74.8,70.0,45.9,18.17
Potato,Loamy,Rainfed,2.56,1174.2,31.8,156.7,27.0,70.2,82.15
Rice,Black,Rainfed,21.62,1091.3,25.1,115.8,48.8,85.1,22.45
Rice,Sandy,Rainfed,4.63,236.5,23.2,185.3,26.8,62.4,17.52
Rice,Black,Sprinkler,6.97,1337.4,24.1,185.2,41.3,58.0,25.78
Rice,Black,Flood,2.75,734.0,38.0,173.6,82.5,77.6,31.29
Rice,Black,Flood,23.84,663.4,33.3,139.2,25.8,77.7,26.46
Potato,Clayey,Drip,7.59,504.2,23.3,83.2,55.8,50.8,139.68
Tomato,Sandy,Sprinkler,13.49,624.3,33.5,110.9,42.3,70.6,115.61
Maize,Loamy,Sprinkler,14.48,781.1,28.1,118.7,59.6,70.1,27.07
Tomato,Black,Drip,7.94,604.2,28.5,173.1,85.3,72.5,150.98
Wheat,Loamy,Sprinkler,23.79,961.1,23.8,136.5,41.8,83.7,23.12
Maize,Sandy,Rainfed,5.89,775.1,30.9,91.8,25.6,60.8,16.12
Soybean,Clayey,Drip,21.51,1277.0,36.8,103.6,35.2,46.2,8.62
Sugarcane,Black,Drip,22.9,1101.4,36.5,90.7,85.8,45.8,420.22
Soybean,Red,Sprinkler,12.83,216.9,16.2,78.4,27.1,38.2,10.44
Wheat,Red,Rainfed,23.44,909.9,16.3,45.5,69.2,39.5,11.08
Potato,Alluvial,Drip,24.63,1253.4,35.7,145.5,44.1,82.6,125.16
Rice,Clayey,Sprinkler,21.74,823.1,37.9,41.9,41.0,63.6,23.77
Cotton,Red,Flood,19.05,1382.2,33.8,113.6,83.3,48.7,8.13
Potato,Clayey,Sprinkler,8.85,425.3,34.1,186.4,57.6,70.9,142.33
Maize,Loamy,Drip,6.46,1252.8,32.3,184.0,77.3,89.3,23.86
Wheat,Sandy,Sprinkler,7.94,1379.5,22.0,72.4,51.0,24.0,14.35
Rice,Clayey,Flood,18.12,1120.3,25.2,42.7,63.3,24.4,21.79
Soybean,Alluvial,Rainfed,5.92,393.7,24.2,175.5,78.0,46.8,11.91
Rice,Clayey,Drip,13.54,928.2,26.8,105.3,34.8,53.8,29.32
Tomato,Clayey,Flood,13.04,583.5,19.7,82.1,22.5,69.3,95.77
Tomato,Alluvial,Sprinkler,18.8,1299.1,37.1,41.7,89.3,67.8,96.81
Soybean,Red,Flood,21.6,374.6,34.4,42.5,65.2,50.4,9.4
Tomato,Clayey,Drip,1.47,217.4,18.6,143.9,59.7,58.7,122.81
Wheat,Loamy,Sprinkler,22.92,1241.3,24.1,51.4,82.6,82.2,18.27
Cotton,Black,Flood,6.39,536.3,17.2,167.3,49.2,36.0,12.71
Potato,Red,Drip,3.71,746.4,33.8,172.5,48.8,56.3,132.31
Tomato,Alluvial,Sprinkler,12.7,749.2,27.4,62.4,55.9,37.0,115.02
Tomato,Red,Drip,13.78,1027.6,26.3,110.3,51.2,48.8,87.98
Soybean,Clayey,Flood,21.3,1249.6,19.8,61.8,64.1,41.1,7.15
Sugarcane,Black,Rainfed,2.6,753.1,32.4,197.7,66.7,37.1,359.39
Potato,Clayey,Flood,8.38,391.6,20.5,166.2,31.7,22.0,132.55
Cotton,Clayey,Flood,21.35,1017.1,35.7,182.5,88.4,69.0,8.62
Cotton,Black,Flood,17.13,1070.1,37.2,81.7,21.3,58.2,8.9
Rice,Alluvial,Flood,15.38,698.9,24.4,101.2,61.2,65.3,31.08
Sugarcane,Red,Drip,8.65,1197.7,22.0,127.4,35.0,53.3,345.28
Sugarcane,Red,Sprinkler,12.99,355.7,32.5,55.9,78.7,85.2,321.22
Sugarcane,Black,Sprinkler,23.41,214.1,28.9,120.2,81.1,25.9,321.98
Sugarcane,Loamy,Flood,13.1,1056.1,36.4,54.2,86.8,84.5,382.0
Soybean,Clayey,Flood,11.09,1375.1,17.9,187.6,53.6,63.7,7.51
Wheat,Loamy,Drip,20.11,902.0,37.9,112.9,72.4,66.7,23.21
Tomato,Sandy,Flood,8.26,1012.6,26.6,196.5,81.2,45.1,98.78
Soybean,Sandy,Flood,18.59,1167.3,22.1,98.9,25.4,69.9,5.87
Rice,Loamy,Rainfed,1.81,1051.1,27.7,116.5,35.6,69.4,21.73
Tomato,Loamy,Sprinkler,20.11,504.6,25.3,165.8,88.2,24.2,141.76
Sugarcane,Loamy,Sprinkler,17.95,896.0,18.0,151.0,31.6,75.0,456.1
Wheat,Sandy,Sprinkler,19.62,544.2,24.9,158.3,87.8,51.9,22.33
Potato,Sandy,Flood,12.45,894.0,31.2,57.1,77.5,50.5,102.12
Maize,Loamy,Sprinkler,16.49,1123.3,19.4,158.6,62.0,24.0,21.03
Soybean,Sandy,Sprinkler,20.55,639.5,29.2,137.0,45.6,83.3,11.62
Rice,Clayey,Flood,14.99,959.6,17.2,78.9,75.7,23.5,24.71
Soybean,Alluvial,Flood,22.39,433.0,18.9,196.1,80.8,82.5,14.62
Cotton,Alluvial,Drip,16.34,854.4,17.1,159.3,55.4,65.3,9.81
Rice,Sandy,Rainfed,15.41,679.3,30.2,103.3,77.2,59.7,23.47
Maize,Black,Rainfed,4.27,1152.5,33.3,78.0,40.2,85.7,16.09
Wheat,Clayey,Flood,13.64,529.7,26.6,159.3,34.4,40.5,21.77
Cotton,Clayey,Flood,21.05,324.3,34.4,64.4,25.8,64.9,10.97
Soybean,Red,Flood,11.11,373.0,34.1,189.0,63.6,44.1,10.84
Potato,Sandy,Flood,6.76,936.2,36.8,47.7,20.1,62.0,95.14
Wheat,Sandy,Sprinkler,11.75,502.1,24.1,43.2,56.7,55.4,19.59
Soybean,Loamy,Drip,0.91,824.3,31.3,190.7,32.5,27.2,12.22
Soybean,Sandy,Rainfed,17.22,450.0,26.2,185.7,42.9,54.9,8.57
Potato,Clayey,Drip,6.66,1033.6,32.9,79.2,23.5,79.4,92.33
Wheat,Red,Rainfed,20.02,920.2,31.6,88.6,55.7,72.3,15.47
Soybean,Red,Sprinkler,1.41,231.6,32.3,90.9,75.7,50.2,10.66
Potato,Alluvial,Sprinkler,4.59,1038.2,33.2,92.8,42.6,59.0,89.64
Soybean,Clayey,Drip,17.8,841.0,30.9,179.8,50.3,48.9,11.07
Sugarcane,Red,Drip,21.76,251.8,28.6,176.6,47.9,41.2,361.27
Soybean,Clayey,Drip,8.6,308.4,28.4,116.6,27.3,62.9,11.82
Rice,Black,Flood,16.64,947.8,26.9,73.8,46.7,58.1,27.96
Maize,Sandy,Flood,14.79,1100.0,27.2,56.8,80.1,41.7,18.21
Tomato,Loamy,Rainfed,8.1,501.9,23.6,113.6,33.4,35.7,106.4
Potato,Sandy,Flood,24.42,1282.2,18.8,171.8,48.7,89.4,114.48
Cotton,Loamy,Sprinkler,4.45,585.2,20.9,180.5,53.7,59.4,12.9
Cotton,Red,Sprinkler,6.72,1231.7,31.4,127.6,62.7,26.4,6.97
Wheat,Alluvial,Sprinkler,8.72,590.3,36.3,106.8,87.4,21.7,24.18
Soybean,Loamy,Flood,18.92,368.1,23.7,102.3,55.8,85.0,11.76
Tomato,Black,Rainfed,14.54,228.5,24.7,88.5,70.0,23.9,83.57
Sugarcane,Black,Rainfed,14.1,1090.9,20.8,98.9,45.5,87.2,317.73
Rice,Clayey,Flood,4.61,703.4,26.7,81.0,57.0,40.4,23.91
Soybean,Alluvial,Rainfed,21.27,1391.1,30.9,189.9,77.9,79.1,6.36
Sugarcane,Clayey,Rainfed,13.75,529.6,32.1,173.2,70.0,71.1,307.22
Soybean,Black,Rainfed,14.93,367.0,16.1,79.2,69.3,26.9,8.76
Cotton,Alluvial,Rainfed,5.96,1098.3,25.6,152.8,59.7,86.5,8.85
Soybean,Alluvial,Drip,23.88,496.8,32.1,110.3,40.8,51.9,14.22
Wheat,Black,Sprinkler,6.0,1173.3,35.3,51.4,22.3,72.1,14.52
Soybean,Alluvial,Rainfed,5.02,731.7,19.6,197.1,26.7,61.2,9.97
Rice,Black,Flood,8.26,1099.7,19.0,183.7,37.0,44.7,30.97
Rice,Clayey,Rainfed,0.77,490.8,30.9,77.0,55.6,82.1,17.45
Sugarcane,Red,Rainfed,13.35,1377.1,28.2,44.0,62.3,30.2,234.88
Wheat,Alluvial,Drip,5.64,1131.4,26.7,76.0,33.7,31.6,17.79
Potato,Loamy,Rainfed,14.7,1252.6,35.1,112.2,21.1,49.9,85.42
Potato,Black,Sprinkler,18.25,541.8,32.6,44.9,39.8,54.9,120.21
Sugarcane,Alluvial,Drip,3.38,1338.0,20.9,199.9,54.7,74.0,436.04
Tomato,Clayey,Flood,5.74,207.0,22.6,159.8,75.6,34.2,108.23
Maize,Alluvial,Flood,9.34,1003.2,29.9,77.2,82.8,80.4,23.18
Cotton,Alluvial,Drip,9.73,1048.7,30.8,71.4,67.0,37.7,10.14
Potato,Red,Sprinkler,15.08,989.5,17.4,66.6,41.1,57.8,110.13
Sugarcane,Loamy,Flood,19.06,341.6,34.3,152.9,60.4,82.3,356.3
Sugarcane,Black,Sprinkler,3.8,689.6,18.3,170.7,65.9,55.5,440.57
Rice,Red,Drip,21.37,829.1,21.0,59.5,45.4,37.9,28.85
Tomato,Sandy,Sprinkler,16.45,770.3,34.8,115.4,80.8,40.4,106.56
Soybean,Sandy,Rainfed,3.74,1012.4,30.9,196.7,69.8,54.5,5.89
Cotton,Alluvial,Sprinkler,3.79,1176.9,29.3,191.9,43.8,27.6,9.93
Rice,Black,Rainfed,20.51,435.5,20.5,143.3,79.2,53.1,20.28
Cotton,Clayey,Flood,2.96,1318.6,24.2,52.9,47.1,62.0,8.34
Potato,Red,Rainfed,19.02,973.8,21.2,157.1,38.0,32.3,87.2
Potato,Clayey,Drip,7.92,793.5,18.9,192.9,76.0,66.8,140.5
Wheat,Clayey,Rainfed,12.62,560.0,19.5,143.6,85.1,30.8,16.69
Sugarcane,Alluvial,Flood,6.72,944.0,27.8,49.6,25.7,65.0,345.64
Tomato,Black,Sprinkler,17.12,212.1,26.6,106.3,27.5,84.6,114.86
Sugarcane,Loamy,Rainfed,9.6,450.7,33.1,109.3,33.4,83.3,310.12
Sugarcane,Black,Rainfed,1.0,946.8,30.6,89.8,42.4,43.8,288.4
Maize,Black,Flood,24.55,620.1,21.7,127.5,33.1,22.3,23.8
Maize,Clayey,Drip,10.39,1042.9,28.3,176.5,42.1,56.7,18.36
Soybean,Sandy,Rainfed,4.75,1295.4,18.0,155.5,29.8,47.3,5.86
Maize,Red,Drip,16.87,1088.2,25.9,190.0,71.6,52.1,25.08
Rice,Loamy,Rainfed,7.86,680.3,31.2,185.0,29.2,60.0,26.67
Rice,Loamy,Sprinkler,16.68,937.6,34.7,116.8,80.9,45.2,32.18
Maize,Sandy,Flood,13.56,365.5,29.0,90.4,23.7,86.4,23.07
Maize,Red,Sprinkler,17.06,628.4,27.3,148.1,87.2,37.8,25.3
Wheat,Loamy,Flood,22.44,260.6,30.6,51.5,69.4,22.4,21.35
Sugarcane,Alluvial,Flood,11.99,1197.4,16.3,83.7,20.2,49.1,344.24
Sugarcane,Sandy,Sprinkler,15.95,835.9,17.5,194.9,82.1,38.1,420.16
Cotton,Alluvial,Sprinkler,11.8,573.4,26.8,163.6,31.8,73.7,14.18
Cotton,Black,Rainfed,24.71,615.6,29.2,189.9,31.7,70.2,11.93
Tomato,Alluvial,Rainfed,21.6,1175.7,16.7,54.6,23.4,43.4,92.66
Potato,Loamy,Rainfed,24.17,1356.3,25.8,167.2,20.9,58.3,92.01
Tomato,Sandy,Drip,20.57,1395.4,23.2,101.1,63.3,70.3,99.01
Wheat,Red,Rainfed,19.34,1026.4,32.3,157.5,52.9,34.8,13.17
Tomato,Red,Rainfed,17.65,1191.5,32.1,198.3,39.1,81.2,67.07
Soybean,Red,Flood,10.54,960.9,16.5,183.6,56.4,52.7,9.91
Rice,Clayey,Flood,11.12,883.4,35.3,188.5,57.0,72.8,31.04
Tomato,Clayey,Flood,16.33,241.7,35.6,142.7,65.0,83.2,108.97
Soybean,Sandy,Drip,19.5,545.8,23.1,148.6,59.4,31.4,12.28
Potato,Black,Flood,19.29,1330.4,20.8,163.4,21.4,67.0,95.73
Wheat,Alluvial,Rainfed,0.85,1138.5,33.9,65.9,71.8,50.3,15.12
Cotton,Red,Flood,4.9,995.3,30.8,80.4,42.7,78.4,7.38
Potato,Black,Rainfed,9.08,896.4,21.0,50.4,63.8,49.2,77.24
Sugarcane,Black,Sprinkler,23.54,865.4,29.2,196.3,64.9,22.2,443.43
Maize,Alluvial,Rainfed,19.99,900.6,30.8,198.4,26.3,66.7,21.34
Wheat,Sandy,Rainfed,9.12,275.5,29.7,70.2,59.8,71.8,13.59
Cotton,Black,Rainfed,23.56,472.6,24.6,137.0,72.9,83.1,11.07
Rice,Loamy,Flood,22.83,1397.6,20.0,46.1,39.3,78.4,22.51
Cotton,Red,Drip,11.09,1001.5,25.4,110.6,24.6,48.1,10.0
Potato,Sandy,Sprinkler,17.71,1331.3,21.9,110.4,75.7,62.7,94.68
Tomato,Loamy,Flood,14.18,237.3,26.2,114.0,58.1,67.0,124.72
Rice,Clayey,Rainfed,10.93,424.6,33.0,115.9,44.6,45.3,17.52
Soybean,Sandy,Drip,24.29,1379.7,28.8,40.2,83.0,59.9,9.02
Potato,Loamy,Sprinkler,7.19,563.1,29.5,110.1,70.9,82.6,148.32
Maize,Loamy,Sprinkler,16.09,1257.9,27.7,161.5,73.4,66.5,23.06
Cotton,Red,Flood,6.49,1118.7,17.5,63.6,68.6,82.5,7.94
Cotton,Black,Sprinkler,23.71,610.8,25.7,153.1,61.1,42.3,14.55
Tomato,Loamy,Rainfed,8.01,1201.1,22.8,105.6,44.3,28.1,76.32
Sugarcane,Black,Rainfed,3.34,227.7,17.1,192.7,30.0,69.6,219.13
Wheat,Red,Rainfed,21.04,1077.5,30.6,60.9,64.8,74.1,13.81
Rice,Black,Flood,6.18,256.0,36.8,90.2,51.0,28.0,21.55
Cotton,Clayey,Drip,8.83,803.5,26.2,65.2,61.3,72.0,11.21
Potato,Black,Sprinkler,4.66,659.7,35.2,98.1,86.6,86.2,136.76
Soybean,Loamy,Drip,5.04,1357.2,24.9,144.6,21.3,28.9,9.32
Maize,Sandy,Sprinkler,19.35,714.6,32.7,99.5,37.1,71.0,22.43
Cotton,Alluvial,Sprinkler,5.87,893.3,17.4,109.5,29.5,39.1,10.97
Soybean,Sandy,Flood,11.94,473.4,20.4,108.1,72.9,62.4,9.72
Potato,Loamy,Rainfed,15.15,723.5,37.6,97.0,63.0,41.8,111.89
Cotton,Loamy,Sprinkler,19.8,504.7,32.8,150.1,42.6,58.2,13.96
Wheat,Alluvial,Sprinkler,1.81,1217.1,29.8,118.2,82.3,79.2,17.4
Wheat,Sandy,Sprinkler,10.71,287.3,18.2,106.5,41.4,84.8,22.75
Cotton,Red,Flood,19.18,508.2,25.8,151.2,25.6,61.6,10.61
Cotton,Clayey,Flood,0.69,770.4,20.2,140.4,88.6,52.5,10.62
Tomato,Black,Rainfed,22.3,1143.0,22.5,127.2,35.7,51.1,83.85
Soybean,Red,Drip,10.73,1109.7,24.7,172.2,38.7,39.4,6.96
Soybean,Clayey,Rainfed,10.88,568.6,35.9,179.1,36.6,25.7,8.98
Rice,Alluvial,Rainfed,16.97,238.5,18.9,149.8,34.9,80.0,19.01
Cotton,Alluvial,Flood,19.7,890.1,18.5,106.8,38.4,25.0,11.03
Potato,Clayey,Flood,17.05,499.6,28.6,190.9,70.6,68.3,131.19
Soybean,Loamy,Flood,10.27,524.9,38.0,89.3,81.9,67.3,11.45
Sugarcane,Sandy,Sprinkler,21.09,1260.0,19.5,94.3,43.5,22.9,307.74
Maize,Loamy,Rainfed,4.77,653.8,33.7,168.0,85.5,48.2,23.24
Tomato,Loamy,Rainfed,5.8,283.4,28.5,161.0,27.7,78.7,119.84
Sugarcane,Black,Rainfed,3.43,1139.7,23.7,75.9,44.7,65.2,282.1
Tomato,Clayey,Rainfed,17.85,1199.3,18.7,169.6,53.7,51.5,71.25
Maize,Clayey,Sprinkler,21.7,879.6,31.7,174.7,52.5,73.3,17.89
Rice,Loamy,Sprinkler,8.77,788.4,23.0,93.7,43.6,28.6,30.27
Rice,Clayey,Flood,2.96,1105.3,22.1,111.0,26.1,40.1,20.84
Maize,Sandy,Flood,3.63,1337.5,28.6,88.9,54.7,55.1,16.21
Cotton,Red,Sprinkler,16.76,697.0,17.0,165.5,67.5,53.1,11.38
Cotton,Sandy,Rainfed,12.25,1174.1,32.7,82.5,30.6,69.0,6.64
Tomato,Alluvial,Flood,1.84,1044.0,35.6,141.7,85.6,29.0,105.02
Soybean,Loamy,Flood,22.64,486.8,20.5,195.2,21.8,75.0,12.71
Wheat,Alluvial,Flood,2.22,1149.4,29.2,131.7,52.1,39.4,17.6
Rice,Clayey,Rainfed,10.75,1314.7,36.0,154.5,81.9,42.4,21.01
Soybean,Clayey,Drip,20.98,347.3,34.1,120.7,82.0,82.1,11.08
Wheat,Black,Rainfed,17.12,543.4,21.5,101.0,55.1,86.6,18.06
Cotton,Alluvial,Sprinkler,11.67,1176.6,24.4,126.2,82.4,84.0,12.22
Soybean,Loamy,Rainfed,9.21,889.1,34.3,150.1,21.5,43.6,7.87
Rice,Black,Sprinkler,5.89,571.5,29.6,125.5,35.3,31.5,26.27
Wheat,Alluvial,Sprinkler,7.14,1337.1,26.2,49.4,71.0,43.0,15.12
Potato,Loamy,Rainfed,21.69,1262.1,17.0,66.9,28.2,32.6,82.51
Maize,Sandy,Drip,3.73,794.6,18.3,95.3,30.4,64.5,24.87
Sugarcane,Red,Drip,13.65,873.3,24.4,83.0,65.6,29.4,360.4
Cotton,Loamy,Drip,8.13,345.3,35.0,119.0,60.1,59.9,13.74
Tomato,Red,Sprinkler,6.98,356.0,26.9,105.2,68.9,83.3,116.92
Maize,Clayey,Drip,15.77,973.3,31.7,86.8,42.6,50.7,20.02
Soybean,Black,Flood,6.48,337.1,27.7,177.3,71.6,35.1,12.1
Tomato,Alluvial,Drip,21.76,599.2,17.9,191.1,56.2,25.2,153.88
Potato,Alluvial,Rainfed,16.72,1048.0,35.6,192.9,56.0,75.9,101.36
Wheat,Sandy,Sprinkler,5.92,1384.2,22.7,60.4,58.2,80.1,13.25
Rice,Alluvial,Rainfed,17.76,1054.6,18.1,157.1,71.8,66.2,26.59
Soybean,Clayey,Drip,20.55,206.8,37.8,69.3,52.9,81.0,10.56
Wheat,Loamy,Rainfed,19.61,548.7,22.1,146.8,82.7,60.5,18.39
Cotton,Red,Flood,1.77,236.2,18.3,194.5,85.9,33.6,10.94
Wheat,Loamy,Rainfed,8.9,1128.0,28.6,54.8,50.1,61.1,12.91
Potato,Loamy,Drip,7.62,607.7,36.6,66.4,23.0,51.8,148.11
Soybean,Black,Flood,18.62,1244.9,29.9,175.0,38.3,26.8,8.78
Wheat,Alluvial,Sprinkler,10.95,832.1,24.0,140.2,22.1,87.9,23.1
Cotton,Black,Rainfed,14.31,344.0,27.7,97.1,75.5,73.1,8.0
Cotton,Alluvial,Drip,17.83,775.4,28.9,198.2,62.1,75.0,15.83
Wheat,Clayey,Rainfed,10.25,598.3,29.7,172.1,85.6,76.2,19.59
Tomato,Alluvial,Sprinkler,21.48,788.7,20.8,67.2,20.0,70.3,111.11
Sugarcane,Alluvial,Sprinkler,16.29,919.6,23.7,111.1,24.5,75.7,410.21
Cotton,Clayey,Drip,2.14,1274.9,31.2,59.5,24.6,88.2,7.9
Tomato,Red,Flood,24.89,1076.6,21.0,56.3,49.0,80.0,94.98
Maize,Clayey,Drip,23.03,1297.9,37.8,179.8,89.8,37.1,21.38
Tomato,Loamy,Drip,4.83,322.9,32.2,112.1,42.6,80.0,150.29
Tomato,Black,Flood,18.71,1178.7,31.1,110.4,46.6,74.0,103.84
Wheat,Sandy,Sprinkler,2.73,354.7,21.3,177.5,84.7,77.8,23.92
Potato,Red,Drip,8.52,363.4,19.4,149.4,21.4,28.2,135.15
Soybean,Loamy,Sprinkler,23.87,813.2,36.1,194.8,79.3,41.7,12.26
Sugarcane,Red,Rainfed,19.93,855.8,25.3,139.0,51.1,37.2,303.59
Rice,Clayey,Flood,4.37,1232.7,25.8,186.7,52.8,39.3,23.9
Cotton,Clayey,Flood,3.13,670.1,29.0,84.1,32.3,74.2,10.43
Rice,Clayey,Sprinkler,22.36,1016.0,31.8,53.6,27.5,28.9,22.35
Wheat,Black,Rainfed,11.5,1375.1,37.1,92.7,82.0,79.3,14.62
Potato,Red,Drip,4.78,285.0,24.8,132.3,79.8,88.2,133.54
Maize,Sandy,Flood,16.86,231.5,24.3,151.3,37.7,87.0,24.29
Soybean,Black,Flood,15.78,629.3,34.6,112.5,70.9,26.7,10.13
Sugarcane,Alluvial,Rainfed,17.13,478.2,18.4,142.5,56.6,82.9,322.12
Soybean,Red,Rainfed,11.21,348.7,28.4,192.4,75.5,60.5,10.53
Rice,Red,Flood,1.28,1009.1,24.8,129.8,64.6,88.1,25.64
Tomato,Red,Drip,10.41,1250.4,20.2,127.7,21.7,73.5,86.29
Wheat,Alluvial,Flood,14.07,616.0,20.4,169.2,23.8,24.9,20.28
Cotton,Alluvial,Sprinkler,6.49,364.5,34.7,138.6,33.1,32.4,12.91
Wheat,Alluvial,Rainfed,1.72,620.2,18.6,44.6,27.9,50.2,15.15
Soybean,Alluvial,Flood,10.95,423.1,18.4,155.6,38.7,77.4,13.5
Rice,Black,Drip,8.96,1103.5,25.3,174.0,81.4,41.0,31.52
Tomato,Black,Flood,6.05,895.1,28.7,73.1,75.7,64.2,105.84
Rice,Black,Sprinkler,3.28,336.9,23.6,162.1,62.6,27.2,26.58
Wheat,Clayey,Sprinkler,19.48,450.9,26.0,65.0,87.0,74.5,23.83
Rice,Sandy,Drip,10.87,1307.9,17.6,168.5,35.1,42.7,27.59
Soybean,Black,Sprinkler,9.73,953.8,28.0,77.0,44.1,63.0,9.43
Potato,Sandy,Drip,11.44,532.1,18.3,52.0,44.3,63.0,125.89
Sugarcane,Red,Sprinkler,15.34,781.7,18.3,84.5,82.3,58.5,386.48
Wheat,Loamy,Drip,20.67,1308.6,30.1,171.3,24.1,83.4,19.84
Soybean,Alluvial,Drip,8.12,739.6,33.7,65.9,40.5,67.6,11.26
Potato,Alluvial,Drip,3.7,1115.2,17.5,42.0,82.9,60.7,109.06
Tomato,Sandy,Sprinkler,24.79,1379.9,30.0,110.9,54.4,67.8,79.89
Rice,Sandy,Drip,8.61,402.8,26.3,56.0,43.5,46.5,19.98
Potato,Alluvial,Drip,7.15,937.9,37.5,57.8,34.8,53.1,106.36
Sugarcane,Clayey,Sprinkler,15.67,835.5,32.8,46.3,85.5,26.7,340.17
Cotton,Sandy,Drip,3.06,451.3,37.3,146.9,74.5,74.3,14.5
Cotton,Sandy,Rainfed,17.5,587.2,28.6,193.1,41.0,89.3,8.38
Maize,Clayey,Rainfed,11.44,282.2,19.7,166.6,65.4,59.9,20.54
Wheat,Black,Drip,23.29,1048.6,23.3,102.5,71.9,62.1,19.09
Maize,Black,Flood,18.35,974.9,37.7,74.2,61.9,74.6,23.17
Soybean,Sandy,Sprinkler,0.78,712.9,25.0,198.1,52.9,37.9,10.45
Wheat,Red,Flood,23.88,446.9,22.9,89.2,40.2,52.8,21.54
Sugarcane,Black,Flood,12.88,1350.4,19.8,155.1,63.0,67.6,310.77
Cotton,Loamy,Flood,10.29,752.5,36.0,183.0,87.6,82.0,12.27
Soybean,Clayey,Rainfed,19.7,335.1,36.1,71.1,62.9,89.0,7.61
Tomato,Black,Flood,5.4,1367.9,23.7,175.3,86.2,80.5,97.26
Wheat,Alluvial,Rainfed,3.44,206.8,17.1,186.6,83.6,35.8,20.67
Tomato,Clayey,Sprinkler,20.37,1128.4,19.2,114.2,74.2,43.6,88.95
Sugarcane,Clayey,Flood,2.41,796.9,19.3,169.8,49.4,73.6,386.81
Potato,Alluvial,Flood,21.78,1237.3,31.3,140.0,21.0,72.4,106.84
Rice,Clayey,Flood,12.49,747.3,20.5,160.9,51.6,87.1,29.57
Maize,Alluvial,Drip,18.58,354.0,24.4,133.7,71.6,20.3,29.27
Soybean,Black,Rainfed,18.72,833.7,25.0,83.0,89.9,25.0,8.58
Sugarcane,Sandy,Flood,10.32,414.3,16.0,176.5,70.1,68.3,339.43
Cotton,Alluvial,Drip,11.14,380.5,26.3,148.6,78.3,52.1,14.33
Maize,Black,Drip,22.22,874.7,21.5,192.8,53.8,43.2,27.81
Wheat,Sandy,Sprinkler,7.0,355.3,27.2,64.6,63.1,30.9,21.75
Cotton,Black,Rainfed,21.98,1138.1,16.3,170.7,41.0,30.5,7.94
Soybean,Alluvial,Flood,18.38,1245.4,37.3,188.3,75.8,65.0,9.25
Wheat,Sandy,Drip,3.85,861.6,29.3,152.9,67.6,40.5,23.1
Wheat,Alluvial,Flood,13.88,681.1,25.5,49.2,51.8,75.7,18.98
Wheat,Clayey,Rainfed,18.6,453.8,24.7,50.3,35.8,75.5,13.83
Maize,Clayey,Sprinkler,8.73,361.1,17.6,198.7,65.9,57.9,27.45
Maize,Sandy,Flood,8.0,1001.1,31.5,189.9,35.7,52.8,20.24
Soybean,Loamy,Sprinkler,21.67,585.6,37.8,65.2,56.1,75.5,10.96
Wheat,Loamy,Flood,16.02,1268.7,23.5,114.3,82.7,39.1,13.73
Cotton,Black,Rainfed,0.81,201.4,29.6,70.2,33.4,65.7,8.69
Cotton,Clayey,Drip,5.24,844.5,34.7,47.9,82.2,66.6,10.51
Soybean,Sandy,Rainfed,5.83,508.1,18.2,136.9,67.6,65.0,8.75
Rice,Loamy,Flood,3.31,1390.1,22.7,141.6,60.7,75.0,27.24
Maize,Sandy,Flood,19.58,498.4,30.9,184.4,47.0,74.5,24.88
Tomato,Sandy,Sprinkler,16.66,857.2,26.9,89.7,55.3,31.3,96.6
Maize,Loamy,Drip,13.77,665.4,18.2,168.3,84.1,73.0,31.61
Potato,Loamy,Rainfed,17.27,840.5,30.7,77.4,54.3,47.4,100.95
Tomato,Black,Sprinkler,2.35,237.7,31.3,110.1,58.7,59.0,120.99
Soybean,Clayey,Rainfed,3.6,662.7,27.7,135.8,85.5,74.4,7.03
Maize,Red,Flood,1.36,513.3,22.1,185.5,65.4,25.7,26.66
Wheat,Alluvial,Rainfed,18.21,703.6,18.1,46.4,53.5,62.0,18.2
Cotton,Sandy,Flood,12.51,234.6,17.4,126.1,70.3,35.1,11.4
Tomato,Loamy,Drip,14.41,1372.4,22.0,65.3,23.6,36.9,101.54
Cotton,Black,Sprinkler,6.5,1226.4,28.8,51.1,23.3,24.3,6.48
Wheat,Red,Flood,15.28,1002.7,30.4,111.3,44.3,78.5,16.51
Rice,Loamy,Sprinkler,12.35,462.1,29.3,129.4,46.6,80.4,31.56
Potato,Sandy,Rainfed,18.76,495.0,32.0,159.6,47.8,34.7,108.68
Tomato,Alluvial,Rainfed,21.23,941.4,32.5,74.2,70.2,35.9,85.22
Rice,Black,Rainfed,15.57,381.0,34.4,189.7,29.6,54.2,21.54
Maize,Black,Rainfed,1.62,442.4,33.4,158.8,53.3,23.5,19.52
Tomato,Sandy,Flood,16.72,860.5,18.7,58.0,25.1,72.1,100.93
Tomato,Black,Rainfed,14.23,301.6,35.9,185.1,68.9,84.8,112.21
Sugarcane,Black,Sprinkler,5.84,669.6,28.3,149.6,87.5,85.2,446.97
Maize,Black,Flood,14.92,1307.8,32.5,146.6,60.8,54.2,18.63
Soybean,Sandy,Rainfed,9.61,233.9,19.0,67.7,23.8,66.0,7.13
Rice,Loamy,Rainfed,16.91,1000.8,27.3,98.1,71.1,40.9,19.28
Sugarcane,Red,Rainfed,6.84,571.2,19.6,171.7,61.1,62.9,312.29
Soybean,Sandy,Sprinkler,11.96,703.3,19.9,187.9,73.4,53.7,11.34
Sugarcane,Clayey,Drip,13.8,1158.8,16.8,197.4,51.8,45.1,385.65
Soybean,Loamy,Drip,4.48,920.8,26.8,71.1,72.5,39.3,9.87
Wheat,Alluvial,Drip,1.92,1035.5,17.2,170.7,77.7,36.6,20.9
Soybean,Red,Sprinkler,12.09,1100.4,29.5,56.1,47.8,55.5,7.6
Soybean,Red,Sprinkler,4.1,861.2,19.2,137.8,85.3,33.7,9.64
Wheat,Sandy,Sprinkler,19.93,920.5,18.2,191.5,25.5,63.8,21.09
Sugarcane,Red,Sprinkler,10.31,430.8,22.0,176.6,60.0,51.9,311.53
Tomato,Red,Rainfed,13.8,1348.2,19.4,116.6,57.6,54.4,70.25
Rice,Red,Flood,8.69,449.5,33.6,139.9,52.8,35.2,24.92
Soybean,Loamy,Rainfed,24.33,1137.3,19.1,176.5,48.0,71.1,8.84
Maize,Sandy,Flood,22.11,645.4,17.7,193.3,50.5,63.6,23.91
Sugarcane,Alluvial,Flood,7.92,555.3,27.0,178.7,75.6,87.4,426.16
Rice,Black,Rainfed,3.95,319.9,28.4,105.8,70.1,54.1,19.25
Maize,Black,Rainfed,12.6,1248.8,35.5,41.8,82.0,39.0,14.78
Potato,Black,Drip,14.76,1003.4,23.2,131.9,40.5,48.2,130.49
Rice,Sandy,Sprinkler,12.75,665.1,29.5,49.0,55.5,81.0,24.87
Wheat,Sandy,Flood,15.52,680.5,16.3,60.0,42.7,59.5,15.72
Soybean,Clayey,Sprinkler,2.31,543.1,24.1,139.5,24.5,57.1,10.74
Sugarcane,Alluvial,Drip,19.01,518.4,22.8,124.5,35.1,81.9,448.69
Maize,Loamy,Rainfed,1.27,342.6,22.9,111.0,28.4,28.4,21.47
Soybean,Alluvial,Flood,0.59,233.2,34.1,71.9,24.3,36.6,11.51
Soybean,Red,Sprinkler,15.8,485.1,27.1,188.2,77.1,42.6,12.2
Wheat,Red,Rainfed,2.1,732.4,34.7,52.3,44.9,83.0,13.41
Rice,Clayey,Rainfed,19.57,851.9,34.3,57.9,84.4,85.4,21.61
Rice,Black,Flood,23.72,642.4,16.2,150.3,88.6,87.6,31.15
Wheat,Alluvial,Flood,5.79,1216.0,25.1,45.8,42.5,73.4,16.75
Tomato,Black,Sprinkler,23.86,1010.4,28.1,40.6,22.8,34.1,78.79
Wheat,Alluvial,Flood,7.97,632.1,25.3,55.8,23.0,67.2,17.38
Potato,Alluvial,Rainfed,10.98,969.3,37.0,174.3,49.8,65.1,112.95
Tomato,Alluvial,Sprinkler,4.18,990.5,19.3,187.7,59.6,43.0,115.15
Sugarcane,Clayey,Flood,6.53,892.9,25.2,66.5,30.8,69.5,312.23
Rice,Black,Drip,15.23,932.0,28.3,186.4,67.2,48.3,34.28
Sugarcane,Black,Rainfed,7.16,1375.0,21.9,150.8,37.7,44.9,259.53
Wheat,Red,Sprinkler,12.36,1042.2,21.0,40.7,44.0,87.8,14.68
Sugarcane,Sandy,Sprinkler,24.4,1235.0,33.8,60.5,72.9,35.0,324.31
Potato,Loamy,Flood,9.13,714.4,34.1,162.6,46.2,59.6,130.11
Rice,Black,Drip,14.39,435.7,30.4,149.6,85.3,30.3,29.94
Maize,Black,Flood,14.02,325.9,16.5,67.4,59.5,69.2,25.43
Wheat,Sandy,Sprinkler,10.59,984.6,37.9,190.1,20.3,82.0,16.7
Cotton,Loamy,Drip,8.85,1345.6,31.3,126.3,55.7,31.2,12.17
Potato,Red,Rainfed,7.86,720.7,17.8,56.3,52.9,57.1,76.78
Soybean,Clayey,Flood,3.94,845.2,29.0,127.0,26.9,42.3,8.44
Tomato,Black,Rainfed,14.91,874.1,30.5,173.3,70.8,75.3,90.55
Cotton,Sandy,Drip,15.86,864.2,37.1,69.9,44.6,60.1,9.91
Rice,Red,Rainfed,23.9,1350.7,34.4,98.2,25.1,59.8,15.94
Soybean,Alluvial,Drip,8.25,1359.6,19.4,158.8,44.9,60.7,10.04
Tomato,Black,Flood,22.95,953.7,34.5,63.7,79.9,67.3,96.02
Rice,Alluvial,Drip,15.97,294.5,26.7,73.6,33.9,85.8,29.18
Cotton,Black,Sprinkler,21.84,207.1,24.5,84.4,59.9,37.5,12.59
Wheat,Clayey,Sprinkler,15.28,374.8,32.0,73.2,50.3,65.3,19.48
Sugarcane,Alluvial,Drip,13.47,212.0,23.4,103.8,43.7,50.5,340.41
Cotton,Alluvial,Sprinkler,12.35,1074.6,25.7,94.2,40.5,34.8,9.54
Soybean,Black,Rainfed,3.65,241.3,25.1,71.1,32.9,40.1,7.82
Soybean,Red,Flood,1.03,1086.4,37.1,178.0,31.8,42.9,8.29
Wheat,Red,Flood,23.34,921.5,19.2,184.2,32.2,44.7,15.77
Rice,Black,Rainfed,6.27,869.0,37.1,180.6,48.3,40.4,24.94
Potato,Red,Rainfed,16.13,274.9,30.4,185.9,46.6,78.7,89.72
Wheat,Loamy,Sprinkler,13.16,456.1,27.8,173.7,63.1,64.4,28.92
Maize,Sandy,Rainfed,3.95,1014.6,32.4,58.5,35.9,26.9,13.69
Maize,Black,Drip,12.25,1265.1,28.5,149.0,43.7,60.0,24.99
Maize,Sandy,Flood,6.51,981.9,34.3,113.5,67.6,65.6,18.16
Wheat,Alluvial,Drip,10.71,1092.6,34.8,89.6,47.5,45.0,21.82
Wheat,Red,Drip,13.73,437.1,25.5,120.3,83.1,38.3,22.75
Maize,Loamy,Rainfed,3.01,357.8,30.9,76.9,75.4,61.4,21.76
Cotton,Clayey,Sprinkler,9.62,581.9,29.7,66.3,79.2,76.9,9.85
Cotton,Loamy,Sprinkler,6.56,221.1,29.6,113.3,59.7,83.0,13.3
Cotton,Alluvial,Rainfed,13.48,990.0,17.7,119.1,45.2,81.1,9.08
Sugarcane,Black,Flood,16.57,1080.4,24.1,104.7,58.8,85.7,371.69
Rice,Black,Rainfed,1.62,208.7,37.7,145.4,45.6,52.9,21.94
Wheat,Clayey,Drip,17.5,1121.3,35.7,96.7,86.6,64.6,19.19
Cotton,Sandy,Drip,11.76,293.2,37.1,180.6,72.8,85.3,14.72
Sugarcane,Loamy,Sprinkler,7.28,1057.6,24.4,163.3,30.0,34.3,409.48
Potato,Alluvial,Flood,7.63,824.7,24.6,193.6,43.5,74.5,148.58
Soybean,Sandy,Drip,10.15,1075.4,20.6,100.3,20.6,73.1,9.64
Tomato,Black,Sprinkler,5.12,1141.4,29.1,182.9,32.0,49.4,102.92
Tomato,Sandy,Flood,13.82,830.9,22.4,135.2,21.9,24.5,86.0
Potato,Alluvial,Sprinkler,13.48,1212.1,21.2,110.8,30.9,61.7,113.56
Sugarcane,Alluvial,Flood,9.98,804.3,20.2,180.2,60.1,33.4,430.15
Soybean,Sandy,Flood,6.31,725.1,34.8,66.8,38.6,51.2,8.85
Rice,Clayey,Drip,10.41,1141.7,33.9,188.4,69.2,37.2,27.45
Potato,Black,Sprinkler,23.28,862.1,33.5,93.2,61.5,54.6,118.96
Maize,Red,Drip,4.46,447.9,27.2,59.9,85.7,87.6,28.05
Tomato,Clayey,Flood,20.86,538.5,28.1,53.3,84.1,48.3,109.95
Sugarcane,Black,Drip,11.79,502.1,24.2,168.0,78.4,41.3,450.7
Wheat,Red,Drip,16.71,1263.9,31.8,61.0,85.8,83.0,16.94
Wheat,Loamy,Drip,17.75,1074.0,35.7,48.4,29.9,61.9,18.85
Wheat,Clayey,Drip,9.23,921.3,28.2,104.7,50.0,35.9,19.07
Potato,Clayey,Sprinkler,21.34,374.3,16.7,189.4,56.9,57.6,130.38
Maize,Black,Rainfed,10.31,965.9,35.5,107.7,74.2,88.0,19.7
Wheat,Alluvial,Rainfed,23.63,403.7,16.2,77.9,36.5,49.5,15.11
Maize,Red,Rainfed,9.3,268.9,30.1,131.2,27.9,83.6,16.58
Maize,Alluvial,Flood,22.18,895.4,21.4,89.5,82.0,40.9,20.66
Tomato,Alluvial,Drip,7.81,1214.1,29.2,112.6,48.6,54.8,102.12
Potato,Clayey,Flood,10.74,871.7,16.5,189.8,83.2,58.0,127.8
Maize,Black,Drip,17.36,815.3,26.5,143.2,59.0,65.1,28.07
Sugarcane,Sandy,Sprinkler,8.77,799.1,30.8,194.9,30.1,81.1,419.33
Potato,Clayey,Rainfed,9.36,673.0,20.4,51.3,74.1,37.5,74.6
Cotton,Clayey,Sprinkler,5.66,822.2,27.8,80.7,25.1,72.1,10.19
Wheat,Black,Rainfed,22.27,743.8,22.9,190.6,79.5,79.1,20.83
Wheat,Loamy,Drip,7.48,667.6,16.0,114.7,54.1,80.4,23.31
Tomato,Sandy,Sprinkler,15.97,302.8,36.8,86.7,35.9,29.0,99.06
Sugarcane,Red,Drip,21.7,716.2,28.8,161.2,38.6,82.3,423.8
Soybean,Red,Sprinkler,22.41,573.3,22.9,76.5,42.2,34.9,10.06
Sugarcane,Black,Flood,2.57,757.4,32.5,75.5,35.4,86.3,374.72
Soybean,Alluvial,Rainfed,23.17,870.2,21.5,73.0,29.5,49.7,8.18
Maize,Sandy,Rainfed,21.84,526.7,17.8,145.1,65.8,26.6,21.09
Potato,Red,Sprinkler,14.64,1011.7,32.8,90.9,30.2,86.8,106.04
Sugarcane,Alluvial,Flood,5.01,757.6,16.3,117.1,23.9,88.4,416.83
Cotton,Sandy,Drip,17.85,666.4,27.7,183.0,38.0,36.8,13.84
Maize,Black,Drip,10.44,882.5,33.4,151.5,89.7,21.0,24.08
Potato,Alluvial,Drip,17.87,301.7,32.3,150.9,37.6,37.7,150.07
Sugarcane,Alluvial,Sprinkler,3.57,935.9,20.4,82.0,72.2,88.4,448.62
Potato,Sandy,Flood,12.1,1157.8,18.8,103.4,39.0,40.4,87.38
Wheat,Clayey,Rainfed,22.76,757.4,25.3,176.0,41.8,77.2,15.85
Wheat,Sandy,Rainfed,6.56,1368.5,24.7,135.8,36.9,54.3,11.76
Soybean,Red,Sprinkler,22.34,208.9,34.0,122.7,59.2,67.0,9.41
Maize,Alluvial,Rainfed,11.86,1085.0,18.8,121.9,39.5,31.3,16.26
Maize,Loamy,Sprinkler,3.56,362.6,34.1,187.5,75.4,34.1,33.21
Rice,Alluvial,Rainfed,2.27,1251.1,27.5,105.3,41.7,40.8,17.54
Potato,Black,Rainfed,6.72,597.6,27.0,42.3,83.3,23.1,104.57
Cotton,Alluvial,Sprinkler,22.11,682.6,17.5,122.6,44.2,67.1,11.05
Soybean,Red,Rainfed,3.92,808.7,30.6,165.8,69.8,30.3,7.24
Sugarcane,Sandy,Sprinkler,19.23,1207.8,22.4,189.0,58.7,68.8,346.04
Tomato,Red,Rainfed,7.19,663.4,19.5,55.6,56.5,70.4,79.19
Maize,Black,Drip,1.39,1227.4,21.1,175.8,29.7,60.6,24.94
Sugarcane,Alluvial,Flood,13.35,1110.1,23.4,100.7,85.4,34.9,368.83
Tomato,Black,Drip,14.17,421.9,16.9,45.8,78.2,61.4,134.1
Wheat,Alluvial,Flood,17.56,571.7,35.2,93.9,63.4,40.0,24.92
Wheat,Sandy,Drip,2.41,712.9,27.7,183.8,89.8,72.7,22.32
Sugarcane,Alluvial,Drip,18.02,289.7,36.2,158.6,43.5,45.4,360.98
Sugarcane,Alluvial,Sprinkler,1.36,1123.1,31.9,194.2,85.1,73.4,441.0
Cotton,Black,Rainfed,22.53,605.7,32.4,161.6,65.5,47.6,9.78
Soybean,Black,Flood,21.15,510.2,22.3,193.6,46.5,20.7,11.82
Tomato,Sandy,Drip,3.02,293.0,29.1,70.3,45.3,80.3,125.51
Wheat,Alluvial,Sprinkler,7.53,1292.6,27.1,83.0,61.9,34.1,17.11
Rice,Sandy,Flood,10.01,915.7,27.0,197.1,78.2,83.8,30.37
Wheat,Alluvial,Flood,23.63,223.2,37.2,63.9,77.4,39.3,20.41
Cotton,Red,Flood,13.73,792.7,27.3,66.2,52.4,62.4,6.73
Maize,Black,Sprinkler,6.5,889.2,32.9,86.2,48.6,56.7,18.05
Cotton,Alluvial,Drip,11.09,862.3,34.3,168.4,27.0,85.4,13.82
Cotton,Sandy,Flood,16.51,661.3,30.8,134.2,35.6,79.3,9.85
Tomato,Loamy,Sprinkler,16.59,376.0,34.5,63.4,82.4,51.5,140.76
Wheat,Red,Drip,11.42,493.2,27.6,84.0,80.5,62.5,24.06
Potato,Black,Drip,15.99,911.5,18.7,92.2,59.4,33.1,119.21
Sugarcane,Sandy,Drip,14.59,331.0,19.9,46.6,76.6,58.6,317.26
Tomato,Clayey,Sprinkler,18.12,875.2,37.4,150.2,82.7,69.0,101.17
Potato,Black,Flood,18.26,218.8,22.4,142.6,33.0,41.2,131.4
Maize,Clayey,Drip,5.08,850.4,22.2,91.8,44.6,24.4,19.7
Cotton,Clayey,Flood,24.5,509.3,26.1,74.6,54.6,72.9,12.4
Soybean,Alluvial,Sprinkler,11.12,760.6,31.5,89.4,42.1,24.2,11.07
Soybean,Clayey,Sprinkler,14.24,469.3,27.2,123.3,61.3,24.2,12.22
Tomato,Black,Rainfed,4.34,967.3,35.2,105.5,31.9,73.0,88.38
Maize,Alluvial,Flood,17.01,664.3,31.0,183.6,43.3,86.1,28.2
Rice,Black,Drip,4.68,623.0,33.0,44.9,67.1,77.1,32.11
Potato,Alluvial,Flood,2.81,578.2,35.3,95.5,59.3,50.3,121.8
Maize,Clayey,Drip,21.75,221.8,18.8,119.4,52.3,69.6,25.7
Sugarcane,Sandy,Drip,18.24,878.0,26.3,182.1,73.7,76.8,436.03
Wheat,Sandy,Rainfed,6.79,519.8,24.9,152.3,22.7,87.0,17.32
Soybean,Sandy,Flood,4.33,499.9,26.7,152.2,89.0,50.9,11.79
Maize,Sandy,Flood,21.92,918.5,31.2,150.1,69.3,42.5,23.1
Cotton,Black,Sprinkler,23.25,1371.1,36.7,83.5,55.7,32.3,10.34
Tomato,Clayey,Flood,23.72,1258.7,21.4,55.3,50.8,67.3,76.48
Sugarcane,Black,Flood,21.46,776.0,34.2,170.7,84.1,40.8,406.46
Sugarcane,Black,Sprinkler,20.88,314.6,18.4,184.2,57.9,70.3,359.52
Tomato,Red,Drip,22.51,565.3,27.0,107.6,32.0,45.1,116.65
Rice,Clayey,Flood,12.9,846.0,32.3,79.6,36.2,86.5,28.44
Maize,Sandy,Flood,21.57,1133.4,21.4,162.9,20.9,35.2,17.88
Wheat,Alluvial,Sprinkler,2.29,470.1,27.7,151.3,74.2,23.0,24.81
Wheat,Black,Flood,12.71,1271.4,33.7,141.9,82.0,67.5,17.12
Rice,Loamy,Drip,16.52,725.6,33.1,155.1,28.9,23.4,36.34
Maize,Sandy,Sprinkler,3.52,1214.9,23.1,134.9,57.7,66.4,21.05
Sugarcane,Alluvial,Drip,8.01,1353.9,28.7,198.0,46.1,52.0,390.57
Potato,Red,Flood,17.89,1012.6,28.9,155.3,49.5,79.2,97.09
Potato,Black,Flood,19.92,310.5,17.2,168.2,38.2,60.7,131.57
Maize,Alluvial,Flood,15.39,828.6,36.8,67.7,38.1,73.0,22.55
Tomato,Clayey,Drip,19.6,1249.9,31.5,161.7,56.6,84.7,101.58
Maize,Red,Rainfed,12.56,423.6,30.5,128.2,34.5,43.8,19.45
Potato,Alluvial,Flood,20.46,974.1,24.1,88.7,20.6,78.4,112.0
Rice,Loamy,Flood,3.36,926.7,37.6,78.8,65.2,41.3,27.38
Soybean,Alluvial,Sprinkler,19.83,835.5,16.6,46.5,62.9,76.4,11.96
Sugarcane,Alluvial,Rainfed,15.44,732.0,17.3,127.2,25.8,77.9,307.24
Maize,Black,Flood,23.8,846.0,30.8,55.9,46.6,73.9,19.8
Potato,Black,Sprinkler,11.65,616.9,29.8,46.9,32.0,50.3,122.46
Maize,Black,Flood,8.84,587.1,25.3,63.3,78.2,44.4,25.57
Potato,Red,Sprinkler,4.02,804.1,30.1,67.4,80.2,57.2,108.37
Sugarcane,Black,Drip,3.3,1088.4,32.9,195.0,74.1,37.0,421.94
Tomato,Loamy,Flood,1.38,1120.1,30.8,47.9,58.1,56.1,84.63
Maize,Black,Drip,22.91,1368.1,21.8,74.1,25.6,59.3,19.75
Maize,Loamy,Flood,22.84,1060.8,18.3,78.3,33.1,44.9,19.33
Soybean,Black,Flood,15.61,582.4,30.9,191.7,64.7,72.6,11.51
Cotton,Alluvial,Flood,7.41,1027.5,35.9,193.4,21.8,89.3,12.24
Tomato,Alluvial,Drip,19.05,324.1,21.1,103.1,31.9,54.6,145.41
Sugarcane,Loamy,Sprinkler,18.32,571.0,24.2,115.1,49.9,56.0,403.37
Maize,Loamy,Rainfed,20.75,742.6,27.5,197.2,24.2,54.2,20.27
Wheat,Alluvial,Drip,16.31,601.8,36.2,144.6,39.5,53.1,27.5
Tomato,Sandy,Sprinkler,9.16,829.9,29.2,130.7,65.8,41.5,105.95
Tomato,Clayey,Sprinkler,14.48,731.1,28.1,58.5,48.1,52.1,96.13
Potato,Black,Flood,11.97,1193.2,25.9,63.9,89.0,82.2,94.48
Soybean,Clayey,Rainfed,13.54,1222.8,23.5,93.6,89.0,56.5,7.28
Cotton,Red,Sprinkler,4.9,443.2,18.5,142.4,89.3,81.5,12.99
Rice,Loamy,Sprinkler,2.7,1080.6,37.9,171.1,58.9,53.9,29.9
Potato,Clayey,Sprinkler,3.36,698.5,20.1,56.4,41.2,80.2,114.65
Tomato,Sandy,Sprinkler,13.09,1050.4,24.6,174.6,67.4,68.8,79.59
Sugarcane,Clayey,Drip,1.0,1372.3,17.5,183.7,41.9,61.1,326.39
Maize,Loamy,Sprinkler,13.15,599.3,22.1,145.0,28.4,81.5,28.97
Sugarcane,Loamy,Drip,15.26,421.4,22.0,105.4,68.9,64.7,446.99
Wheat,Red,Rainfed,22.11,1340.5,31.8,118.8,64.8,49.0,12.44
Cotton,Alluvial,Sprinkler,8.99,1278.9,31.9,44.7,21.6,56.2,6.02
Rice,Alluvial,Flood,8.59,842.8,19.0,126.2,30.2,58.7,28.98
Soybean,Red,Flood,5.38,1250.8,20.6,140.2,25.7,81.6,7.53
Sugarcane,Clayey,Drip,21.88,829.6,16.5,154.7,27.7,75.3,412.67
Tomato,Red,Sprinkler,19.15,1345.1,24.2,172.7,33.4,76.5,80.67
Potato,Sandy,Drip,7.46,348.8,36.3,67.7,60.1,60.9,136.64
Rice,Sandy,Sprinkler,22.9,807.2,28.0,115.5,38.8,23.9,25.56
Maize,Loamy,Sprinkler,13.57,361.2,36.5,183.1,33.3,44.0,29.01
Tomato,Loamy,Rainfed,8.97,646.5,29.4,83.9,68.9,30.7,98.37
Wheat,Loamy,Sprinkler,3.57,392.7,30.9,126.6,21.3,24.3,22.35
Tomato,Sandy,Sprinkler,3.02,716.9,23.4,144.9,84.8,37.3,114.57
Rice,Sandy,Rainfed,13.41,844.6,25.7,163.5,56.2,62.7,24.74
Rice,Loamy,Flood,7.23,1013.1,16.8,130.9,47.9,88.5,35.16
Tomato,Loamy,Sprinkler,2.1,1231.3,35.1,115.5,56.0,78.5,104.27
Soybean,Alluvial,Rainfed,16.65,1083.2,36.6,193.6,87.8,63.8,7.68
Wheat,Alluvial,Rainfed,18.63,845.8,17.9,188.2,51.9,45.4,17.52
Tomato,Clayey,Flood,5.11,849.0,21.0,195.9,47.3,83.7,100.85
Maize,Alluvial,Flood,3.94,285.4,28.3,86.4,78.0,67.0,25.52
Potato,Clayey,Sprinkler,12.4,801.5,21.3,134.4,51.0,51.3,96.45
Sugarcane,Clayey,Rainfed,19.96,1188.5,20.7,117.2,53.9,82.3,262.38
Rice,Loamy,Drip,11.57,822.9,33.8,108.4,69.1,50.4,38.6
Maize,Black,Rainfed,22.22,998.7,30.2,79.4,47.6,67.8,15.66
Cotton,Loamy,Rainfed,24.72,912.6,24.8,173.7,71.1,72.4,9.66
Soybean,Loamy,Drip,5.63,700.8,35.0,74.1,47.3,42.3,10.86
Cotton,Loamy,Sprinkler,18.43,251.4,30.9,106.4,28.7,49.4,12.06
Rice,Clayey,Flood,22.15,439.2,34.1,106.1,21.0,71.3,19.78
Rice,Alluvial,Drip,7.4,288.4,36.7,119.0,26.0,80.8,26.96
Potato,Alluvial,Sprinkler,11.96,311.4,33.4,52.1,24.8,57.6,125.7
Wheat,Loamy,Drip,23.02,673.4,17.5,95.7,33.3,65.6,22.29
Cotton,Clayey,Sprinkler,6.81,852.7,32.3,136.8,47.4,28.3,10.3
Cotton,Alluvial,Rainfed,8.43,811.0,30.8,134.2,60.3,24.6,9.83
Cotton,Sandy,Sprinkler,11.72,353.1,25.5,60.3,55.2,59.3,9.45
Wheat,Sandy,Drip,16.47,1295.2,34.3,150.0,44.9,36.9,20.49
Tomato,Loamy,Rainfed,14.5,380.0,33.2,93.2,61.4,70.1,108.71
Cotton,Red,Sprinkler,15.4,666.1,27.1,163.0,81.4,27.3,12.86
Tomato,Red,Drip,16.95,1210.9,21.5,182.1,72.9,71.0,97.49
Soybean,Black,Rainfed,14.19,853.5,20.5,151.3,71.9,38.1,9.37
Sugarcane,Alluvial,Rainfed,8.24,1266.3,28.3,133.3,53.5,58.4,279.07
Rice,Sandy,Drip,19.08,981.1,19.9,48.2,67.8,37.6,29.63
Cotton,Clayey,Rainfed,11.32,1091.3,28.0,81.1,67.0,87.1,7.06
Rice,Alluvial,Flood,4.7,1381.3,26.3,178.8,79.4,55.8,24.61
Rice,Sandy,Flood,9.59,417.5,36.3,56.6,58.0,42.0,22.25
Wheat,Sandy,Rainfed,12.44,639.6,30.2,191.6,22.9,84.3,18.81
Potato,Alluvial,Rainfed,1.86,1253.4,37.4,88.4,68.5,20.6,83.47
Maize,Sandy,Flood,14.77,372.0,25.8,96.8,54.7,80.9,23.16
Soybean,Red,Rainfed,4.72,238.2,25.9,178.5,30.6,20.9,7.91
Soybean,Red,Flood,2.76,487.7,18.2,150.7,22.0,63.2,10.11
Tomato,Black,Sprinkler,7.32,416.4,35.8,67.0,81.8,60.1,130.7
Potato,Clayey,Rainfed,23.23,453.8,28.2,60.1,51.3,59.9,83.19
Soybean,Sandy,Sprinkler,10.3,911.4,26.8,88.6,59.1,66.9,9.93
Potato,Sandy,Flood,24.84,680.5,19.6,169.9,35.8,56.8,115.67
Rice,Sandy,Flood,19.25,1093.1,35.9,41.4,35.2,77.9,19.94
Cotton,Loamy,Sprinkler,3.19,582.7,19.9,105.3,27.8,50.9,11.55
Sugarcane,Black,Sprinkler,11.97,1229.6,23.5,82.7,88.9,83.8,351.81
Potato,Red,Sprinkler,16.45,994.7,24.9,90.7,85.4,75.3,96.61
Sugarcane,Sandy,Flood,23.49,336.4,31.5,176.1,86.8,34.8,329.45
Sugarcane,Alluvial,Flood,11.04,688.4,25.5,194.9,67.7,42.1,424.88
Cotton,Black,Flood,4.39,256.8,20.3,133.1,75.0,31.8,13.13
Sugarcane,Clayey,Rainfed,20.23,1166.0,36.4,53.6,39.0,73.7,267.85
Rice,Loamy,Rainfed,19.48,816.6,16.2,147.8,49.7,55.8,29.66
Tomato,Alluvial,Flood,1.62,443.9,28.3,91.6,77.6,74.9,138.24
Cotton,Clayey,Flood,13.8,964.3,27.5,109.5,33.4,54.2,9.76
Cotton,Alluvial,Drip,24.88,413.3,28.0,59.2,85.4,40.4,14.36
Soybean,Black,Flood,5.22,517.1,34.4,142.2,48.4,88.0,12.41
Wheat,Clayey,Rainfed,5.32,1285.6,16.3,127.2,49.6,56.8,8.89
Potato,Clayey,Rainfed,11.72,651.0,28.7,110.2,21.2,89.6,100.77
Wheat,Sandy,Flood,22.85,1055.1,25.3,50.5,76.7,86.7,14.28
Maize,Sandy,Drip,5.32,1109.4,30.1,187.8,74.8,32.7,21.01
Rice,Black,Flood,3.65,798.8,30.4,174.1,85.6,42.2,33.44
Soybean,Black,Rainfed,15.4,634.6,32.6,100.0,54.0,48.5,9.17
Tomato,Clayey,Flood,4.85,554.2,29.5,100.0,47.6,57.8,109.05
Cotton,Sandy,Rainfed,18.05,1397.5,23.7,173.3,68.8,68.4,6.75
Tomato,Clayey,Rainfed,22.56,462.3,29.8,102.7,89.3,53.5,91.73
Rice,Clayey,Drip,13.91,618.2,25.6,93.6,43.5,58.0,25.21
Maize,Sandy,Flood,7.33,546.8,32.3,44.7,46.7,48.5,24.32
Wheat,Alluvial,Rainfed,22.37,472.4,28.2,143.1,31.8,88.3,20.39
Tomato,Black,Drip,23.46,903.5,31.4,124.0,78.4,22.3,118.37
Sugarcane,Black,Sprinkler,1.27,382.5,19.1,198.2,21.6,31.7,330.58
Wheat,Red,Flood,15.74,214.6,26.8,143.1,84.3,46.7,20.81
Tomato,Black,Drip,8.32,1264.6,17.1,61.8,25.8,79.0,106.05
Soybean,Alluvial,Sprinkler,18.28,457.2,33.2,63.6,53.1,75.3,13.11
Potato,Alluvial,Drip,21.13,1064.4,34.3,72.1,82.2,42.6,119.45
Rice,Alluvial,Flood,22.61,1195.0,31.8,45.2,46.1,64.2,21.0
Potato,Black,Sprinkler,23.05,713.0,24.0,168.4,57.1,67.9,139.72
Tomato,Red,Drip,12.73,1153.2,30.4,77.1,50.6,79.9,93.89
Soybean,Alluvial,Sprinkler,22.13,568.8,31.2,160.5,30.6,48.0,11.38
Rice,Black,Sprinkler,9.07,1149.4,29.8,111.3,26.4,63.3,27.14
Soybean,Alluvial,Drip,24.49,914.6,31.9,111.3,24.2,75.8,11.52
Sugarcane,Red,Rainfed,22.52,764.4,31.3,132.9,68.5,78.1,308.34
Maize,Loamy,Flood,11.23,630.7,28.5,78.1,89.2,55.1,25.85
Soybean,Black,Drip,5.15,473.7,36.2,152.5,73.8,46.4,14.96
Potato,Loamy,Rainfed,14.3,291.5,30.4,124.2,32.9,81.8,100.18
Soybean,Clayey,Rainfed,23.86,419.8,29.3,73.9,63.0,70.6,9.04
Rice,Clayey,Rainfed,13.69,1303.1,27.9,152.9,45.0,72.6,19.29
Soybean,Loamy,Rainfed,5.25,564.2,29.7,108.2,82.3,36.4,9.83
Soybean,Black,Drip,21.19,1119.0,24.3,116.6,33.0,40.4,8.85
Rice,Alluvial,Flood,18.25,758.2,17.9,49.1,46.2,52.5,28.7
Sugarcane,Loamy,Rainfed,10.11,522.4,37.7,176.7,85.1,75.2,364.56
Sugarcane,Loamy,Flood,6.96,1282.8,22.3,144.6,57.4,61.7,329.47
Soybean,Clayey,Rainfed,16.81,645.6,36.8,152.9,72.8,37.0,7.68
Wheat,Sandy,Flood,8.02,322.3,17.4,95.8,76.3,84.3,20.69
Soybean,Black,Drip,5.07,1314.6,29.0,59.4,32.9,86.8,9.63
Soybean,Loamy,Sprinkler,21.91,884.7,35.3,71.3,31.7,60.3,11.65
Soybean,Clayey,Flood,6.68,1293.3,24.8,141.4,80.2,88.9,7.61
Rice,Loamy,Sprinkler,10.22,333.5,16.7,145.1,62.7,69.6,26.77
Potato,Red,Rainfed,7.76,883.6,30.4,114.0,76.3,27.9,86.45
Potato,Loamy,Rainfed,6.98,452.1,33.2,149.7,67.7,58.7,138.54
Wheat,Sandy,Drip,24.94,1376.6,27.8,112.8,52.3,50.0,17.4
Rice,Black,Rainfed,21.14,1166.6,32.1,114.1,42.7,62.6,20.25
Rice,Sandy,Drip,12.43,433.2,34.9,80.6,64.3,31.6,23.34
Rice,Clayey,Rainfed,16.75,445.4,25.1,126.5,60.4,62.2,16.83
Rice,Red,Drip,6.31,1129.0,21.3,156.7,37.6,47.7,28.51
Sugarcane,Clayey,Drip,9.34,778.3,22.4,135.6,70.2,51.3,428.08
Potato,Black,Drip,15.66,266.5,29.6,149.6,33.8,77.4,159.6
Rice,Loamy,Rainfed,24.75,562.6,22.1,178.3,20.2,34.1,21.21
Soybean,Loamy,Flood,4.43,547.3,29.5,127.9,74.9,38.8,12.32
Potato,Sandy,Sprinkler,7.49,824.4,34.8,153.2,63.5,54.7,110.4
Rice,Black,Flood,11.74,1326.1,18.4,192.0,27.6,52.3,23.67
Potato,Loamy,Rainfed,23.61,319.3,34.8,40.0,81.8,21.4,99.26
Wheat,Red,Sprinkler,17.82,479.1,35.4,126.0,80.0,39.0,24.27
Sugarcane,Alluvial,Flood,10.13,460.7,32.7,165.5,84.6,46.3,358.88
Soybean,Loamy,Sprinkler,18.89,1339.0,23.7,68.8,57.8,69.3,8.89
Tomato,Sandy,Flood,19.59,969.2,17.3,55.3,22.7,52.0,78.0
Maize,Red,Sprinkler,4.25,1382.9,30.4,112.7,82.2,68.6,19.76
Rice,Sandy,Sprinkler,14.02,276.8,19.0,69.0,64.2,63.1,18.71
Tomato,Black,Flood,1.67,1061.5,36.0,95.5,27.1,36.3,91.62
Tomato,Sandy,Sprinkler,24.92,318.7,31.0,80.5,47.4,65.2,98.86
Potato,Black,Flood,24.0,1158.3,26.1,72.0,76.8,31.0,91.44
Maize,Red,Sprinkler,22.07,358.1,18.7,119.0,39.3,59.8,20.43
Soybean,Clayey,Rainfed,20.62,1263.1,21.2,58.2,23.7,62.6,4.4
Sugarcane,Clayey,Drip,18.3,1053.2,24.4,185.8,39.4,34.4,408.63
Sugarcane,Sandy,Flood,2.55,528.0,22.5,129.7,38.1,25.1,291.62
Cotton,Clayey,Sprinkler,12.7,495.1,31.2,182.7,64.3,44.3,14.23
Maize,Clayey,Sprinkler,23.38,587.7,24.0,47.3,61.2,70.5,22.47
Wheat,Alluvial,Drip,13.5,867.6,26.9,105.6,37.7,48.0,23.46
Maize,Black,Rainfed,14.91,507.8,28.4,52.3,76.0,84.8,20.73
Wheat,Sandy,Flood,8.48,242.1,30.3,125.6,52.2,83.5,19.91
Sugarcane,Alluvial,Flood,7.5,618.3,26.9,106.7,29.3,31.4,362.38
Cotton,Red,Sprinkler,15.02,783.4,32.3,158.0,49.9,28.7,8.22
Maize,Clayey,Sprinkler,6.2,517.9,20.9,71.3,29.1,85.4,24.26
Wheat,Alluvial,Rainfed,6.53,1319.6,32.6,166.4,27.3,78.5,12.38
Tomato,Loamy,Rainfed,19.58,1268.0,36.4,78.1,49.7,21.0,67.12
Cotton,Loamy,Rainfed,24.58,250.2,37.8,47.6,40.2,54.6,10.4
Wheat,Red,Rainfed,11.18,528.6,29.0,62.7,38.2,58.2,12.53
Wheat,Sandy,Sprinkler,23.43,1305.2,17.1,67.7,29.8,39.7,14.39
Wheat,Black,Sprinkler,7.0,1001.1,24.0,127.2,54.1,46.7,19.76
Maize,Sandy,Sprinkler,14.81,664.6,16.8,104.4,84.4,40.5,22.37
Soybean,Alluvial,Sprinkler,9.15,488.3,37.0,159.2,59.7,41.4,13.03
Tomato,Sandy,Drip,18.73,838.4,29.4,103.0,87.5,60.0,126.7
Cotton,Red,Rainfed,0.61,200.4,26.4,44.7,88.2,35.5,8.6
Wheat,Red,Sprinkler,8.45,1228.4,29.4,147.8,40.4,52.0,13.4
Rice,Alluvial,Sprinkler,24.84,1362.0,26.8,151.4,27.7,50.9,24.65
Rice,Red,Sprinkler,16.66,983.0,19.6,80.9,37.3,87.2,25.2
Sugarcane,Clayey,Rainfed,13.93,658.2,33.8,133.5,47.3,27.7,264.09
Rice,Loamy,Flood,4.36,1083.6,16.8,81.5,68.7,37.9,25.82
Wheat,Alluvial,Rainfed,21.11,1114.2,23.8,199.5,50.4,21.7,17.18
Rice,Alluvial,Rainfed,3.48,537.8,17.2,150.2,25.2,34.2,23.45
Wheat,Black,Flood,21.96,411.3,21.8,52.2,74.5,24.9,18.91
Rice,Clayey,Sprinkler,4.03,1269.0,37.7,86.2,30.1,53.8,22.94
Sugarcane,Black,Flood,15.09,1028.2,24.6,180.8,88.6,54.6,426.77
Maize,Sandy,Rainfed,13.43,913.1,28.5,58.6,59.9,31.8,13.52
Soybean,Black,Flood,18.25,1040.9,28.3,49.8,65.9,52.7,9.91
Sugarcane,Loamy,Sprinkler,23.46,609.1,22.5,77.4,78.1,67.6,403.89
Potato,Clayey,Rainfed,22.27,656.7,36.0,110.6,72.2,85.1,86.8
Potato,Loamy,Drip,11.56,333.9,31.1,89.0,30.4,49.6,149.57
Cotton,Red,Sprinkler,0.8,359.7,34.7,196.5,31.1,57.5,12.67
Wheat,Alluvial,Sprinkler,14.17,878.9,22.5,133.5,50.8,41.2,21.34
Potato,Alluvial,Sprinkler,16.36,592.2,19.6,42.1,77.5,64.6,138.36
Cotton,Red,Sprinkler,11.27,979.5,17.1,144.5,79.6,86.0,8.86
Wheat,Alluvial,Drip,4.93,754.4,16.8,166.7,81.9,68.0,30.54
Cotton,Red,Sprinkler,22.78,1005.2,30.2,129.5,23.2,85.2,11.23
Sugarcane,Red,Drip,9.04,900.5,35.2,83.0,28.5,59.1,382.28
Tomato,Black,Rainfed,23.44,547.3,31.2,94.1,87.7,27.1,79.07
Sugarcane,Black,Flood,15.27,348.1,27.1,192.3,68.9,63.2,360.34
Rice,Alluvial,Drip,13.17,254.9,36.8,63.0,83.2,25.9,26.31
Tomato,Clayey,Drip,8.68,1192.0,22.4,66.4,69.4,64.7,92.89
Sugarcane,Loamy,Flood,12.78,925.2,22.7,72.1,58.0,50.8,412.8
Cotton,Loamy,Flood,15.16,667.9,24.9,157.2,45.3,68.5,11.77
Tomato,Alluvial,Drip,2.64,224.3,31.8,110.3,75.1,84.6,138.34
Soybean,Red,Sprinkler,14.33,276.4,35.3,172.1,44.2,59.7,11.05
Maize,Loamy,Flood,19.85,406.0,20.7,125.1,32.4,64.4,28.81
Cotton,Loamy,Sprinkler,4.93,976.1,37.8,139.6,22.5,21.2,9.95
Potato,Black,Sprinkler,18.53,1124.5,21.1,184.6,26.8,37.8,117.35
Tomato,Red,Sprinkler,15.96,663.0,23.5,141.5,61.4,40.5,120.54
Potato,Black,Drip,20.02,1233.7,34.6,90.1,55.4,65.5,107.34
Rice,Black,Flood,15.07,1260.6,36.0,193.4,74.1,83.4,27.02
Tomato,Sandy,Flood,11.45,1236.9,31.5,43.7,40.6,59.1,62.06
Wheat,Loamy,Rainfed,9.9,201.7,32.1,160.3,72.3,44.2,20.41
Rice,Black,Drip,0.89,874.9,18.7,52.8,72.9,20.7,30.68
Sugarcane,Sandy,Rainfed,10.47,523.6,18.1,166.9,77.8,22.3,285.61
Rice,Black,Sprinkler,23.69,653.4,35.2,103.0,32.6,20.2,25.24
Rice,Sandy,Drip,2.66,442.3,19.4,117.1,57.0,86.4,24.5
Wheat,Black,Drip,11.69,360.0,27.5,157.5,58.7,37.2,28.52
Soybean,Black,Flood,21.2,770.2,19.6,59.7,87.6,39.7,8.73
Potato,Clayey,Flood,23.8,898.3,33.5,108.9,51.8,81.6,101.39
Wheat,Sandy,Rainfed,14.97,382.0,21.4,87.0,62.6,46.1,16.88
Wheat,Loamy,Sprinkler,24.19,933.6,32.0,95.2,66.9,38.0,21.66
Tomato,Clayey,Drip,6.54,276.7,27.8,175.3,48.5,74.8,124.06
Wheat,Alluvial,Drip,6.87,560.7,30.5,151.3,69.3,67.8,26.47
Sugarcane,Black,Sprinkler,21.91,592.2,18.8,51.0,51.3,31.5,327.58
Maize,Red,Sprinkler,9.91,931.8,27.0,155.0,30.9,84.4,18.88
Soybean,Red,Flood,1.56,1205.4,19.7,151.6,35.7,24.8,7.89
Cotton,Clayey,Flood,18.37,485.1,23.5,130.8,39.9,46.5,10.71
Maize,Alluvial,Sprinkler,22.35,781.5,36.4,96.6,70.7,41.1,25.9
Sugarcane,Black,Sprinkler,16.37,1359.5,27.2,197.9,41.2,22.2,332.44
Tomato,Alluvial,Drip,23.86,980.6,30.8,68.6,54.5,45.7,106.95
Tomato,Red,Sprinkler,15.5,712.6,21.3,99.0,61.4,44.6,103.19
Rice,Sandy,Rainfed,5.75,765.2,26.1,139.7,38.2,60.7,21.36
Potato,Sandy,Drip,3.23,413.2,33.3,173.7,58.2,58.8,142.07
Soybean,Sandy,Flood,23.07,1260.9,18.2,141.5,76.6,78.5,9.5
Maize,Black,Sprinkler,16.03,659.2,29.5,170.2,21.8,51.5,26.19
Soybean,Clayey,Sprinkler,13.4,1218.0,27.6,91.9,56.7,28.0,8.62
Maize,Alluvial,Sprinkler,24.11,1336.1,23.4,142.4,57.4,77.1,22.87
Maize,Sandy,Drip,22.76,828.7,29.4,199.4,40.9,42.7,25.85
Soybean,Alluvial,Sprinkler,4.52,465.6,19.4,88.4,70.7,31.5,11.07
Potato,Black,Drip,20.54,649.2,34.7,66.1,39.0,23.0,132.94
Rice,Loamy,Flood,23.82,1378.8,30.4,123.5,62.6,46.8,23.83
Tomato,Sandy,Rainfed,6.21,698.1,20.7,140.9,34.8,33.2,82.01
Wheat,Sandy,Rainfed,13.38,478.6,17.0,131.6,43.5,32.7,16.18
Sugarcane,Alluvial,Flood,19.6,507.1,19.3,96.0,61.8,29.9,360.62
Potato,Alluvial,Sprinkler,14.38,525.9,19.2,137.0,54.2,26.7,150.0
Rice,Alluvial,Sprinkler,20.4,1232.2,31.7,184.5,31.7,53.4,23.84
Rice,Alluvial,Flood,24.43,1336.5,23.9,62.5,42.8,22.1,22.15
Maize,Loamy,Sprinkler,15.6,404.4,31.1,112.4,56.2,22.1,27.48
Maize,Black,Sprinkler,21.79,972.0,21.0,65.2,63.9,83.1,20.29
Potato,Red,Drip,17.71,1142.3,27.3,170.1,54.8,87.0,122.22
Potato,Black,Rainfed,10.18,1316.6,29.8,53.4,81.9,38.8,69.0
Sugarcane,Red,Flood,9.55,984.1,28.7,60.2,36.4,43.9,290.91
Maize,Sandy,Sprinkler,17.24,777.9,30.7,52.8,79.6,23.9,20.81
Soybean,Red,Drip,18.21,648.6,28.9,120.4,33.7,71.1,10.17
Maize,Clayey,Sprinkler,22.95,1346.8,36.4,82.0,36.3,40.8,13.39
Wheat,Black,Drip,23.07,420.0,33.7,116.3,76.0,55.4,26.23
Rice,Clayey,Rainfed,1.79,506.4,30.0,177.5,84.2,55.0,23.4
Wheat,Black,Sprinkler,24.88,436.8,18.0,52.1,78.5,50.6,23.65
Wheat,Clayey,Drip,19.97,419.6,33.8,137.9,33.5,53.1,25.34
Cotton,Black,Rainfed,4.2,1071.3,26.5,159.8,66.3,50.7,9.67
Soybean,Alluvial,Rainfed,8.42,1145.3,31.0,132.4,45.8,34.4,6.78
Sugarcane,Black,Flood,9.92,977.7,36.0,106.7,42.0,47.2,366.19
Tomato,Alluvial,Flood,4.88,636.0,22.4,136.2,31.4,58.4,124.29
Sugarcane,Clayey,Rainfed,24.25,1047.0,23.4,63.5,30.0,31.7,259.36
Sugarcane,Black,Drip,12.91,901.6,17.5,144.2,54.2,57.6,449.08
Maize,Red,Rainfed,2.23,1018.1,31.1,184.9,46.1,60.9,17.66
Rice,Red,Drip,13.5,808.7,31.6,105.6,27.0,75.2,30.49
Sugarcane,Loamy,Rainfed,14.89,237.6,18.3,128.0,61.4,22.0,269.27
Soybean,Red,Flood,21.84,456.8,29.1,55.0,34.2,41.7,8.91
Cotton,Sandy,Rainfed,22.18,836.3,36.9,86.5,51.8,68.6,7.59
Rice,Black,Drip,24.85,1025.1,16.8,172.3,39.9,51.2,30.04
Wheat,Black,Rainfed,22.22,811.6,31.8,47.3,59.0,24.9,13.48
Tomato,Clayey,Flood,20.28,873.1,36.6,169.7,30.9,47.2,100.12
Tomato,Red,Rainfed,14.56,1107.9,22.0,85.4,65.8,81.0,71.09
Tomato,Clayey,Sprinkler,15.48,827.4,16.2,172.8,69.3,66.3,109.17
Soybean,Loamy,Rainfed,4.67,640.8,28.9,85.3,88.5,38.4,8.8
Cotton,Loamy,Flood,2.02,1277.1,16.8,192.4,66.5,85.9,7.57
Tomato,Loamy,Rainfed,5.33,944.6,33.5,182.3,52.8,82.8,91.23
Wheat,Clayey,Rainfed,4.59,520.8,17.4,167.3,63.5,42.0,17.26
Soybean,Black,Flood,11.46,949.6,19.1,195.7,51.0,86.4,9.28
Wheat,Alluvial,Drip,3.44,1244.4,36.7,52.6,44.4,87.1,19.36
Potato,Clayey,Flood,7.18,1225.4,26.6,139.3,25.5,54.8,80.51
Sugarcane,Red,Drip,5.97,571.6,31.4,75.9,63.5,61.3,370.81
Cotton,Red,Rainfed,16.41,493.1,35.9,55.9,65.9,75.4,8.01
Potato,Clayey,Sprinkler,5.72,950.0,33.8,93.0,32.1,34.6,86.15
Rice,Red,Rainfed,13.93,311.5,24.3,90.7,57.5,66.3,18.62
Sugarcane,Black,Flood,14.27,845.4,29.0,95.6,20.4,22.5,363.81
Wheat,Alluvial,Sprinkler,18.02,1313.9,33.5,137.5,28.1,40.4,20.85
Wheat,Sandy,Rainfed,18.81,1244.3,24.5,145.1,73.0,33.3,11.27
Wheat,Loamy,Drip,20.16,993.7,23.1,122.6,51.1,43.7,21.52
Maize,Loamy,Flood,1.03,487.3,27.9,154.8,81.6,64.9,27.88
Tomato,Loamy,Sprinkler,2.58,888.0,28.6,186.3,56.8,29.6,118.58
Rice,Sandy,Sprinkler,14.08,789.1,25.6,130.7,21.6,89.3,27.28
Sugarcane,Alluvial,Sprinkler,22.42,239.5,33.9,129.9,58.2,87.0,364.67
Soybean,Sandy,Rainfed,0.51,279.6,17.0,171.6,78.6,70.9,9.66
Maize,Clayey,Drip,22.95,749.3,30.1,56.5,83.3,59.8,22.9
Cotton,Alluvial,Rainfed,6.78,835.0,37.1,54.3,67.8,87.4,9.97
Tomato,Black,Drip,6.17,600.8,16.8,173.0,79.5,64.3,146.91
Maize,Clayey,Flood,18.95,1071.8,36.1,156.9,78.0,72.2,17.7
Potato,Red,Drip,18.16,501.2,19.5,84.5,20.1,28.4,141.71
Potato,Loamy,Drip,4.66,1160.5,26.7,131.8,30.3,42.7,127.17
Tomato,Loamy,Rainfed,2.0,649.3,20.6,190.3,68.8,23.6,104.64
Wheat,Loamy,Drip,18.16,1039.8,37.1,135.4,64.5,79.4,24.65
Rice,Loamy,Sprinkler,1.39,1343.4,28.6,89.1,46.5,70.0,26.82
Maize,Loamy,Sprinkler,3.0,1074.7,20.0,51.1,49.9,22.8,20.04
Potato,Black,Flood,16.85,1366.3,34.3,83.3,49.9,36.7,94.0
Tomato,Sandy,Sprinkler,0.6,1063.8,25.4,90.0,73.3,78.3,92.83
Sugarcane,Sandy,Flood,5.95,455.5,25.0,198.7,20.1,33.8,321.5
Potato,Loamy,Drip,9.14,748.7,19.3,104.8,27.2,57.3,142.4
Wheat,Loamy,Rainfed,4.49,856.8,29.9,193.2,46.4,63.3,17.94
Rice,Clayey,Rainfed,20.9,1100.9,19.2,139.5,25.6,68.6,17.58
Sugarcane,Sandy,Sprinkler,6.35,515.3,21.3,71.1,78.9,31.9,319.88
Cotton,Red,Sprinkler,14.42,1157.8,27.6,54.6,60.8,62.8,9.15
Maize,Red,Drip,5.79,685.1,33.1,192.5,25.5,57.5,27.19
Rice,Sandy,Sprinkler,10.31,1088.2,21.6,151.8,54.4,82.0,25.82
Soybean,Sandy,Rainfed,8.7,878.8,33.2,43.7,87.9,76.7,5.83
Wheat,Alluvial,Flood,10.03,1101.9,24.5,183.8,32.4,40.5,15.8
Potato,Red,Rainfed,13.32,635.0,21.5,105.4,56.1,72.2,99.31
Cotton,Alluvial,Sprinkler,18.86,723.2,18.4,82.7,38.2,54.1,9.56
Tomato,Sandy,Rainfed,11.45,1171.7,21.4,181.3,59.3,62.6,61.92
Sugarcane,Black,Drip,3.64,641.6,26.5,109.2,70.8,61.8,437.77
Soybean,Black,Flood,22.3,674.1,31.8,190.3,65.6,48.9,11.35
Rice,Sandy,Flood,12.72,930.2,35.8,104.2,47.0,20.2,23.34
Potato,Sandy,Rainfed,23.65,997.4,26.6,96.4,54.4,33.3,76.97
Tomato,Loamy,Rainfed,5.83,516.9,32.5,68.5,37.2,21.2,102.41
Soybean,Loamy,Flood,6.79,733.2,30.5,110.4,68.8,64.4,12.32
Tomato,Black,Sprinkler,4.93,848.9,25.9,113.8,52.9,81.7,117.8
Maize,Alluvial,Drip,14.35,471.1,36.2,70.6,75.6,87.7,34.14
Wheat,Loamy,Drip,1.24,1079.2,21.5,99.0,77.6,28.0,21.54
Rice,Loamy,Sprinkler,12.26,1358.8,21.3,155.4,72.9,35.5,28.49
Wheat,Black,Flood,19.04,461.8,33.6,70.4,70.5,43.3,21.56
Sugarcane,Clayey,Flood,10.5,1378.2,24.4,142.2,31.3,88.6,288.83
Rice,Sandy,Flood,11.51,1024.6,27.9,119.7,24.5,30.1,22.58
Potato,Clayey,Rainfed,9.05,395.1,21.1,52.3,84.4,57.1,104.66
Tomato,Loamy,Rainfed,15.89,1306.3,19.9,87.3,88.3,46.0,80.1
Wheat,Alluvial,Flood,21.63,1383.3,21.6,169.0,72.5,72.3,18.48
Maize,Alluvial,Rainfed,20.68,775.4,26.6,91.0,74.7,68.0,16.68
Potato,Loamy,Flood,4.34,849.0,18.2,91.0,56.9,86.3,112.78
Potato,Loamy,Drip,7.8,970.9,27.0,97.5,29.8,29.4,116.39
Cotton,Sandy,Flood,24.65,640.5,33.1,92.1,53.3,47.2,11.71
Rice,Red,Rainfed,5.46,573.5,29.0,93.2,72.3,63.1,20.06
Wheat,Alluvial,Drip,7.89,744.9,27.6,176.1,85.2,85.1,29.7
Potato,Clayey,Sprinkler,0.73,656.3,33.8,133.9,64.4,56.3,124.08
Wheat,Black,Rainfed,2.38,931.5,31.0,120.9,68.6,32.1,15.55
Rice,Black,Sprinkler,22.61,956.2,21.8,84.7,62.7,48.5,27.14
Rice,Black,Sprinkler,14.25,915.3,25.0,174.2,33.0,58.8,30.54
Rice,Red,Sprinkler,23.91,1288.2,33.4,154.0,36.5,64.4,21.11
Potato,Alluvial,Flood,23.73,633.5,27.4,164.7,59.3,89.5,160.44
Cotton,Sandy,Sprinkler,15.7,284.1,20.6,93.7,45.8,67.3,8.7
Cotton,Black,Drip,6.67,626.3,19.4,150.5,87.2,64.9,15.24
Rice,Black,Drip,23.59,852.0,19.3,180.6,22.8,76.5,36.05
Potato,Clayey,Drip,14.74,330.7,26.1,166.0,21.9,24.0,135.51
Potato,Alluvial,Sprinkler,14.45,482.2,34.6,176.5,71.3,63.1,163.31
Tomato,Red,Drip,16.22,525.5,33.5,76.7,31.1,74.8,122.43
Sugarcane,Clayey,Sprinkler,9.39,1178.8,33.9,175.8,31.8,69.4,343.98
Rice,Clayey,Drip,2.33,770.2,25.3,111.1,23.2,45.3,27.97
Rice,Alluvial,Drip,0.94,930.3,34.3,77.9,35.5,62.6,31.41
Soybean,Black,Drip,24.75,781.0,26.3,143.2,58.9,64.4,12.66
Cotton,Loamy,Sprinkler,15.37,597.1,27.2,60.8,51.7,26.4,12.52
Tomato,Sandy,Drip,9.35,372.4,17.0,180.3,20.8,24.3,116.96
Maize,Loamy,Flood,6.35,881.5,34.4,70.8,69.7,24.3,21.86
Potato,Sandy,Flood,21.49,413.4,35.0,126.1,81.5,30.6,131.32
Rice,Clayey,Rainfed,0.96,1053.5,31.7,58.5,59.9,59.8,17.78
Soybean,Red,Drip,24.04,768.3,21.6,96.2,82.0,86.8,11.2
Sugarcane,Clayey,Flood,12.99,419.2,18.7,49.6,21.2,81.5,288.4
Potato,Sandy,Flood,16.55,757.5,19.3,122.5,31.0,47.9,116.37
Cotton,Red,Rainfed,4.24,898.9,29.3,71.0,33.8,89.3,8.08
Wheat,Sandy,Rainfed,9.11,611.5,23.2,78.9,62.6,83.0,15.37
Rice,Clayey,Sprinkler,11.18,358.3,23.5,122.3,79.6,64.9,23.49
Cotton,Alluvial,Flood,19.01,681.7,23.5,121.5,69.6,59.9,12.19
Sugarcane,Clayey,Sprinkler,19.81,1036.1,20.2,48.4,83.2,86.2,359.27
Sugarcane,Clayey,Rainfed,24.81,1227.4,22.7,88.2,53.9,48.3,253.43
Tomato,Sandy,Drip,3.43,396.0,30.1,170.1,44.5,61.7,131.16
Soybean,Clayey,Sprinkler,5.17,1298.7,21.7,56.4,50.7,63.0,6.57
Sugarcane,Loamy,Drip,18.07,1200.9,16.3,96.7,72.0,25.5,370.43
Wheat,Red,Drip,20.7,1070.2,34.8,67.8,35.6,54.1,19.57
Soybean,Sandy,Drip,24.29,353.1,19.9,66.8,61.0,84.2,11.75
Maize,Black,Sprinkler,7.02,471.6,37.1,113.4,34.6,69.5,24.62
Rice,Black,Sprinkler,20.32,1289.7,33.9,195.8,48.6,43.2,26.4
Soybean,Clayey,Drip,6.13,1180.8,21.2,148.3,50.1,28.0,8.18
Rice,Red,Sprinkler,22.67,1343.1,24.0,100.2,72.0,51.9,19.54
Rice,Sandy,Drip,19.81,1058.3,34.9,41.5,87.6,43.9,25.76
Cotton,Red,Rainfed,15.45,951.5,35.3,140.6,35.9,52.8,7.75
Soybean,Sandy,Drip,10.47,857.3,36.7,66.6,40.5,30.6,7.97
Maize,Red,Rainfed,22.23,891.1,30.1,105.2,67.2,47.7,14.54
Sugarcane,Sandy,Flood,14.68,485.0,21.8,118.6,49.3,40.4,310.51
Potato,Sandy,Flood,23.08,342.9,19.6,93.4,84.1,74.3,117.57
Potato,Red,Rainfed,23.56,950.8,19.3,148.8,27.3,81.0,81.34
Sugarcane,Black,Flood,1.9,656.9,35.9,43.4,53.2,85.2,341.9
Cotton,Alluvial,Sprinkler,3.42,1321.8,22.5,78.7,22.5,39.3,7.08
Potato,Alluvial,Sprinkler,20.31,523.1,35.4,48.8,85.9,59.3,135.21
Tomato,Alluvial,Flood,16.37,273.5,26.8,61.4,77.4,46.6,131.08
Wheat,Red,Sprinkler,21.1,1144.4,30.4,114.6,87.5,81.5,14.95
Cotton,Red,Sprinkler,19.05,1267.3,31.8,168.9,89.4,29.4,10.44
Wheat,Clayey,Drip,13.52,281.2,24.1,181.6,72.9,42.6,24.11
Rice,Clayey,Rainfed,20.02,1210.9,24.8,108.8,30.4,23.3,16.77
Maize,Sandy,Drip,18.48,846.9,20.4,126.3,32.8,50.7,22.35
Potato,Red,Flood,3.82,792.7,19.4,67.2,20.3,42.5,107.77
Rice,Red,Flood,7.76,1245.1,16.4,127.2,70.9,63.5,24.24
Tomato,Black,Rainfed,16.32,682.9,26.4,154.7,81.3,39.1,106.06
Cotton,Loamy,Sprinkler,3.93,678.1,26.9,140.7,55.3,57.6,13.78
Rice,Red,Rainfed,7.11,1058.3,37.1,150.6,82.1,51.7,20.31
Wheat,Sandy,Sprinkler,17.05,949.8,30.7,82.4,48.6,61.5,17.03
Tomato,Clayey,Rainfed,18.56,994.7,28.0,181.1,51.4,24.3,71.71
Soybean,Black,Rainfed,2.58,599.8,36.8,168.7,83.8,60.1,9.0
Potato,Clayey,Rainfed,1.94,451.3,28.3,149.5,29.6,37.1,99.91
Wheat,Red,Sprinkler,24.95,902.2,32.5,72.4,66.7,65.5,18.25
Cotton,Black,Flood,12.36,649.5,22.2,119.8,85.4,30.5,12.95
Tomato,Red,Rainfed,10.0,487.7,24.2,57.8,88.0,60.2,88.85
Tomato,Alluvial,Rainfed,11.13,782.9,22.7,90.2,54.5,34.0,84.94
Wheat,Clayey,Flood,22.5,1172.7,23.1,120.9,72.5,33.5,14.88
Maize,Sandy,Flood,22.92,1069.0,33.9,179.5,88.1,73.4,21.44
Wheat,Sandy,Flood,4.95,1024.0,37.9,114.8,70.7,54.7,13.5
Rice,Loamy,Rainfed,18.84,1249.1,35.4,76.4,82.7,43.9,18.1
Potato,Sandy,Rainfed,20.94,795.6,29.7,126.4,69.7,42.3,96.03
Soybean,Sandy,Flood,23.19,326.5,17.1,180.7,69.1,49.5,10.62
Cotton,Loamy,Drip,20.39,1139.9,31.0,110.3,88.9,59.8,10.98
Potato,Alluvial,Drip,11.1,1027.9,28.5,108.7,77.3,75.6,126.38
Tomato,Sandy,Flood,8.58,1252.6,18.4,46.1,34.6,40.0,67.04
Tomato,Loamy,Flood,11.88,397.3,32.1,195.8,52.9,64.3,146.25
Tomato,Loamy,Flood,16.93,739.0,35.6,139.6,89.3,77.4,128.2
Rice,Loamy,Rainfed,5.26,638.1,20.7,123.1,66.8,76.0,24.57
Potato,Alluvial,Flood,8.49,936.3,17.1,55.9,69.1,45.8,119.14
Cotton,Loamy,Rainfed,5.63,1016.2,24.0,63.5,44.5,35.7,8.33
Potato,Sandy,Rainfed,18.66,583.0,18.3,154.7,41.0,31.6,92.69
Potato,Loamy,Drip,5.1,1132.6,36.4,170.5,72.2,43.4,122.53
Sugarcane,Red,Flood,5.68,406.6,17.5,147.4,52.4,78.2,337.71
Cotton,Black,Flood,24.83,710.1,19.9,115.5,36.5,59.3,10.42
Potato,Clayey,Sprinkler,2.7,971.3,19.4,106.3,64.0,74.8,114.25
Rice,Red,Flood,6.49,1087.7,36.9,61.9,55.8,24.0,23.93
Wheat,Sandy,Drip,14.02,256.1,37.4,172.6,29.2,84.5,20.25
Tomato,Loamy,Rainfed,16.66,271.1,37.1,63.6,72.2,64.5,94.34
Soybean,Clayey,Flood,9.14,491.3,17.9,125.5,82.2,56.0,10.05
Wheat,Alluvial,Flood,11.97,456.1,36.6,167.5,23.9,89.9,27.36
Sugarcane,Red,Sprinkler,20.04,606.7,21.6,75.6,34.0,71.6,330.58
Wheat,Clayey,Rainfed,17.13,1134.9,27.0,98.2,50.2,47.2,12.73
Tomato,Red,Rainfed,24.47,443.6,18.4,160.1,69.2,76.8,105.21
Potato,Alluvial,Drip,18.9,1134.3,37.0,82.6,38.7,82.2,117.1
Cotton,Loamy,Sprinkler,2.05,953.3,19.2,120.6,30.9,29.0,9.94
Potato,Alluvial,Drip,3.28,1104.2,31.7,64.6,24.1,60.5,111.59
Wheat,Black,Flood,23.68,448.4,37.8,173.0,61.2,66.4,24.21
Rice,Sandy,Sprinkler,16.65,878.6,16.2,72.8,74.3,39.3,26.56
Tomato,Red,Sprinkler,4.55,1348.0,20.9,113.2,28.0,62.2,71.24
Wheat,Black,Sprinkler,9.68,984.9,19.6,50.2,79.8,59.5,16.72
Potato,Red,Drip,21.11,615.1,29.6,118.3,87.7,86.5,142.1
Soybean,Clayey,Sprinkler,5.67,1116.7,31.5,138.6,81.9,37.3,8.47
Potato,Red,Drip,11.14,313.3,32.0,93.9,75.6,31.5,137.33
Tomato,Alluvial,Drip,11.89,1211.5,21.9,162.4,32.8,67.2,134.01
Potato,Alluvial,Rainfed,4.01,594.8,25.7,70.8,51.5,31.0,120.08
Soybean,Sandy,Drip,5.04,470.4,30.5,115.0,55.0,29.0,12.23
Sugarcane,Clayey,Rainfed,24.14,518.0,22.9,187.3,87.9,40.0,294.58
Potato,Red,Drip,11.19,720.0,35.9,132.2,59.6,38.3,123.59
Soybean,Clayey,Drip,11.97,1043.3,37.9,145.4,75.6,21.9,8.92
Cotton,Sandy,Rainfed,22.12,377.5,27.2,143.5,56.2,82.2,10.54
Wheat,Sandy,Rainfed,3.68,356.4,31.0,99.6,71.3,48.4,18.5
Tomato,Clayey,Sprinkler,4.37,1005.7,21.2,120.0,76.0,54.2,100.56
Sugarcane,Clayey,Rainfed,9.69,1060.8,24.7,77.2,44.0,25.0,237.97
Sugarcane,Alluvial,Drip,20.43,989.3,33.9,132.1,20.3,22.9,395.56
Wheat,Sandy,Drip,11.66,597.2,31.7,121.8,31.2,82.6,24.41
Potato,Sandy,Drip,12.71,939.0,23.4,148.5,52.4,50.6,110.24
Potato,Loamy,Flood,5.17,493.9,32.1,54.2,44.5,83.8,123.62
Rice,Red,Rainfed,22.67,1070.9,32.3,162.4,55.5,77.0,21.57
Tomato,Loamy,Rainfed,19.06,982.7,27.2,64.0,43.1,29.6,73.7
Cotton,Alluvial,Drip,14.89,956.5,31.8,145.0,79.4,40.7,13.36
Sugarcane,Loamy,Rainfed,19.14,423.6,31.8,147.0,72.4,33.2,297.84
Potato,Loamy,Flood,13.92,590.3,18.0,74.5,74.7,39.5,128.31
Tomato,Loamy,Sprinkler,13.9,322.9,30.1,92.0,64.3,78.4,141.26
Wheat,Loamy,Sprinkler,6.76,757.0,32.1,55.0,86.4,58.0,22.36
Wheat,Clayey,Drip,1.6,781.3,26.7,65.9,78.6,75.8,20.34
Wheat,Red,Drip,8.42,727.2,23.1,89.6,72.3,72.3,20.19
Cotton,Sandy,Flood,20.91,1220.7,33.7,118.1,46.7,78.2,6.49
Maize,Black,Flood,20.47,1215.2,20.5,153.7,71.2,32.4,19.04
Cotton,Sandy,Flood,21.06,1111.0,29.2,193.8,33.4,86.0,9.8
Maize,Alluvial,Rainfed,8.54,887.2,19.6,164.3,80.3,82.2,17.03
Potato,Clayey,Flood,21.37,459.6,27.1,194.6,86.3,67.9,134.82
Soybean,Red,Flood,7.44,1360.4,32.9,198.5,23.8,39.2,7.95
Tomato,Red,Flood,0.5,507.5,34.8,162.7,43.8,20.1,100.65
Rice,Alluvial,Sprinkler,21.25,593.5,31.4,47.2,47.0,44.0,28.21
Rice,Loamy,Drip,2.25,1202.6,18.0,49.0,45.4,87.0,28.2
Cotton,Loamy,Flood,11.38,1135.9,32.5,132.5,78.3,33.7,9.02
Rice,Red,Drip,5.86,804.3,34.6,177.9,63.1,85.0,35.51
Maize,Sandy,Rainfed,16.2,1132.7,26.3,160.8,84.9,72.1,15.57
Sugarcane,Loamy,Drip,22.55,204.7,24.0,67.0,73.0,23.5,323.39
Sugarcane,Clayey,Flood,21.51,827.2,33.0,60.3,83.5,61.3,361.16
Cotton,Loamy,Drip,8.22,520.9,36.9,69.7,69.5,23.0,13.57
Soybean,Sandy,Rainfed,18.85,886.1,22.9,159.3,34.5,74.6,6.51
Tomato,Clayey,Flood,20.66,391.6,23.3,44.6,28.7,51.2,104.33
Sugarcane,Red,Sprinkler,11.12,913.8,33.1,157.8,87.7,28.0,392.81
Potato,Black,Drip,2.47,429.0,21.6,84.2,65.2,23.8,151.84
Maize,Sandy,Sprinkler,5.72,245.6,26.7,131.9,82.8,81.7,26.18
Soybean,Alluvial,Rainfed,6.91,351.2,20.9,57.0,86.8,39.5,10.11
Soybean,Loamy,Sprinkler,17.79,1194.6,35.3,142.8,82.3,57.5,9.53
Maize,Loamy,Drip,8.64,1002.9,21.7,156.3,21.1,30.6,25.77
Soybean,Loamy,Flood,14.31,976.3,35.1,164.1,64.1,88.8,10.02
Sugarcane,Red,Flood,3.9,741.8,24.5,165.2,31.2,88.3,361.84
Sugarcane,Loamy,Rainfed,10.38,1359.6,32.1,88.1,60.3,61.9,238.56
Maize,Alluvial,Rainfed,11.22,227.7,23.6,151.8,26.3,82.2,24.32
Wheat,Black,Rainfed,18.06,620.2,32.2,190.5,26.5,41.4,16.38
Tomato,Sandy,Drip,13.09,905.7,24.2,147.2,50.2,73.3,116.12
Maize,Loamy,Sprinkler,23.09,776.6,16.3,110.2,77.4,74.6,28.17
Wheat,Sandy,Drip,11.05,985.9,19.5,158.0,68.3,58.0,18.68
Tomato,Sandy,Flood,8.04,1280.4,28.6,158.8,60.2,33.6,83.48
Maize,Black,Drip,12.61,234.4,29.6,105.8,84.5,55.0,26.96
Tomato,Sandy,Sprinkler,22.65,240.6,25.8,148.7,26.7,48.7,114.56
Sugarcane,Sandy,Rainfed,23.14,438.9,30.1,143.1,31.2,36.7,228.09
Cotton,Clayey,Sprinkler,13.22,361.4,27.4,47.9,81.7,44.0,10.92
Potato,Red,Rainfed,16.42,429.6,25.1,67.2,21.5,34.8,78.91
Maize,Clayey,Flood,16.67,525.0,21.4,81.1,84.1,55.0,27.68
Soybean,Black,Rainfed,21.7,1186.9,18.7,99.9,66.3,65.6,6.08
Rice,Black,Flood,22.51,832.5,34.7,49.6,35.9,38.2,25.99
Sugarcane,Red,Sprinkler,9.97,445.6,17.4,52.7,73.2,51.1,327.54
Tomato,Red,Drip,4.78,956.1,30.2,85.0,89.0,24.5,111.27
Maize,Loamy,Flood,6.51,396.3,32.2,186.6,27.5,33.6,33.04
Rice,Clayey,Sprinkler,23.32,865.9,36.4,93.4,42.9,48.0,29.17
Sugarcane,Loamy,Sprinkler,9.4,469.4,36.9,163.8,87.4,37.9,419.92
Rice,Sandy,Rainfed,10.5,690.6,23.0,63.8,20.3,87.9,21.76
Wheat,Sandy,Sprinkler,1.46,880.4,32.2,80.5,35.8,24.2,17.1
Cotton,Sandy,Rainfed,5.11,279.9,20.2,105.7,28.3,31.7,7.51
Wheat,Red,Rainfed,11.01,973.4,36.6,57.3,26.9,79.7,15.14
Wheat,Sandy,Sprinkler,10.17,1303.5,27.6,152.8,79.2,36.5,16.2
Rice,Loamy,Flood,20.07,365.5,20.9,132.3,38.5,66.3,24.55
Potato,Clayey,Rainfed,19.39,718.8,36.4,120.5,44.3,88.0,94.95
Cotton,Sandy,Sprinkler,24.55,949.8,27.0,101.4,57.8,46.6,8.89
Cotton,Black,Flood,12.75,254.2,17.7,166.2,77.6,67.5,10.57
Wheat,Black,Flood,15.1,1315.1,25.8,197.3,40.7,36.8,15.02
Cotton,Clayey,Flood,13.16,827.0,29.2,82.9,46.8,58.7,10.86
Rice,Clayey,Flood,17.23,870.8,18.8,70.3,40.3,82.3,28.35
Tomato,Alluvial,Flood,23.98,519.4,22.5,71.6,29.0,36.3,120.3
Tomato,Alluvial,Sprinkler,15.09,464.0,22.7,60.7,37.4,77.5,136.55
Rice,Sandy,Rainfed,22.6,483.7,26.0,69.5,46.0,56.6,18.38
Sugarcane,Loamy,Rainfed,8.72,759.8,35.7,101.5,48.3,62.6,351.99
Cotton,Loamy,Sprinkler,11.54,828.9,28.4,157.1,78.2,65.2,13.79
Cotton,Black,Flood,3.88,1350.3,26.2,130.6,72.6,24.8,9.3
Sugarcane,Sandy,Flood,23.85,1382.6,25.3,192.1,22.5,72.2,299.69
Cotton,Sandy,Sprinkler,12.93,355.5,35.2,97.3,63.8,31.1,10.38
Maize,Alluvial,Rainfed,23.88,917.7,32.6,154.2,81.2,86.5,19.68
Cotton,Clayey,Flood,12.31,830.7,19.1,186.4,85.0,67.8,10.86
Tomato,Sandy,Drip,23.8,994.5,27.3,156.1,42.8,63.8,103.89
Potato,Sandy,Drip,3.93,1059.4,25.5,182.3,41.8,23.0,120.6
Tomato,Alluvial,Drip,4.75,374.6,36.1,181.1,22.3,72.6,164.16
Sugarcane,Loamy,Rainfed,5.19,1367.8,22.3,77.0,78.4,49.3,241.74
Rice,Black,Flood,7.52,1258.4,19.6,69.0,60.0,44.1,19.25
Tomato,Clayey,Rainfed,6.31,1248.9,32.1,158.7,89.8,76.2,72.41
Maize,Red,Sprinkler,6.91,1031.7,24.8,106.3,39.7,63.7,16.95
Soybean,Clayey,Flood,8.17,392.7,35.7,135.3,77.7,58.2,10.23
Wheat,Red,Rainfed,1.15,1190.6,19.9,48.9,79.5,59.6,10.0
Soybean,Clayey,Flood,1.14,469.2,36.8,42.2,58.2,25.3,9.03
Rice,Clayey,Sprinkler,6.45,804.6,34.0,100.8,29.4,50.2,26.2
Soybean,Red,Drip,9.04,928.9,36.9,105.4,31.4,57.4,8.68
Cotton,Red,Drip,2.74,292.4,24.8,171.5,79.1,71.6,12.85
Sugarcane,Loamy,Sprinkler,4.63,277.0,22.4,133.1,81.4,28.3,335.81
Potato,Alluvial,Rainfed,19.46,571.6,16.9,158.8,43.2,70.6,113.79
Maize,Clayey,Sprinkler,19.55,897.2,22.3,157.5,61.2,20.9,21.04
Rice,Clayey,Sprinkler,11.4,809.2,25.1,111.9,82.7,75.2,30.95
Rice,Black,Rainfed,24.9,914.7,33.3,163.0,44.5,46.0,23.76
Cotton,Loamy,Rainfed,11.79,774.5,19.9,180.2,56.8,80.7,12.24
Sugarcane,Loamy,Drip,0.94,312.6,19.2,52.6,82.8,83.8,445.38
Maize,Loamy,Rainfed,3.56,792.5,26.1,41.3,51.0,45.8,16.74
Wheat,Red,Rainfed,24.88,1339.0,29.2,62.1,38.1,45.5,10.95
Cotton,Loamy,Flood,13.09,897.3,19.6,75.3,36.5,50.2,10.42
Tomato,Clayey,Rainfed,22.39,791.7,23.9,169.3,67.1,22.9,93.58
Tomato,Alluvial,Drip,1.1,501.5,18.0,93.8,74.1,70.1,145.92
Tomato,Clayey,Sprinkler,7.41,1262.1,24.8,104.1,48.4,26.9,71.1
Cotton,Alluvial,Rainfed,18.35,1357.6,33.2,87.8,64.9,67.1,6.56
Sugarcane,Clayey,Flood,5.19,386.6,29.0,61.6,65.9,76.3,325.08
Rice,Clayey,Drip,5.61,611.8,27.7,64.8,62.9,89.9,24.76
Maize,Red,Sprinkler,8.63,1317.9,35.2,115.6,44.7,69.7,16.41
Soybean,Alluvial,Rainfed,6.76,460.2,16.1,140.9,63.0,33.2,9.91
Sugarcane,Loamy,Sprinkler,22.43,1022.4,25.1,97.8,71.7,71.9,390.08
Rice,Loamy,Rainfed,24.02,268.4,16.9,198.0,65.1,70.1,23.83
Soybean,Red,Drip,18.91,538.3,20.8,188.2,60.0,27.3,12.58
Wheat,Black,Rainfed,11.03,1057.8,18.9,158.1,79.9,65.6,13.72
Soybean,Loamy,Rainfed,17.51,283.2,32.4,94.1,44.6,28.3,8.63
Rice,Red,Sprinkler,3.86,785.6,31.9,195.2,80.3,34.3,29.67
Sugarcane,Alluvial,Sprinkler,11.64,1130.2,20.2,130.0,25.2,44.4,387.99
Cotton,Red,Sprinkler,6.35,1265.2,23.3,70.7,70.1,42.3,7.17
Tomato,Sandy,Drip,18.93,386.9,19.6,51.3,42.4,53.1,125.09
Maize,Clayey,Drip,16.76,807.4,21.5,147.7,88.8,53.3,26.88
Tomato,Red,Flood,1.8,294.1,16.5,99.3,72.2,32.1,94.34
Wheat,Clayey,Drip,4.5,748.4,33.6,86.6,55.9,62.2,22.02
Maize,Loamy,Rainfed,23.08,878.5,32.0,141.8,89.9,51.9,17.21
Cotton,Black,Sprinkler,24.53,1244.9,23.0,88.8,27.2,81.4,8.02
Tomato,Red,Sprinkler,23.81,334.6,34.3,133.4,30.2,40.8,125.87
Tomato,Loamy,Rainfed,9.5,509.4,16.9,153.1,46.1,77.5,111.46
Cotton,Sandy,Drip,0.58,656.8,29.2,140.7,53.4,28.7,12.32
Maize,Sandy,Sprinkler,16.53,363.2,22.4,93.0,20.2,23.3,21.53
Wheat,Clayey,Drip,3.36,385.0,34.4,149.3,53.9,83.6,24.81
Maize,Red,Rainfed,2.06,279.0,16.9,105.5,70.3,34.3,17.72
Sugarcane,Red,Drip,16.69,519.4,18.8,132.4,41.4,66.7,338.29
Rice,Sandy,Rainfed,11.87,291.5,28.2,92.6,28.5,52.6,18.02
Tomato,Loamy,Rainfed,18.87,716.7,26.1,119.9,66.2,52.6,91.92
Potato,Red,Sprinkler,7.09,1040.5,18.8,48.5,73.7,66.6,106.1
Maize,Alluvial,Drip,12.69,724.4,24.6,120.0,57.0,68.4,27.88
Cotton,Loamy,Flood,2.51,832.1,34.5,59.0,27.9,25.6,11.56
Potato,Alluvial,Flood,16.08,1356.3,19.5,48.4,60.5,88.8,88.34
Sugarcane,Sandy,Flood,8.35,711.4,23.5,148.1,40.7,44.6,345.23
Tomato,Sandy,Flood,2.96,1114.4,24.0,180.8,84.9,21.7,72.3
Tomato,Red,Drip,22.67,929.2,26.0,131.6,34.1,68.2,110.11
Soybean,Clayey,Sprinkler,10.95,286.7,35.7,137.8,28.1,55.8,9.64
Maize,Red,Drip,18.85,443.6,35.0,94.8,86.3,25.0,27.02
Soybean,Alluvial,Flood,6.34,867.5,23.8,174.0,57.0,22.1,10.08
Cotton,Black,Rainfed,8.25,1130.6,36.5,97.4,76.4,54.9,9.43
Tomato,Clayey,Drip,13.0,760.9,30.8,81.8,42.7,85.2,120.18
Rice,Sandy,Rainfed,20.13,1331.6,21.1,47.8,40.4,47.9,16.66
Tomato,Red,Flood,14.43,1129.6,34.9,152.2,23.1,31.0,75.05
Tomato,Loamy,Flood,2.57,443.8,19.1,92.7,60.5,62.2,121.61
Sugarcane,Black,Sprinkler,18.47,1320.3,20.6,199.1,74.1,70.9,384.94
Sugarcane,Red,Rainfed,10.96,741.6,34.7,139.4,32.6,34.8,250.28
Potato,Black,Rainfed,9.48,792.1,17.4,191.4,73.6,71.2,111.07
Tomato,Sandy,Drip,8.15,523.9,35.8,47.6,66.3,23.0,108.76
Wheat,Loamy,Sprinkler,3.33,1093.6,22.0,140.6,84.2,42.2,19.66
Wheat,Alluvial,Rainfed,2.65,718.4,23.1,153.0,80.9,74.9,19.27
Maize,Red,Drip,17.89,635.4,17.9,174.8,43.7,35.3,24.08
Wheat,Red,Flood,23.04,685.9,29.0,181.7,48.2,77.4,18.43
Cotton,Red,Drip,18.98,486.5,32.2,167.6,37.3,70.1,13.05
Wheat,Black,Flood,14.6,1373.7,34.1,109.7,57.6,39.6,17.71
Sugarcane,Clayey,Flood,19.35,362.5,25.7,152.4,29.5,61.8,309.66
Rice,Loamy,Rainfed,24.64,417.6,31.2,52.9,23.0,39.7,21.69
Wheat,Red,Flood,18.59,527.8,29.7,151.3,42.5,77.1,22.82
Maize,Alluvial,Flood,23.24,1281.4,17.5,83.0,30.8,57.4,18.72
Wheat,Clayey,Sprinkler,8.82,1274.7,25.4,166.4,36.6,86.4,18.62
Maize,Red,Flood,1.92,207.7,19.5,196.6,56.6,23.3,23.31
Sugarcane,Sandy,Sprinkler,5.02,616.0,30.6,117.1,71.7,87.3,376.79
Cotton,Alluvial,Sprinkler,16.71,670.5,17.5,72.3,75.6,82.7,12.34
Maize,Sandy,Sprinkler,1.15,1337.2,31.0,193.1,80.5,43.8,19.18
Rice,Black,Drip,6.22,998.8,27.2,88.4,59.5,28.8,28.1
Rice,Black,Rainfed,14.7,482.9,35.7,47.2,34.1,72.6,17.83
Rice,Black,Drip,8.19,434.9,27.4,185.6,23.0,73.6,32.34
Wheat,Red,Flood,20.18,988.4,35.7,184.9,88.1,74.4,19.46
Potato,Black,Flood,19.44,1303.9,25.4,86.9,64.8,49.1,86.97
Cotton,Red,Sprinkler,16.7,1257.8,17.5,87.3,68.5,22.4,7.44
Cotton,Red,Drip,17.57,808.7,21.3,167.4,25.9,56.7,10.83
Soybean,Loamy,Rainfed,7.6,643.3,28.4,191.1,86.3,24.9,9.7
Maize,Black,Drip,23.69,1237.2,16.5,165.1,64.5,54.7,22.73
Rice,Sandy,Rainfed,3.72,1258.8,34.2,144.3,52.1,85.3,18.85
Potato,Sandy,Sprinkler,3.36,718.0,17.4,164.2,86.4,54.9,136.29
Rice,Black,Rainfed,3.77,1269.9,24.6,129.5,57.0,63.1,19.42
Cotton,Black,Sprinkler,2.05,289.7,21.5,68.5,74.2,42.5,12.5
Sugarcane,Alluvial,Drip,12.58,1025.6,30.3,136.2,84.7,36.0,477.94
Rice,Red,Drip,24.35,1234.6,16.3,196.8,45.8,68.7,27.41
Soybean,Black,Rainfed,15.53,1334.9,30.8,165.3,45.7,39.1,7.92
Maize,Loamy,Flood,15.39,1110.8,25.5,196.4,24.0,61.2,21.28
Tomato,Red,Sprinkler,1.07,579.0,20.1,189.0,66.9,83.8,126.86
Wheat,Red,Drip,13.52,372.6,34.2,157.8,57.1,21.8,24.39
Tomato,Sandy,Drip,9.61,1167.1,27.7,56.9,75.8,86.7,92.68
Soybean,Clayey,Flood,16.09,844.0,32.5,77.6,81.5,57.2,8.32
Maize,Red,Drip,1.66,488.9,23.6,173.3,45.6,72.8,30.99
Maize,Loamy,Rainfed,0.56,1301.2,17.8,183.7,47.9,65.7,16.68
Rice,Sandy,Sprinkler,13.62,1388.4,32.2,92.4,77.9,73.8,21.02
Rice,Black,Sprinkler,23.47,1135.0,29.3,78.8,56.8,36.3,27.06
Soybean,Loamy,Rainfed,22.97,565.8,20.9,151.8,79.7,64.3,10.82
Sugarcane,Loamy,Drip,12.94,1207.3,35.0,123.6,84.9,24.5,408.63
Wheat,Red,Drip,8.58,838.8,17.9,76.8,73.6,66.3,19.95
Sugarcane,Loamy,Flood,8.73,1211.9,16.6,76.8,83.3,64.8,337.8
Maize,Alluvial,Drip,18.6,1099.8,19.2,55.9,80.3,78.6,25.21
Wheat,Clayey,Rainfed,8.49,388.0,31.6,126.3,79.8,25.7,19.42
Potato,Loamy,Sprinkler,16.54,248.2,29.4,154.8,45.8,35.1,151.78
Wheat,Black,Drip,12.83,661.2,19.0,97.1,82.2,72.7,25.48
Tomato,Alluvial,Flood,15.6,699.4,27.1,151.7,52.7,33.4,106.58
Soybean,Sandy,Drip,15.42,462.2,30.3,162.5,45.1,76.1,12.92
Rice,Loamy,Drip,20.42,665.8,28.4,72.8,84.1,84.6,35.67
Tomato,Black,Drip,4.88,374.8,16.1,190.5,78.0,25.4,146.51
Rice,Sandy,Drip,23.28,1228.0,26.1,172.2,49.6,37.7,26.96
Soybean,Black,Sprinkler,8.67,351.6,23.6,147.7,39.1,20.5,11.07
Wheat,Black,Flood,14.14,898.0,34.8,89.3,77.5,59.6,17.58
Sugarcane,Black,Drip,7.0,414.7,30.3,175.5,41.9,60.4,393.23
Maize,Sandy,Rainfed,7.17,1234.4,16.8,109.8,28.2,49.2,13.75
Cotton,Loamy,Sprinkler,5.67,1343.2,33.2,71.6,59.1,27.9,10.33
Rice,Black,Flood,8.59,988.1,21.4,155.4,45.2,75.3,28.04
Soybean,Loamy,Sprinkler,10.45,1170.1,29.1,127.7,84.9,57.5,8.91
Maize,Alluvial,Drip,21.41,760.0,35.0,55.0,65.7,43.3,28.56
Sugarcane,Black,Rainfed,20.93,399.0,17.2,70.7,38.7,39.8,224.48
Maize,Black,Rainfed,5.74,514.0,21.3,181.5,74.2,25.2,22.81
Rice,Black,Drip,4.1,852.5,24.5,110.8,56.7,29.0,32.13
Cotton,Loamy,Drip,22.63,991.2,32.1,46.3,62.3,68.2,12.01
Rice,Red,Flood,7.5,1149.0,22.9,166.0,51.6,28.2,25.1
Potato,Clayey,Sprinkler,8.29,606.6,32.5,165.6,36.1,88.1,141.76
Soybean,Loamy,Rainfed,1.12,923.5,22.4,109.3,54.2,24.5,8.43
Maize,Alluvial,Rainfed,2.46,663.4,30.3,180.8,37.8,22.0,17.07
Sugarcane,Black,Sprinkler,15.36,691.9,22.9,185.8,87.8,54.8,477.41
Sugarcane,Red,Sprinkler,3.75,1118.7,34.0,60.0,88.4,89.0,338.12
Cotton,Red,Drip,9.19,1051.9,19.9,57.0,47.1,52.1,10.05
Potato,Black,Sprinkler,18.86,968.8,17.4,194.4,21.6,61.3,124.92
Maize,Red,Flood,23.0,873.7,26.6,47.2,59.3,48.7,19.54
Tomato,Clayey,Flood,18.24,623.8,37.8,154.3,45.7,30.4,95.15
Sugarcane,Loamy,Flood,7.67,906.3,19.0,129.8,23.9,62.5,413.33
Maize,Clayey,Drip,23.59,931.3,33.2,147.6,54.8,70.3,22.33
Wheat,Alluvial,Flood,13.04,1114.9,19.5,162.2,24.9,53.8,19.19
Rice,Black,Flood,12.52,1017.9,17.9,68.6,48.3,54.6,24.8
Potato,Black,Drip,17.02,434.8,19.4,80.4,47.4,31.1,153.74
Cotton,Loamy,Sprinkler,12.77,1286.2,29.9,103.7,28.4,40.6,9.28
Tomato,Black,Rainfed,22.16,924.7,31.3,102.3,22.0,85.2,85.22
Tomato,Red,Flood,8.94,1055.2,18.2,111.1,55.2,73.0,80.72
Rice,Black,Rainfed,21.76,311.9,23.4,96.2,23.6,28.3,16.35
Wheat,Red,Sprinkler,2.5,248.5,23.3,156.8,56.5,49.2,21.87
Wheat,Alluvial,Flood,20.37,366.3,26.7,79.8,31.8,71.4,23.77
Sugarcane,Black,Sprinkler,8.1,1360.0,34.7,180.8,52.2,63.7,338.97
Maize,Sandy,Drip,4.69,956.9,29.1,50.4,38.7,47.4,19.61
Cotton,Alluvial,Rainfed,10.32,773.8,28.0,84.0,56.6,55.6,10.25
Sugarcane,Clayey,Rainfed,18.47,1086.1,37.7,140.3,83.0,23.8,262.06
Cotton,Sandy,Sprinkler,24.53,952.1,35.4,92.7,48.5,83.4,9.31
Maize,Sandy,Drip,10.97,893.2,22.5,126.7,86.7,41.8,25.76
Soybean,Red,Drip,13.13,201.6,29.5,199.6,40.4,64.2,12.82
Cotton,Red,Sprinkler,12.81,1341.3,27.1,115.5,51.4,43.4,5.77
Sugarcane,Sandy,Drip,13.3,549.8,23.1,42.4,71.1,69.8,374.6
Soybean,Alluvial,Flood,17.28,213.2,34.6,170.6,21.4,58.0,11.62
Rice,Alluvial,Drip,12.89,394.6,28.7,185.8,79.0,61.1,31.96
Sugarcane,Black,Rainfed,9.83,344.8,37.8,172.1,57.9,53.3,281.38
Maize,Loamy,Rainfed,1.73,685.2,37.6,69.2,56.9,20.6,19.6
Sugarcane,Black,Flood,10.45,449.6,28.0,167.2,21.4,55.4,333.97
Maize,Black,Flood,21.85,263.6,33.2,138.5,42.1,70.5,27.34
Maize,Loamy,Sprinkler,9.67,361.8,31.6,170.2,28.8,54.6,27.36
Sugarcane,Alluvial,Sprinkler,12.21,1177.6,25.9,129.4,20.2,45.6,372.61
Wheat,Clayey,Rainfed,18.65,1010.5,22.2,42.5,28.1,37.5,10.56
Cotton,Black,Rainfed,23.0,1147.0,22.3,175.3,28.2,22.5,5.86
Wheat,Alluvial,Flood,21.33,586.6,23.2,125.4,65.7,34.2,25.03
Cotton,Alluvial,Rainfed,24.93,1345.0,36.7,169.8,35.4,57.3,7.23
Rice,Clayey,Flood,17.25,474.6,38.0,109.0,85.2,50.2,22.29
Sugarcane,Black,Rainfed,7.31,736.2,25.4,193.5,32.3,26.3,328.66
Tomato,Loamy,Rainfed,7.43,713.1,18.8,186.1,71.8,45.5,114.22
Maize,Loamy,Rainfed,10.89,475.2,25.5,179.4,24.8,45.8,22.71
Soybean,Clayey,Rainfed,16.96,411.1,36.2,79.3,37.1,77.0,8.86
Soybean,Black,Flood,22.24,859.0,36.8,40.9,29.4,40.5,8.86
Soybean,Sandy,Rainfed,11.12,334.5,31.6,198.8,71.6,21.2,8.95
Tomato,Alluvial,Rainfed,13.6,598.7,25.6,193.2,46.9,27.2,122.97
Tomato,Red,Rainfed,22.24,686.2,16.8,47.8,39.9,64.0,75.0
Cotton,Sandy,Sprinkler,12.92,1191.0,34.4,172.7,31.0,21.8,8.57
Soybean,Red,Sprinkler,18.52,526.1,37.8,69.3,35.0,40.2,9.83
Rice,Black,Drip,2.25,304.4,30.5,81.5,66.0,30.1,24.57
Tomato,Clayey,Drip,4.17,1335.1,27.2,188.2,43.6,70.1,97.19
Tomato,Sandy,Rainfed,2.82,1252.3,16.7,195.6,67.0,49.4,74.5
Cotton,Black,Sprinkler,6.84,1304.3,33.7,62.6,73.9,83.9,8.62
Soybean,Sandy,Sprinkler,18.33,948.9,21.3,136.4,65.3,56.6,7.3
Cotton,Black,Drip,8.96,910.4,34.8,100.1,69.7,76.8,12.56
Sugarcane,Black,Drip,5.19,861.8,36.8,52.0,23.0,31.0,377.1
Wheat,Sandy,Rainfed,5.31,560.0,29.8,149.6,28.7,86.1,19.54
Soybean,Clayey,Rainfed,1.74,244.7,35.7,183.6,27.5,45.0,8.81
Sugarcane,Loamy,Flood,0.86,522.2,20.2,121.3,34.3,73.4,359.88
Tomato,Alluvial,Sprinkler,0.52,1371.2,23.9,94.3,30.2,80.1,98.48
Tomato,Black,Drip,14.0,1352.1,28.1,175.4,42.4,50.7,99.59
Wheat,Loamy,Drip,17.81,214.5,31.5,104.7,87.7,39.4,27.32
Wheat,Loamy,Rainfed,16.76,1130.7,29.9,55.5,88.3,36.6,16.36
Soybean,Red,Sprinkler,19.89,566.5,36.3,92.7,25.1,89.6,10.19
Cotton,Loamy,Drip,14.7,374.0,16.7,58.6,74.3,72.9,15.85
Sugarcane,Red,Flood,12.22,965.4,31.1,49.4,49.3,60.9,321.21
Potato,Black,Flood,18.55,1072.0,20.7,42.1,89.9,60.7,117.48
Cotton,Clayey,Rainfed,20.16,538.1,29.8,105.8,36.4,56.0,9.29
Wheat,Red,Drip,10.25,528.8,19.9,101.9,87.5,38.6,24.28
Maize,Red,Sprinkler,17.69,411.3,37.4,138.4,31.5,21.4,24.11
Wheat,Sandy,Flood,11.52,1059.0,17.1,119.6,43.3,64.1,14.21
Potato,Clayey,Drip,10.97,1173.6,30.8,42.7,32.5,35.9,104.24
Tomato,Loamy,Flood,14.81,660.1,19.1,118.7,42.7,80.5,113.25
Rice,Alluvial,Rainfed,14.58,348.7,19.8,198.3,70.8,23.4,21.22
Soybean,Clayey,Drip,17.86,822.6,34.5,80.7,83.5,64.6,11.69
Sugarcane,Red,Drip,7.87,1320.4,22.8,97.7,53.1,59.3,316.98
Tomato,Alluvial,Rainfed,14.31,268.1,30.6,78.5,28.3,48.7,98.53
Cotton,Loamy,Flood,2.72,1039.5,31.9,67.6,22.0,48.6,11.02
Sugarcane,Black,Sprinkler,3.22,1019.1,37.7,184.9,81.0,41.2,428.2
Potato,Clayey,Sprinkler,20.36,234.2,31.2,135.1,30.1,31.6,104.9
Potato,Red,Rainfed,18.64,1159.2,32.0,72.4,68.3,20.8,77.28
Soybean,Clayey,Flood,20.66,1158.0,33.1,114.1,80.5,84.8,7.06
Rice,Clayey,Rainfed,4.5,1146.7,16.1,60.3,57.7,37.3,16.36
Tomato,Alluvial,Flood,4.73,1101.8,33.4,63.2,85.3,54.1,108.24
Rice,Red,Rainfed,18.92,898.1,18.6,152.1,69.2,58.4,24.58
Maize,Loamy,Drip,16.47,231.3,28.1,135.2,34.5,34.6,30.21
Cotton,Sandy,Drip,19.84,1131.8,33.2,97.8,81.8,20.9,8.39
Soybean,Red,Drip,4.56,603.5,28.9,123.2,42.4,72.5,10.64
Cotton,Black,Rainfed,20.46,1183.1,33.6,56.2,76.0,28.4,7.91
Cotton,Black,Sprinkler,16.78,253.4,33.3,186.0,54.1,76.3,14.3
Soybean,Black,Drip,12.74,1352.5,23.6,195.3,60.8,52.3,10.65
Cotton,Loamy,Flood,1.31,1050.6,37.0,140.0,33.2,37.4,8.82
Wheat,Sandy,Flood,13.55,429.2,29.9,128.3,61.0,41.2,21.21
Sugarcane,Sandy,Rainfed,2.01,247.1,28.5,181.9,42.6,37.3,248.82
Tomato,Loamy,Drip,7.4,448.2,37.4,43.0,63.8,56.2,155.98
Soybean,Black,Rainfed,8.76,857.5,33.0,147.9,40.6,57.0,8.21
Cotton,Sandy,Drip,16.35,517.3,19.4,179.1,27.7,74.2,12.64
Sugarcane,Sandy,Flood,14.02,666.1,34.6,40.7,56.4,35.2,317.87
Rice,Loamy,Rainfed,1.05,965.2,22.8,109.1,81.1,88.6,25.97
Wheat,Alluvial,Flood,13.45,549.5,37.4,177.1,71.3,85.4,27.33
Potato,Alluvial,Drip,20.17,1111.3,32.0,100.0,29.8,34.7,113.14
Cotton,Sandy,Drip,19.87,441.5,26.7,137.2,31.2,74.5,12.31
Rice,Sandy,Flood,15.19,1219.6,35.1,135.4,84.2,61.0,22.33
Maize,Clayey,Rainfed,8.11,428.1,26.5,51.0,69.1,56.3,15.46
Wheat,Loamy,Sprinkler,21.81,652.0,35.4,156.6,27.3,78.2,24.45
Potato,Clayey,Drip,9.36,464.3,27.2,50.9,84.6,40.6,135.9
Cotton,Loamy,Sprinkler,22.85,221.9,24.1,156.6,49.9,21.7,13.87
Rice,Red,Rainfed,24.14,862.2,27.1,90.9,38.0,21.5,19.06
Rice,Clayey,Drip,14.2,998.2,36.6,175.6,37.2,60.1,26.42
Maize,Sandy,Rainfed,17.36,1105.9,23.1,156.7,36.3,50.0,12.11
Potato,Loamy,Drip,17.56,335.2,26.9,114.7,30.0,76.0,153.69
Maize,Sandy,Drip,1.96,1196.1,19.8,99.6,62.0,53.8,18.47
Sugarcane,Loamy,Drip,1.27,1372.4,20.4,57.7,60.4,25.6,342.94
Wheat,Black,Flood,16.26,940.5,33.6,180.1,55.7,54.3,22.06
Rice,Black,Drip,1.46,757.4,34.0,156.2,54.2,80.2,36.96
Potato,Clayey,Rainfed,21.24,1049.9,34.0,127.0,67.3,59.2,86.95
Wheat,Black,Drip,6.4,1280.5,18.1,153.6,35.4,41.0,15.82
Cotton,Alluvial,Rainfed,3.31,366.3,29.6,137.2,34.9,53.2,10.41
Tomato,Sandy,Sprinkler,11.45,1330.1,24.7,109.5,71.7,74.5,88.58
Potato,Alluvial,Drip,15.83,420.8,28.4,61.3,21.2,64.1,160.05
Sugarcane,Red,Rainfed,15.56,317.6,35.7,132.5,65.9,39.8,272.41
Soybean,Alluvial,Sprinkler,19.42,1347.7,35.1,156.4,25.3,23.4,8.8
Wheat,Clayey,Drip,10.24,1040.2,36.1,54.0,80.3,75.5,20.16
Sugarcane,Red,Flood,22.47,1294.7,17.4,123.5,30.7,73.1,270.12
Rice,Sandy,Drip,20.8,1241.6,27.5,186.0,79.1,71.2,29.96
Soybean,Loamy,Rainfed,15.68,968.0,37.3,68.6,63.6,33.2,8.07
Tomato,Alluvial,Flood,24.08,583.2,24.6,64.6,63.1,61.7,115.22
Maize,Black,Sprinkler,16.93,976.3,20.8,161.4,26.1,54.3,21.1
Wheat,Loamy,Drip,19.28,270.7,34.5,190.8,67.4,34.9,28.82
Rice,Alluvial,Flood,17.84,461.0,31.7,186.3,38.7,36.3,27.44
Tomato,Loamy,Rainfed,7.33,945.4,26.6,86.2,55.7,31.8,80.39
Rice,Clayey,Drip,16.46,556.4,36.5,158.5,39.9,46.5,29.91
Rice,Sandy,Drip,3.82,638.0,18.4,136.2,23.6,80.2,29.04
Potato,Loamy,Rainfed,8.03,758.6,35.0,164.6,47.5,79.2,105.85
Sugarcane,Loamy,Flood,23.45,210.6,31.9,113.5,67.6,62.4,317.2
Cotton,Loamy,Drip,16.3,1291.6,31.6,47.3,78.7,89.3,11.26
Maize,Clayey,Flood,8.62,989.1,21.1,56.8,21.9,40.5,16.63
Soybean,Sandy,Drip,21.49,690.8,16.5,141.8,71.9,40.6,11.45
Rice,Red,Drip,5.29,641.5,16.4,174.3,74.6,24.4,30.2
Cotton,Red,Sprinkler,19.65,252.5,31.2,120.6,53.3,68.4,9.95
Rice,Red,Drip,11.5,214.5,27.5,197.4,56.6,32.8,27.48
Soybean,Alluvial,Flood,13.45,705.7,21.0,152.5,37.7,83.8,12.41
Wheat,Sandy,Flood,16.9,345.9,21.8,173.8,83.3,57.7,22.09
Soybean,Black,Sprinkler,14.9,946.9,21.6,78.3,78.1,73.3,10.83
Cotton,Black,Sprinkler,8.19,376.9,20.8,41.8,35.9,43.3,10.18
Cotton,Loamy,Rainfed,10.42,815.3,32.0,116.2,21.0,20.9,9.68
Sugarcane,Black,Drip,7.75,586.1,27.5,145.8,72.4,37.2,443.47
Rice,Sandy,Flood,1.76,561.2,28.5,138.9,24.9,66.5,26.47
Potato,Sandy,Drip,20.79,758.0,22.5,164.0,79.8,49.4,134.77
Tomato,Clayey,Sprinkler,23.4,785.0,18.4,86.3,81.0,79.3,105.14
Maize,Clayey,Rainfed,13.11,334.5,30.3,137.5,56.1,84.9,20.95
Soybean,Sandy,Sprinkler,12.98,339.0,26.4,69.2,61.8,68.5,9.55
Cotton,Red,Sprinkler,16.12,1349.5,25.3,198.8,71.8,74.3,9.34
Tomato,Red,Rainfed,13.44,248.7,22.9,192.9,49.8,33.1,86.67
Wheat,Alluvial,Rainfed,16.68,1082.0,17.6,46.6,27.1,26.1,13.22
Rice,Clayey,Drip,11.8,486.4,25.8,192.1,34.8,32.5,28.22
Rice,Loamy,Flood,6.71,1181.4,17.2,151.9,50.7,71.2,24.98
Rice,Alluvial,Rainfed,13.95,1213.5,37.0,190.9,27.0,86.1,24.11
Wheat,Sandy,Flood,12.34,537.2,31.8,181.7,20.0,68.1,22.01
Tomato,Sandy,Flood,8.69,471.8,26.9,138.5,47.4,44.2,108.74
Soybean,Loamy,Rainfed,0.5,1318.2,28.1,139.3,66.5,59.3,6.65
Cotton,Red,Sprinkler,16.89,912.3,22.1,150.1,64.1,32.1,10.19
Wheat,Clayey,Rainfed,6.36,956.5,33.7,194.6,51.8,75.0,13.13
Rice,Black,Drip,1.47,1041.7,18.6,60.3,33.1,26.8,25.43
Maize,Red,Rainfed,3.81,429.3,25.3,134.3,62.3,40.4,22.65
Sugarcane,Red,Drip,12.56,562.5,28.8,191.5,82.2,73.8,408.93
Potato,Sandy,Rainfed,17.32,1090.4,33.1,100.0,73.5,20.5,67.2
Cotton,Alluvial,Rainfed,20.96,1331.5,26.0,120.0,87.3,52.1,5.93
Maize,Loamy,Rainfed,1.42,649.4,28.4,167.6,50.7,87.2,22.82
Rice,Alluvial,Flood,19.16,889.7,31.4,106.9,39.5,58.2,27.23
Sugarcane,Clayey,Sprinkler,21.26,768.8,28.2,199.2,86.6,39.0,405.13
Tomato,Alluvial,Drip,14.84,1070.2,30.0,154.3,50.0,70.9,120.37
Potato,Red,Sprinkler,12.46,473.5,32.7,82.0,43.8,33.3,118.94
Soybean,Black,Drip,7.46,1304.5,25.4,133.9,52.2,46.5,10.0
Wheat,Black,Flood,11.69,1066.6,17.8,143.0,84.5,41.0,16.76
Soybean,Black,Drip,18.12,274.8,24.3,53.7,80.3,63.5,11.44
Sugarcane,Alluvial,Drip,15.79,736.3,36.0,118.7,55.8,49.2,473.57
Wheat,Alluvial,Sprinkler,7.1,1234.4,29.1,134.6,62.8,70.3,18.46
Tomato,Red,Flood,8.24,1229.2,35.7,137.6,54.9,69.9,84.7
Cotton,Clayey,Rainfed,11.34,1163.1,36.4,195.9,82.9,42.2,7.23
Sugarcane,Loamy,Rainfed,11.19,730.5,22.0,61.1,86.1,29.2,326.79
Soybean,Red,Sprinkler,8.04,452.1,19.8,142.5,84.4,55.6,11.02
Maize,Red,Drip,9.05,549.1,29.2,164.1,51.9,64.1,26.94
Tomato,Loamy,Drip,10.55,845.1,21.9,85.8,23.2,40.0,111.76
Cotton,Clayey,Sprinkler,5.45,1322.7,21.0,105.5,30.8,57.5,8.55
Potato,Sandy,Drip,0.6,436.9,26.9,152.8,54.0,31.5,142.02
Sugarcane,Loamy,Sprinkler,12.23,608.5,32.3,180.3,45.9,48.5,439.97
Potato,Loamy,Sprinkler,19.94,722.8,19.9,52.7,47.3,47.3,120.06
Tomato,Clayey,Drip,11.34,1242.5,29.4,43.3,56.3,73.4,82.68
Rice,Sandy,Drip,10.08,534.3,28.7,123.6,53.7,42.0,28.04
Soybean,Clayey,Drip,23.2,264.1,20.3,152.9,60.4,37.6,10.97
Potato,Clayey,Drip,11.53,1181.6,16.3,183.7,48.9,36.1,122.08
Tomato,Sandy,Flood,22.41,377.7,30.0,182.4,83.8,75.5,125.12
Potato,Loamy,Sprinkler,13.74,1120.6,28.2,93.7,83.7,70.1,132.93
Cotton,Alluvial,Flood,10.88,581.9,38.0,132.8,26.4,56.3,12.28
Wheat,Loamy,Flood,3.12,1115.2,34.7,134.0,31.3,21.1,18.02
Rice,Alluvial,Rainfed,16.73,593.2,36.3,181.4,70.1,45.5,28.57
Cotton,Alluvial,Drip,7.79,1396.5,31.0,105.3,59.2,49.1,10.66
Potato,Loamy,Flood,20.42,785.3,32.6,178.8,47.4,20.9,136.6
Maize,Sandy,Drip,3.62,338.4,19.5,160.2,69.8,34.3,26.51
Maize,Sandy,Flood,9.54,310.1,29.7,78.2,76.2,47.6,23.31
Potato,Alluvial,Flood,11.1,953.7,18.7,122.2,89.0,36.5,115.62
Cotton,Red,Sprinkler,12.03,1376.1,20.3,141.8,60.3,59.6,10.4
Cotton,Red,Rainfed,18.72,1199.5,16.3,92.6,49.7,83.8,4.81
Potato,Clayey,Rainfed,4.38,1297.4,35.3,100.3,47.6,52.2,69.47
Maize,Clayey,Drip,19.09,272.7,36.2,67.5,31.1,78.8,23.79
Wheat,Sandy,Sprinkler,3.72,1385.2,23.3,133.7,74.6,84.4,17.18
Soybean,Alluvial,Sprinkler,11.92,926.5,18.1,181.4,58.1,22.8,10.84
Tomato,Sandy,Rainfed,9.42,1017.1,32.3,170.1,33.8,22.5,78.4
Sugarcane,Alluvial,Flood,24.23,455.8,20.2,145.7,37.0,85.7,324.42
Sugarcane,Red,Sprinkler,5.24,490.3,17.4,63.5,30.3,34.2,323.84
