crop,growth_stage,temperature_c,humidity_percent,rainfall_7d_mm,soil_moisture_percent,leaf_wetness_hours,risk_tier,likely_stress,risk_score
Maize,Vegetative,29.5,46.0,75.3,34.6,15.6,Low,None/Healthy,26.0
Rice,Vegetative,17.2,90.5,144.6,91.0,3.6,Low,None/Healthy,25.5
Cotton,Flowering,32.4,68.6,128.8,16.9,22.6,Moderate,Whitefly,36.4
Cotton,Vegetative,33.3,85.8,236.0,67.7,11.4,Moderate,Whitefly,46.3
Potato,Tillering/Branching,15.5,49.2,13.3,87.0,17.4,Moderate,Cutworm,31.3
Cotton,Vegetative,34.9,91.5,58.8,29.0,16.7,Moderate,Boll Rot,34.8
Wheat,Flowering,35.8,45.5,222.6,83.9,8.7,Moderate,Brown Rust Risk,47.6
Potato,Vegetative,30.2,40.1,69.4,66.8,0.4,Low,None/Healthy,5.7
Cotton,Tillering/Branching,35.8,95.7,84.7,66.8,13.5,Moderate,Pink Bollworm,32.6
Tomato,Vegetative,37.9,62.8,167.4,80.0,13.9,Moderate,Fruit Borer,31.9
Cotton,Maturity,36.5,32.5,167.0,67.0,22.6,Moderate,Spotted Bollworm,34.5
Sugarcane,Maturity,38.5,80.8,106.1,71.8,20.8,Moderate,Early Shoot Borer,33.3
Maize,Fruiting/GrainFilling,18.2,81.9,41.8,35.2,18.8,Moderate,Fall Armyworm,35.7
Rice,Fruiting/GrainFilling,41.8,80.2,98.1,25.4,7.7,Low,None/Healthy,24.3
Rice,Flowering,31.8,54.3,73.8,75.6,5.5,Low,None/Healthy,13.5
Maize,Vegetative,31.9,84.3,17.1,31.8,3.7,Moderate,Stem Borer,46.8
Sugarcane,Vegetative,32.7,81.7,44.5,62.0,22.6,Moderate,Pyrilla,37.6
Tomato,Fruiting/GrainFilling,33.9,92.3,2.7,84.6,5.2,Low,None/Healthy,27.6
Tomato,Vegetative,23.4,85.7,163.7,37.4,19.1,High,Early Blight Risk,75.0
Tomato,Tillering/Branching,35.1,64.1,203.5,74.6,0.5,Low,None/Healthy,9.0
Cotton,Fruiting/GrainFilling,22.6,61.5,236.7,73.2,0.3,Low,None/Healthy,19.8
Soybean,Fruiting/GrainFilling,22.8,83.9,150.8,70.6,9.0,Severe,Severe Blight Outbreak,81.0
Cotton,Maturity,20.6,94.5,236.6,80.4,22.5,Moderate,Whitefly,39.2
Sugarcane,Fruiting/GrainFilling,36.0,68.3,167.3,41.2,9.8,Moderate,Top Borer,43.6
Sugarcane,Maturity,28.4,97.7,122.4,32.6,12.2,Severe,Early Shoot Borer,82.9
Potato,Fruiting/GrainFilling,27.4,52.3,246.0,21.1,7.4,Low,None/Healthy,24.1
Cotton,Vegetative,28.3,31.1,20.6,35.6,13.3,Moderate,Spotted Bollworm,33.7
Rice,Fruiting/GrainFilling,21.4,89.5,38.2,68.3,6.4,Low,None/Healthy,25.4
Maize,Maturity,15.8,36.4,211.4,19.5,14.2,Low,None/Healthy,27.2
Rice,Flowering,19.8,74.2,124.7,78.8,1.5,Low,None/Healthy,16.8
Wheat,Flowering,18.6,51.4,29.6,51.4,13.2,Moderate,Termites,36.2
Rice,Tillering/Branching,38.8,47.4,87.5,33.5,23.7,Moderate,Yellow Stem Borer,39.5
Tomato,Maturity,20.4,45.2,61.8,66.2,1.8,Low,None/Healthy,16.3
Soybean,Tillering/Branching,19.1,92.2,192.5,15.4,17.7,Moderate,Common Aphid,46.4
Rice,Maturity,25.9,63.3,88.8,37.3,16.2,Moderate,Leaf Folder,32.1
Maize,Maturity,38.1,81.3,86.4,49.8,16.6,Moderate,Fall Armyworm,31.6
Soybean,Tillering/Branching,27.8,81.9,249.3,78.0,21.0,High,Stem Borer,67.2
Tomato,Tillering/Branching,40.1,57.0,230.4,21.1,17.2,Moderate,Early Blight Risk,56.4
Cotton,Flowering,30.9,66.0,29.2,32.5,19.2,Moderate,Spotted Bollworm,49.4
Potato,Vegetative,21.6,47.3,23.7,46.1,14.1,Moderate,Potato Tuber Moth,30.1
Maize,Fruiting/GrainFilling,18.9,50.1,4.0,78.0,7.5,Low,None/Healthy,17.5
Soybean,Flowering,29.3,79.3,197.4,22.1,13.9,Moderate,Common Aphid,40.5
Wheat,Maturity,29.0,42.4,198.9,94.8,23.3,Low,None/Healthy,27.9
Wheat,Maturity,26.2,40.6,63.6,86.4,23.2,Moderate,Brown Rust Risk,37.1
Potato,Fruiting/GrainFilling,37.9,84.2,246.7,70.8,18.0,Moderate,Cutworm,46.8
Cotton,Tillering/Branching,26.2,77.6,170.6,69.1,12.2,Moderate,Spotted Bollworm,33.8
Wheat,Flowering,26.8,60.7,100.1,88.4,8.6,Low,None/Healthy,25.0
Sugarcane,Flowering,34.1,52.3,25.6,36.2,3.1,Low,None/Healthy,19.9
Soybean,Tillering/Branching,22.1,73.4,238.6,69.9,22.2,Moderate,Common Aphid,33.5
Sugarcane,Fruiting/GrainFilling,23.8,87.5,226.3,51.2,0.2,High,Pyrilla,74.4
Maize,Flowering,36.0,60.7,214.5,61.0,14.8,Moderate,Shoot Fly,36.6
Cotton,Fruiting/GrainFilling,19.4,36.4,118.2,52.2,15.7,Moderate,Pink Bollworm,40.3
Cotton,Maturity,28.7,91.7,39.9,70.2,14.3,High,Pink Bollworm,61.8
Rice,Vegetative,17.7,67.8,132.6,20.5,15.2,Moderate,Bacterial Blight Risk,32.3
Potato,Maturity,19.8,86.0,26.0,52.4,4.7,Low,None/Healthy,7.8
Potato,Vegetative,31.9,85.7,221.9,35.8,20.4,High,Cutworm,77.5
Wheat,Vegetative,30.7,53.1,25.9,29.7,8.3,Low,None/Healthy,27.6
Wheat,Maturity,28.9,68.0,22.6,37.8,6.3,Low,None/Healthy,12.3
Cotton,Flowering,23.5,32.5,162.9,94.1,15.2,Moderate,Pink Bollworm,47.0
Rice,Maturity,31.8,73.1,55.4,48.3,8.3,Low,None/Healthy,24.2
Rice,Vegetative,23.5,63.1,150.0,89.8,5.7,Low,None/Healthy,9.9
Potato,Flowering,28.1,37.4,220.8,71.7,5.8,Low,None/Healthy,23.5
Potato,Maturity,35.5,46.3,171.0,38.6,0.2,Low,None/Healthy,5.8
Tomato,Tillering/Branching,40.0,95.9,59.0,79.7,8.5,Moderate,Leaf Miner,31.5
Tomato,Maturity,34.6,88.3,75.7,32.7,16.1,Low,None/Healthy,28.8
Rice,Fruiting/GrainFilling,21.1,47.3,33.7,62.7,6.7,Low,None/Healthy,23.3
Maize,Tillering/Branching,23.2,51.8,108.6,28.5,11.9,Low,None/Healthy,29.8
Sugarcane,Tillering/Branching,16.8,89.6,234.8,64.4,21.2,Moderate,Red Rot Risk,55.6
Wheat,Maturity,37.2,48.5,248.2,40.3,21.1,Low,None/Healthy,22.8
Potato,Flowering,38.0,51.0,84.6,30.8,23.1,Moderate,Cutworm,37.1
Rice,Vegetative,24.4,50.0,118.8,32.2,6.8,Low,None/Healthy,9.2
Cotton,Flowering,41.0,70.1,196.8,18.6,2.6,Moderate,Whitefly,43.1
Cotton,Maturity,37.1,45.5,169.9,21.7,14.0,Moderate,Pink Bollworm,56.6
Sugarcane,Fruiting/GrainFilling,36.8,48.8,177.4,76.1,17.5,Moderate,Early Shoot Borer,39.2
Tomato,Maturity,17.7,37.1,199.1,35.2,1.4,Low,None/Healthy,16.1
Wheat,Fruiting/GrainFilling,33.1,30.2,27.4,43.1,2.0,Low,None/Healthy,18.1
Potato,Maturity,35.6,37.7,53.0,64.7,10.1,Moderate,Potato Tuber Moth,33.2
Potato,Fruiting/GrainFilling,23.0,93.0,107.3,90.1,23.8,Severe,Potato Tuber Moth,90.0
Maize,Vegetative,30.0,70.9,242.0,83.4,4.9,Low,None/Healthy,8.6
Maize,Maturity,20.3,54.8,60.7,42.0,22.6,Low,None/Healthy,28.3
Tomato,Vegetative,33.5,68.9,177.1,76.7,17.7,Low,None/Healthy,28.8
Cotton,Fruiting/GrainFilling,30.5,36.1,222.5,92.3,4.9,Low,None/Healthy,17.3
Maize,Vegetative,37.7,66.7,80.8,53.3,12.3,Moderate,Turcicum Leaf Blight,33.4
Soybean,Tillering/Branching,20.0,50.1,34.1,53.8,19.2,Low,None/Healthy,29.2
Maize,Fruiting/GrainFilling,20.9,38.3,129.6,58.8,8.0,Moderate,Fall Armyworm,36.9
Tomato,Maturity,18.3,96.8,3.1,85.9,8.5,Moderate,Whitefly,30.9
Cotton,Vegetative,33.9,89.2,160.3,89.3,20.2,Moderate,Boll Rot,42.8
Sugarcane,Flowering,30.6,35.9,89.7,48.0,20.0,Moderate,Pyrilla,30.7
Wheat,Vegetative,32.3,33.2,197.5,33.0,6.4,Low,None/Healthy,10.4
Maize,Maturity,24.4,41.5,209.5,85.1,13.0,Low,None/Healthy,25.5
Maize,Fruiting/GrainFilling,17.6,89.1,24.0,16.1,11.3,Moderate,Stem Borer,38.4
Maize,Maturity,33.4,44.4,198.9,53.3,12.9,Moderate,Fall Armyworm,38.5
Potato,Fruiting/GrainFilling,24.7,42.2,51.1,16.0,8.4,Moderate,Aphids,38.6
Cotton,Fruiting/GrainFilling,24.9,33.3,163.3,71.7,22.3,Moderate,Whitefly,36.9
Tomato,Fruiting/GrainFilling,19.9,87.2,98.8,86.9,6.3,Low,None/Healthy,20.6
Sugarcane,Fruiting/GrainFilling,38.5,69.1,55.4,47.3,23.4,Low,None/Healthy,27.6
Cotton,Tillering/Branching,36.1,60.6,133.0,49.3,16.9,Moderate,Boll Rot,30.1
Cotton,Maturity,28.0,94.2,98.4,71.6,1.7,Moderate,Whitefly,50.9
Cotton,Fruiting/GrainFilling,29.1,39.4,236.4,68.8,1.3,Low,None/Healthy,18.4
Cotton,Maturity,23.2,97.8,164.7,88.8,10.5,High,Whitefly,74.5
Potato,Fruiting/GrainFilling,31.1,58.3,40.5,29.2,1.9,Low,None/Healthy,25.2
Tomato,Flowering,16.8,61.1,184.4,27.6,6.5,Low,None/Healthy,21.8
Cotton,Vegetative,25.8,45.3,88.1,73.3,14.7,Moderate,Spotted Bollworm,31.1
Cotton,Flowering,17.8,39.7,0.5,27.3,13.9,Moderate,Boll Rot,36.6
Cotton,Flowering,17.2,79.6,2.0,73.7,3.1,Low,None/Healthy,17.9
Potato,Maturity,36.6,39.0,248.5,41.2,22.1,Low,None/Healthy,28.5
Sugarcane,Flowering,20.1,68.4,12.7,79.1,10.6,Moderate,Top Borer,35.6
Wheat,Vegetative,35.4,50.2,233.3,91.9,20.8,Moderate,Brown Rust Risk,32.7
Tomato,Vegetative,36.4,75.0,102.6,55.3,23.2,Moderate,Whitefly,33.4
Maize,Maturity,41.4,87.6,228.0,26.4,5.1,Low,None/Healthy,26.4
Potato,Maturity,23.1,90.1,225.3,38.3,3.7,Moderate,Potato Tuber Moth,59.7
Sugarcane,Tillering/Branching,19.9,80.7,29.5,34.2,4.7,Low,None/Healthy,5.0
Cotton,Flowering,28.8,34.0,140.8,78.8,3.2,Low,None/Healthy,22.8
Tomato,Vegetative,21.7,52.6,241.5,34.3,21.6,Moderate,Leaf Miner,37.5
Maize,Tillering/Branching,30.8,75.0,185.4,63.1,2.7,Low,None/Healthy,19.2
Soybean,Tillering/Branching,23.9,71.4,56.4,70.0,19.1,Moderate,Common Aphid,32.2
Cotton,Tillering/Branching,38.6,88.1,219.5,67.9,7.3,Moderate,Spotted Bollworm,34.2
Rice,Maturity,40.1,76.5,163.9,59.4,7.0,Low,None/Healthy,9.2
Sugarcane,Vegetative,26.1,39.9,172.4,25.4,4.6,Low,None/Healthy,12.6
Maize,Fruiting/GrainFilling,30.1,85.0,32.1,23.0,19.6,Severe,Fall Armyworm,80.2
Maize,Flowering,26.1,85.8,135.8,55.9,1.3,High,Turcicum Leaf Blight,74.5
Rice,Flowering,32.5,43.5,99.3,20.7,10.8,Moderate,Leaf Folder,40.8
Soybean,Tillering/Branching,30.1,59.8,71.7,22.6,21.4,Moderate,Common Aphid,31.4
Rice,Maturity,15.4,31.4,153.0,16.7,23.8,Moderate,Brown Planthopper,36.6
Potato,Flowering,19.2,66.7,20.2,76.3,14.0,Moderate,Potato Tuber Moth,44.0
Sugarcane,Flowering,17.1,38.2,246.9,54.0,5.7,Low,None/Healthy,20.4
Maize,Fruiting/GrainFilling,22.1,79.5,209.3,77.7,6.6,Low,None/Healthy,12.3
Soybean,Tillering/Branching,19.5,60.8,127.7,57.5,19.7,Low,None/Healthy,21.3
Soybean,Tillering/Branching,21.2,75.1,199.3,40.5,15.5,Low,None/Healthy,27.9
Potato,Tillering/Branching,19.5,85.9,83.7,71.5,16.8,Low,None/Healthy,25.4
Rice,Flowering,26.2,34.9,105.7,78.3,19.3,Moderate,Yellow Stem Borer,35.1
Soybean,Tillering/Branching,28.4,81.6,16.1,48.3,16.2,High,Stem Borer,65.3
Cotton,Vegetative,27.8,80.2,4.8,89.1,18.6,Moderate,Spotted Bollworm,57.0
Wheat,Maturity,29.0,57.6,204.5,29.6,1.3,Low,None/Healthy,5.0
Potato,Flowering,15.1,96.4,182.2,41.3,16.7,Moderate,Potato Tuber Moth,52.2
Soybean,Tillering/Branching,29.6,92.7,7.0,36.4,3.2,Moderate,Common Aphid,48.5
Tomato,Vegetative,25.3,90.1,63.0,51.3,15.3,High,Fruit Borer,65.3
Cotton,Tillering/Branching,23.4,35.4,111.3,77.8,0.7,Low,None/Healthy,15.3
Sugarcane,Flowering,40.1,49.5,69.7,50.2,8.6,Moderate,Top Borer,44.0
Cotton,Fruiting/GrainFilling,17.2,72.3,13.0,45.6,9.4,Moderate,Boll Rot,46.6
Rice,Flowering,37.1,62.4,196.0,89.4,17.6,Moderate,Yellow Stem Borer,42.9
Soybean,Flowering,39.0,90.5,80.7,88.1,18.2,Moderate,Common Aphid,49.1
Cotton,Tillering/Branching,34.2,55.8,160.5,60.7,12.6,Moderate,Whitefly,32.8
Rice,Fruiting/GrainFilling,41.8,78.2,232.0,83.7,7.1,Moderate,Brown Planthopper,30.6
Soybean,Flowering,17.9,46.2,58.7,94.7,0.1,Low,None/Healthy,24.5
Potato,Vegetative,40.6,56.1,150.4,51.0,16.2,Moderate,Potato Tuber Moth,31.7
Sugarcane,Flowering,27.1,87.6,75.5,44.7,4.0,Moderate,Red Rot Risk,58.1
Rice,Vegetative,20.4,50.2,27.5,44.6,8.9,Low,None/Healthy,24.3
Sugarcane,Flowering,24.3,75.4,241.7,46.2,16.3,Moderate,Pyrilla,34.8
Maize,Maturity,27.4,74.5,211.2,35.3,6.7,Low,None/Healthy,5.5
Rice,Vegetative,29.0,36.5,248.4,75.2,10.5,Low,None/Healthy,26.2
Tomato,Vegetative,42.0,64.9,137.9,48.1,3.5,Low,None/Healthy,11.1
Maize,Fruiting/GrainFilling,28.6,70.9,1.5,22.6,5.0,Low,None/Healthy,22.8
Potato,Flowering,22.5,89.1,36.3,54.6,22.9,High,Aphids,64.6
Sugarcane,Maturity,15.6,44.6,46.2,17.7,7.7,Low,None/Healthy,18.6
Cotton,Vegetative,20.3,45.7,222.8,31.4,21.1,Low,None/Healthy,29.1
Soybean,Fruiting/GrainFilling,24.4,76.2,175.7,92.2,10.9,Moderate,Common Aphid,43.2
Tomato,Vegetative,40.9,70.6,5.0,23.5,20.0,High,Fruit Borer,65.9
Maize,Vegetative,20.2,39.6,113.2,16.8,10.7,Low,None/Healthy,27.6
Wheat,Maturity,23.7,85.6,174.3,89.1,17.1,Severe,Aphids,81.6
Potato,Vegetative,21.2,55.7,198.0,57.2,9.7,Moderate,Late Blight Risk,30.4
Maize,Maturity,21.3,31.0,163.3,54.4,18.8,Moderate,Fall Armyworm,31.6
Tomato,Tillering/Branching,21.3,65.0,182.2,66.5,3.7,Low,None/Healthy,15.4
Wheat,Maturity,31.1,52.5,55.8,37.1,1.2,Low,None/Healthy,19.6
Sugarcane,Maturity,25.7,79.9,124.5,42.1,15.0,Moderate,Early Shoot Borer,44.2
Sugarcane,Tillering/Branching,23.1,94.0,70.3,89.1,23.1,High,Early Shoot Borer,67.8
Rice,Flowering,22.2,34.1,183.3,64.4,23.3,Moderate,Brown Planthopper,41.7
Tomato,Flowering,36.2,45.2,75.7,22.8,15.5,High,Leaf Miner,65.8
Maize,Flowering,23.3,30.3,88.5,24.3,10.3,Moderate,Shoot Fly,42.5
Tomato,Fruiting/GrainFilling,25.2,83.2,189.7,78.9,22.9,High,Fruit Borer,72.6
Cotton,Fruiting/GrainFilling,40.7,75.6,102.6,53.3,15.8,Moderate,Pink Bollworm,37.8
Sugarcane,Fruiting/GrainFilling,39.0,93.3,146.7,82.2,4.4,Moderate,Red Rot Risk,40.6
Tomato,Flowering,17.2,78.2,125.9,60.8,11.3,Moderate,Early Blight Risk,53.5
Wheat,Tillering/Branching,36.6,56.6,186.2,90.9,7.4,Low,None/Healthy,6.8
Soybean,Vegetative,21.3,45.1,185.5,19.9,1.2,Low,None/Healthy,12.7
Soybean,Flowering,30.5,80.0,25.9,59.3,19.8,Moderate,Common Aphid,49.1
Rice,Tillering/Branching,35.6,87.5,205.2,67.0,17.2,Moderate,Yellow Stem Borer,48.5
Maize,Fruiting/GrainFilling,26.6,57.8,180.0,30.4,19.7,Moderate,Turcicum Leaf Blight,44.2
Cotton,Maturity,35.8,96.6,249.5,85.8,1.9,Moderate,Boll Rot,30.6
Rice,Tillering/Branching,30.7,39.9,77.6,32.7,9.4,Low,None/Healthy,17.8
Sugarcane,Tillering/Branching,24.2,70.2,183.5,76.0,7.2,Low,None/Healthy,7.1
Tomato,Maturity,35.7,70.7,125.4,64.8,3.3,Low,None/Healthy,16.8
Maize,Maturity,25.1,51.4,216.1,61.5,17.5,Low,None/Healthy,26.1
Maize,Flowering,33.6,53.7,101.3,71.7,23.3,Moderate,Shoot Fly,35.6
Maize,Fruiting/GrainFilling,20.3,80.0,48.7,61.7,14.2,Moderate,Shoot Fly,38.1
Tomato,Tillering/Branching,20.0,65.5,168.3,21.0,13.9,Low,None/Healthy,29.1
Rice,Flowering,33.2,85.1,201.8,44.6,13.6,High,Bacterial Blight Risk,60.6
Maize,Maturity,33.9,34.6,96.4,38.7,0.4,Low,None/Healthy,11.8
Maize,Tillering/Branching,31.3,60.5,9.9,37.0,0.5,Low,None/Healthy,5.0
Cotton,Tillering/Branching,23.3,55.5,181.3,53.5,13.4,Low,None/Healthy,26.1
Wheat,Flowering,20.6,97.3,225.0,37.9,21.4,High,Brown Rust Risk,60.5
Rice,Fruiting/GrainFilling,16.7,51.1,34.1,57.1,12.5,Moderate,Bacterial Blight Risk,46.0
Rice,Maturity,28.5,41.0,241.4,31.3,4.6,Low,None/Healthy,9.8
Soybean,Vegetative,28.5,64.4,13.3,34.2,20.0,Low,None/Healthy,29.4
Tomato,Tillering/Branching,26.7,77.5,178.7,76.0,19.9,Moderate,Whitefly,35.1
Tomato,Tillering/Branching,23.3,69.0,102.4,37.6,6.6,Low,None/Healthy,8.3
Rice,Vegetative,16.2,79.4,224.5,65.7,15.8,Low,None/Healthy,23.9
Cotton,Fruiting/GrainFilling,24.3,81.1,240.1,49.5,8.8,High,Whitefly,74.5
Sugarcane,Maturity,31.5,42.7,163.9,51.5,14.9,Low,None/Healthy,28.1
Tomato,Vegetative,37.1,60.0,129.1,38.3,20.1,Low,None/Healthy,22.4
Wheat,Tillering/Branching,22.8,74.7,68.8,80.6,7.4,Low,None/Healthy,10.1
Sugarcane,Maturity,17.0,53.7,184.4,67.4,4.7,Low,None/Healthy,10.3
Wheat,Fruiting/GrainFilling,31.5,71.4,224.7,30.2,8.9,Moderate,Termites,39.6
Maize,Maturity,39.7,59.1,94.5,33.5,15.3,Moderate,Stem Borer,35.7
Sugarcane,Tillering/Branching,21.3,96.2,142.6,87.6,20.6,Moderate,Red Rot Risk,47.2
Rice,Fruiting/GrainFilling,27.3,85.7,4.3,61.6,21.1,High,Leaf Folder,64.9
Sugarcane,Vegetative,36.6,36.1,57.1,31.3,10.1,Moderate,Top Borer,35.9
Potato,Flowering,29.4,94.9,28.3,31.6,23.1,High,Late Blight Risk,70.3
Maize,Vegetative,23.7,80.8,6.4,35.6,3.9,Moderate,Stem Borer,41.4
Wheat,Maturity,41.9,66.2,93.8,45.9,4.7,Low,None/Healthy,6.7
Wheat,Fruiting/GrainFilling,26.8,48.4,40.1,39.9,12.2,Moderate,Aphids,40.3
Maize,Flowering,36.8,32.2,148.5,84.9,9.8,Moderate,Shoot Fly,43.2
Wheat,Tillering/Branching,34.4,65.1,1.9,21.3,17.3,Moderate,Aphids,36.7
Maize,Flowering,17.1,41.9,64.7,74.9,3.9,Low,None/Healthy,17.6
Cotton,Vegetative,18.6,32.4,98.8,93.4,2.6,Low,None/Healthy,11.3
Wheat,Maturity,20.4,61.3,66.3,51.1,18.5,Low,None/Healthy,27.9
Rice,Vegetative,31.7,71.0,228.3,59.8,14.3,Low,None/Healthy,23.9
Tomato,Flowering,23.7,68.0,69.8,28.3,10.9,Moderate,Whitefly,32.7
Maize,Tillering/Branching,21.7,61.6,241.4,38.8,5.4,Low,None/Healthy,11.4
Maize,Tillering/Branching,20.3,33.3,195.4,58.3,12.1,Low,None/Healthy,22.9
Potato,Flowering,17.0,62.8,216.8,24.6,22.3,Moderate,Aphids,41.3
Maize,Flowering,18.1,48.6,142.7,62.4,18.6,Moderate,Shoot Fly,31.2
Soybean,Maturity,40.1,61.9,213.1,16.0,7.2,Moderate,Common Aphid,33.4
Potato,Fruiting/GrainFilling,21.6,41.3,148.2,75.9,8.0,Low,None/Healthy,23.7
Maize,Tillering/Branching,17.6,93.6,84.2,94.8,23.5,Low,None/Healthy,25.7
Maize,Vegetative,36.3,96.1,152.1,56.8,12.5,Moderate,Fall Armyworm,45.5
Rice,Tillering/Branching,40.9,47.1,57.3,17.5,9.8,Moderate,Bacterial Blight Risk,57.6
Rice,Vegetative,19.8,35.3,209.3,93.1,2.1,Low,None/Healthy,9.8
Cotton,Tillering/Branching,30.4,78.1,107.3,22.3,23.1,Moderate,Spotted Bollworm,39.4
Wheat,Flowering,40.7,83.9,37.3,93.5,17.7,Moderate,Armyworm,36.2
Maize,Tillering/Branching,40.9,94.9,154.8,73.3,16.8,Moderate,Fall Armyworm,44.1
Potato,Tillering/Branching,39.0,69.0,151.6,28.5,20.6,Moderate,Potato Tuber Moth,30.2
Sugarcane,Maturity,20.3,84.7,76.5,40.2,20.9,Moderate,Top Borer,34.9
Soybean,Fruiting/GrainFilling,15.7,43.6,99.9,28.4,4.7,Low,None/Healthy,20.7
Wheat,Maturity,20.2,48.8,236.1,21.9,13.1,Moderate,Armyworm,38.8
Potato,Flowering,29.3,65.9,190.4,43.7,17.2,Moderate,Cutworm,40.9
Maize,Tillering/Branching,38.8,57.5,67.3,30.9,12.1,Moderate,Shoot Fly,33.5
Potato,Vegetative,30.2,52.4,107.5,63.8,21.8,Moderate,Late Blight Risk,31.5
Wheat,Tillering/Branching,31.0,40.9,47.5,72.3,1.2,Low,None/Healthy,5.0
Maize,Flowering,36.8,63.1,208.7,58.1,0.1,Low,None/Healthy,19.7
Sugarcane,Fruiting/GrainFilling,16.7,57.4,103.5,41.7,13.4,Moderate,Top Borer,35.1
Tomato,Tillering/Branching,25.1,82.7,221.1,19.8,15.2,Moderate,Fruit Borer,56.0
Sugarcane,Maturity,24.0,36.4,139.9,24.0,3.7,Low,None/Healthy,5.0
Soybean,Fruiting/GrainFilling,33.1,63.3,109.3,38.2,9.2,Moderate,Common Aphid,43.0
Sugarcane,Tillering/Branching,32.4,37.9,23.2,67.8,13.1,Low,None/Healthy,24.3
Wheat,Vegetative,36.3,90.5,175.6,19.8,16.1,High,Termites,68.8
Wheat,Fruiting/GrainFilling,30.9,94.5,175.0,37.1,22.5,Severe,Armyworm,93.2
Soybean,Flowering,19.7,34.5,199.8,27.6,4.5,Low,None/Healthy,23.9
Sugarcane,Maturity,34.4,47.0,147.7,57.7,20.3,Moderate,Top Borer,33.8
Rice,Fruiting/GrainFilling,15.9,70.1,86.8,30.7,16.7,Moderate,Bacterial Blight Risk,42.6
Sugarcane,Maturity,23.0,67.8,206.9,47.2,19.9,Moderate,Red Rot Risk,31.9
Maize,Tillering/Branching,21.2,88.4,116.6,57.5,18.1,Moderate,Fall Armyworm,46.0
Rice,Flowering,34.3,40.0,85.2,16.6,17.3,Moderate,Yellow Stem Borer,40.9
Tomato,Flowering,15.2,39.3,109.8,26.7,21.6,Moderate,Leaf Miner,45.0
Wheat,Flowering,24.7,58.6,146.5,76.9,3.3,Low,None/Healthy,22.3
Rice,Flowering,36.8,66.3,198.5,37.1,12.2,Moderate,Bacterial Blight Risk,46.2
Maize,Flowering,17.9,33.6,80.3,94.5,8.4,Moderate,Fall Armyworm,37.4
Tomato,Fruiting/GrainFilling,38.4,79.3,53.3,64.2,10.7,Moderate,Early Blight Risk,41.9
Potato,Flowering,37.6,96.6,169.4,87.1,3.2,Moderate,Potato Tuber Moth,32.3
Maize,Fruiting/GrainFilling,39.4,91.9,23.0,44.2,19.0,Moderate,Stem Borer,43.8
Soybean,Tillering/Branching,27.1,86.4,184.4,47.9,17.6,Severe,Severe Blight Outbreak,84.3
Maize,Fruiting/GrainFilling,15.3,75.8,178.1,65.3,8.2,Moderate,Stem Borer,40.5
Wheat,Vegetative,33.8,85.0,175.5,31.8,6.6,Low,None/Healthy,16.7
Wheat,Flowering,25.2,88.4,108.0,18.2,0.4,Severe,Armyworm,80.4
Maize,Vegetative,29.7,83.7,93.9,94.6,22.7,High,Turcicum Leaf Blight,65.1
Sugarcane,Tillering/Branching,40.7,68.1,45.3,66.2,1.8,Low,None/Healthy,20.1
Soybean,Vegetative,36.8,54.0,17.8,70.4,8.1,Moderate,Common Aphid,34.1
Maize,Fruiting/GrainFilling,35.1,63.4,150.1,26.4,19.5,Moderate,Turcicum Leaf Blight,34.6
Potato,Flowering,32.6,50.8,59.6,54.1,5.2,Low,None/Healthy,23.0
Tomato,Fruiting/GrainFilling,32.0,31.7,157.1,91.1,5.6,Low,None/Healthy,19.9
Soybean,Tillering/Branching,22.9,78.1,175.0,29.8,14.3,Low,None/Healthy,28.4
Wheat,Tillering/Branching,15.7,47.0,109.1,65.5,4.1,Low,None/Healthy,15.0
Wheat,Vegetative,34.7,72.4,181.8,78.3,10.6,Moderate,Brown Rust Risk,31.6
Rice,Fruiting/GrainFilling,33.5,48.2,38.2,76.5,10.5,Moderate,Leaf Folder,40.1
Maize,Vegetative,20.2,58.9,208.5,53.4,14.1,Low,None/Healthy,28.1
Wheat,Maturity,35.3,30.3,101.9,47.9,21.5,Moderate,Armyworm,33.7
Cotton,Flowering,22.3,57.0,110.3,64.5,21.6,Moderate,Pink Bollworm,44.5
Cotton,Maturity,40.8,49.6,15.7,45.8,8.8,Low,None/Healthy,27.8
Sugarcane,Maturity,23.2,33.1,139.2,81.8,9.8,Moderate,Pyrilla,34.1
Tomato,Fruiting/GrainFilling,34.8,64.1,186.5,54.6,3.1,Low,None/Healthy,21.2
Cotton,Vegetative,28.3,65.2,219.7,86.6,10.9,Moderate,Spotted Bollworm,35.0
Soybean,Vegetative,32.5,48.9,132.9,65.2,15.4,Low,None/Healthy,15.4
Maize,Tillering/Branching,19.8,32.3,84.5,49.2,1.5,Low,None/Healthy,7.4
Soybean,Vegetative,19.2,33.9,120.6,30.1,22.5,Moderate,Common Aphid,35.3
Soybean,Flowering,26.1,93.0,96.1,22.4,7.3,Moderate,Common Aphid,48.2
Soybean,Maturity,37.6,89.3,12.3,27.9,6.6,Low,None/Healthy,10.0
Wheat,Maturity,35.0,90.0,46.6,94.4,19.4,Low,None/Healthy,27.9
Soybean,Maturity,38.9,43.2,182.8,36.7,19.3,Low,None/Healthy,26.0
Soybean,Tillering/Branching,30.8,96.6,143.0,90.9,10.7,Severe,Severe Blight Outbreak,80.0
Soybean,Tillering/Branching,24.9,88.7,7.3,50.2,12.3,Moderate,Common Aphid,50.7
Maize,Tillering/Branching,37.7,62.0,241.0,69.4,23.6,Low,None/Healthy,22.9
Potato,Flowering,41.5,55.2,239.3,78.8,10.6,Moderate,Cutworm,40.8
Wheat,Maturity,38.0,48.5,148.4,37.7,2.6,Low,None/Healthy,5.8
Potato,Flowering,32.5,85.1,34.9,77.7,24.0,Moderate,Cutworm,42.1
Soybean,Vegetative,27.6,69.9,209.5,58.5,17.7,Moderate,Common Aphid,30.3
Soybean,Vegetative,22.2,56.1,4.4,45.6,19.4,Moderate,Common Aphid,37.4
Tomato,Maturity,15.3,61.9,72.9,53.2,9.7,Moderate,Leaf Miner,34.3
Tomato,Vegetative,25.7,32.2,126.8,74.0,23.4,Moderate,Leaf Miner,32.2
Soybean,Fruiting/GrainFilling,29.1,96.1,163.7,38.0,5.8,High,Stem Borer,71.8
Tomato,Tillering/Branching,31.5,32.8,190.7,66.4,23.1,Low,None/Healthy,27.4
Tomato,Maturity,24.0,77.6,241.4,20.9,6.3,Low,None/Healthy,11.7
Tomato,Flowering,23.3,67.0,155.3,79.7,9.8,Moderate,Whitefly,38.6
Rice,Fruiting/GrainFilling,33.5,54.0,245.1,38.9,0.2,Low,None/Healthy,14.0
Tomato,Flowering,33.9,79.8,115.2,69.2,12.9,Moderate,Fruit Borer,40.3
Soybean,Vegetative,30.4,73.7,26.0,18.2,7.9,Low,None/Healthy,9.3
Cotton,Fruiting/GrainFilling,37.5,45.5,203.9,51.2,11.1,Moderate,Boll Rot,46.6
Cotton,Maturity,39.0,96.9,167.5,84.1,12.2,Moderate,Pink Bollworm,46.1
Potato,Vegetative,16.8,69.8,69.7,52.3,13.4,Moderate,Aphids,37.5
Potato,Vegetative,38.1,70.7,68.2,53.0,9.8,Low,None/Healthy,26.2
Maize,Vegetative,23.1,74.9,79.8,49.5,1.3,Low,None/Healthy,8.6
Cotton,Maturity,24.5,85.8,85.7,42.4,5.3,Moderate,Whitefly,42.4
Rice,Tillering/Branching,39.1,48.8,60.5,84.6,15.0,Moderate,Yellow Stem Borer,31.1
Soybean,Maturity,24.9,83.2,138.0,91.3,8.6,High,Stem Borer,67.7
Soybean,Tillering/Branching,40.8,30.5,22.1,68.9,9.4,Moderate,Common Aphid,33.7
Wheat,Vegetative,15.3,84.9,33.8,38.2,23.3,Low,None/Healthy,29.3
Wheat,Maturity,41.6,78.6,206.5,22.2,7.2,Moderate,Armyworm,32.8
Wheat,Flowering,41.5,37.2,140.6,15.5,17.1,High,Aphids,63.4
Sugarcane,Flowering,17.9,45.6,2.1,92.5,14.2,Moderate,Pyrilla,38.7
Maize,Tillering/Branching,22.8,36.5,227.1,63.3,5.8,Low,None/Healthy,5.0
Cotton,Tillering/Branching,15.5,43.5,119.5,50.6,12.4,Low,None/Healthy,24.8
Tomato,Vegetative,33.4,55.4,219.4,20.0,14.0,Moderate,Leaf Miner,30.3
Maize,Maturity,36.9,55.4,175.3,30.8,1.0,Low,None/Healthy,13.1
Potato,Tillering/Branching,22.6,89.4,216.2,57.7,0.5,High,Aphids,63.2
Potato,Vegetative,30.0,81.4,66.6,45.7,6.4,Moderate,Potato Tuber Moth,38.7
Wheat,Tillering/Branching,27.0,48.5,215.2,66.9,19.2,Low,None/Healthy,23.7
Maize,Tillering/Branching,16.0,93.0,45.3,88.0,1.3,Low,None/Healthy,11.0
Cotton,Fruiting/GrainFilling,20.4,50.6,122.7,45.5,16.0,Moderate,Spotted Bollworm,40.4
Tomato,Flowering,35.2,87.1,232.1,61.6,18.7,Moderate,Leaf Miner,56.6
Cotton,Flowering,22.0,55.6,76.0,35.3,1.2,Low,None/Healthy,20.5
Maize,Fruiting/GrainFilling,28.3,69.1,71.8,68.0,12.1,Moderate,Turcicum Leaf Blight,36.4
Rice,Maturity,34.6,56.8,211.9,88.6,12.9,Moderate,Yellow Stem Borer,36.0
Potato,Flowering,40.7,36.3,15.2,63.3,23.2,Moderate,Aphids,35.5
Tomato,Vegetative,30.7,57.9,182.4,35.9,1.9,Low,None/Healthy,5.0
Potato,Maturity,29.9,39.4,227.1,62.5,11.0,Low,None/Healthy,25.0
Wheat,Tillering/Branching,36.3,54.8,173.8,89.5,12.4,Moderate,Termites,35.5
Sugarcane,Flowering,36.2,37.9,211.7,36.3,1.2,Low,None/Healthy,16.7
Cotton,Vegetative,31.3,65.8,4.4,20.8,3.7,Low,None/Healthy,9.3
Potato,Fruiting/GrainFilling,32.2,66.4,149.0,52.8,6.7,Low,None/Healthy,17.0
Cotton,Maturity,17.3,93.8,77.8,56.0,2.6,Low,None/Healthy,9.4
Potato,Tillering/Branching,22.3,68.2,69.7,46.1,21.8,Low,None/Healthy,26.3
Rice,Tillering/Branching,22.7,53.3,213.3,82.0,0.3,Low,None/Healthy,5.0
Cotton,Flowering,35.2,94.6,54.8,42.3,5.0,Low,None/Healthy,20.9
Potato,Vegetative,15.3,69.7,217.7,29.9,14.2,Moderate,Late Blight Risk,30.9
Sugarcane,Vegetative,18.5,51.1,6.7,66.6,19.3,Moderate,Pyrilla,31.7
Sugarcane,Fruiting/GrainFilling,32.1,94.7,19.8,61.6,22.0,Low,None/Healthy,29.3
Cotton,Vegetative,16.4,81.2,1.1,39.6,12.1,Low,None/Healthy,28.2
Tomato,Tillering/Branching,26.8,68.6,44.8,54.4,21.0,Low,None/Healthy,27.9
Sugarcane,Fruiting/GrainFilling,19.0,75.9,8.9,63.1,15.5,Moderate,Red Rot Risk,43.4
Cotton,Vegetative,40.7,54.5,219.4,24.6,14.8,High,Spotted Bollworm,60.2
Sugarcane,Vegetative,37.9,94.9,5.1,43.2,16.0,Moderate,Early Shoot Borer,31.5
Potato,Flowering,40.6,66.6,232.5,73.0,6.3,Low,None/Healthy,21.1
Tomato,Vegetative,33.4,57.3,28.5,72.5,19.8,Moderate,Leaf Miner,32.7
Soybean,Vegetative,19.3,32.3,223.0,75.2,15.2,Moderate,Common Aphid,30.6
Soybean,Flowering,19.8,39.0,76.9,45.4,19.1,Moderate,Common Aphid,43.7
Tomato,Fruiting/GrainFilling,28.3,98.0,194.1,92.5,8.2,Severe,Early Blight Risk,90.1
Rice,Vegetative,21.1,43.1,169.2,48.2,0.6,Low,None/Healthy,5.0
Sugarcane,Vegetative,36.8,84.2,123.7,52.8,13.9,Moderate,Red Rot Risk,30.7
Rice,Vegetative,39.8,43.6,181.4,61.3,1.2,Low,None/Healthy,5.0
Tomato,Fruiting/GrainFilling,33.0,50.1,233.5,51.2,6.0,Low,None/Healthy,25.6
Tomato,Vegetative,35.0,49.9,81.7,46.7,4.5,Low,None/Healthy,6.0
Sugarcane,Vegetative,28.4,84.1,65.3,24.8,10.2,High,Top Borer,65.0
Tomato,Tillering/Branching,34.8,32.7,199.5,77.4,16.1,Moderate,Fruit Borer,33.5
Soybean,Maturity,17.6,46.5,94.2,58.3,5.5,Low,None/Healthy,13.6
Cotton,Tillering/Branching,23.7,76.8,64.5,89.2,16.1,Low,None/Healthy,26.5
Potato,Fruiting/GrainFilling,31.2,65.9,73.2,36.0,13.9,Moderate,Late Blight Risk,33.8
Potato,Vegetative,41.0,86.8,52.9,37.9,20.9,Moderate,Cutworm,31.3
Potato,Fruiting/GrainFilling,21.0,88.0,51.3,67.9,23.2,Moderate,Cutworm,34.9
Potato,Vegetative,33.9,82.4,70.1,47.6,0.9,Low,None/Healthy,14.4
Potato,Fruiting/GrainFilling,36.0,71.2,51.4,35.6,19.6,Moderate,Potato Tuber Moth,36.9
Potato,Fruiting/GrainFilling,30.2,87.8,4.9,24.9,5.9,Moderate,Aphids,49.5
Cotton,Maturity,31.9,50.0,39.5,87.5,16.7,Low,None/Healthy,26.4
Rice,Flowering,19.8,93.7,196.3,83.5,3.5,Low,None/Healthy,28.5
Tomato,Vegetative,23.2,34.4,22.8,26.5,17.1,Moderate,Leaf Miner,40.7
Tomato,Maturity,27.1,83.1,178.3,63.6,22.4,High,Early Blight Risk,67.8
Maize,Flowering,29.5,71.3,170.7,28.9,7.2,Low,None/Healthy,16.4
Soybean,Maturity,33.0,93.8,18.8,56.3,2.0,Low,None/Healthy,12.5
Tomato,Flowering,19.7,74.2,189.5,34.8,17.1,Moderate,Early Blight Risk,31.3
Potato,Vegetative,34.9,80.0,246.3,38.6,15.5,Low,None/Healthy,27.9
Soybean,Flowering,37.7,52.4,187.0,80.4,18.4,Moderate,Common Aphid,43.1
Sugarcane,Maturity,33.8,33.0,97.6,85.5,3.9,Low,None/Healthy,9.2
Wheat,Maturity,32.6,62.9,174.3,83.3,4.7,Low,None/Healthy,6.5
Wheat,Maturity,30.5,94.8,85.5,66.2,23.0,Moderate,Armyworm,55.6
Tomato,Vegetative,19.6,82.5,101.7,43.8,12.5,Low,None/Healthy,29.1
Wheat,Tillering/Branching,36.7,43.7,132.9,74.9,5.8,Low,None/Healthy,9.1
Wheat,Maturity,21.8,97.3,167.3,37.9,16.3,Moderate,Termites,50.2
Potato,Maturity,24.4,72.2,100.6,17.0,11.4,Moderate,Late Blight Risk,38.1
Cotton,Vegetative,38.1,94.3,229.0,47.5,21.5,Moderate,Whitefly,44.4
Maize,Flowering,41.8,81.4,170.6,47.4,13.3,Moderate,Stem Borer,41.1
Cotton,Flowering,15.5,67.8,232.3,72.0,23.8,Moderate,Whitefly,39.9
Potato,Maturity,35.5,87.0,23.7,60.0,18.3,Moderate,Late Blight Risk,34.5
Rice,Maturity,29.2,88.3,79.6,49.0,19.3,High,Leaf Folder,63.8
Wheat,Fruiting/GrainFilling,18.1,71.8,56.0,69.5,20.1,Moderate,Brown Rust Risk,39.2
Rice,Flowering,27.2,38.7,220.0,49.3,1.8,Moderate,Leaf Folder,30.8
Maize,Flowering,18.9,52.1,40.9,19.8,6.8,Low,None/Healthy,22.1
Sugarcane,Vegetative,36.6,34.3,186.9,45.6,16.2,Low,None/Healthy,27.3
Soybean,Flowering,20.0,95.2,147.4,46.2,19.2,Moderate,Common Aphid,57.0
Sugarcane,Maturity,21.5,44.1,99.2,83.8,1.5,Low,None/Healthy,11.5
Rice,Flowering,32.0,44.5,151.5,45.6,2.4,Low,None/Healthy,18.9
Sugarcane,Tillering/Branching,32.3,53.0,10.9,61.9,9.4,Low,None/Healthy,23.2
Soybean,Flowering,19.2,44.3,65.1,88.6,18.2,Moderate,Common Aphid,36.1
Soybean,Maturity,21.8,37.5,224.7,86.4,2.7,Low,None/Healthy,8.7
Tomato,Flowering,31.6,83.0,18.6,40.5,7.7,High,Whitefly,62.0
Tomato,Vegetative,32.3,64.4,239.3,92.8,15.4,Moderate,Fruit Borer,35.5
Tomato,Tillering/Branching,41.6,85.4,234.9,62.6,9.8,Moderate,Early Blight Risk,42.6
Tomato,Tillering/Branching,18.2,75.6,160.8,87.2,2.7,Low,None/Healthy,7.0
Tomato,Maturity,34.3,33.6,166.0,19.5,0.7,Low,None/Healthy,8.7
Soybean,Maturity,32.6,33.6,5.2,24.4,22.8,Moderate,Common Aphid,31.4
Wheat,Flowering,17.6,35.8,244.1,74.4,5.1,Low,None/Healthy,19.4
Wheat,Maturity,23.0,62.2,27.0,25.1,11.1,Moderate,Termites,33.8
Soybean,Fruiting/GrainFilling,25.4,43.1,36.6,78.4,11.2,Moderate,Common Aphid,42.6
Rice,Flowering,25.9,36.6,146.1,41.4,22.7,Low,None/Healthy,23.1
Tomato,Fruiting/GrainFilling,15.8,39.5,21.2,36.1,10.6,Moderate,Early Blight Risk,41.7
Cotton,Flowering,33.2,31.8,112.5,59.0,8.2,Moderate,Spotted Bollworm,44.0
Maize,Fruiting/GrainFilling,38.8,75.6,218.8,94.6,12.4,Moderate,Turcicum Leaf Blight,45.7
Tomato,Maturity,31.8,60.4,120.5,90.4,16.9,Moderate,Whitefly,30.1
Sugarcane,Tillering/Branching,29.5,32.1,171.6,54.0,19.0,Low,None/Healthy,21.4
Potato,Fruiting/GrainFilling,21.2,33.3,175.8,93.2,10.7,Moderate,Aphids,36.6
Tomato,Tillering/Branching,26.4,74.6,68.3,19.1,9.0,Low,None/Healthy,27.6
Potato,Maturity,28.5,95.6,125.9,37.1,4.6,High,Aphids,61.8
Soybean,Flowering,15.4,79.0,156.8,69.8,13.7,Moderate,Common Aphid,49.5
Tomato,Tillering/Branching,31.5,40.2,104.4,41.8,8.4,Low,None/Healthy,28.0
Wheat,Flowering,20.6,58.3,77.9,78.0,1.2,Low,None/Healthy,14.7
Sugarcane,Flowering,21.4,33.2,27.6,57.6,0.9,Low,None/Healthy,17.2
Tomato,Tillering/Branching,27.7,61.2,192.1,51.5,8.4,Low,None/Healthy,26.7
Potato,Fruiting/GrainFilling,15.2,50.8,152.3,77.6,19.6,Moderate,Potato Tuber Moth,40.1
Sugarcane,Flowering,30.1,36.6,199.7,92.9,4.3,Low,None/Healthy,19.8
Soybean,Tillering/Branching,30.0,93.6,44.0,78.4,1.4,Moderate,Common Aphid,46.7
Tomato,Flowering,23.3,52.2,148.3,88.4,0.2,Low,None/Healthy,23.8
Cotton,Flowering,39.6,56.3,87.1,31.4,21.5,Moderate,Spotted Bollworm,43.0
Tomato,Vegetative,15.8,75.6,124.3,60.9,9.0,Low,None/Healthy,23.9
Soybean,Vegetative,33.2,69.4,215.4,23.2,7.2,Low,None/Healthy,12.9
Soybean,Fruiting/GrainFilling,24.1,93.0,224.5,84.2,7.4,High,Stem Borer,70.0
Tomato,Maturity,34.1,52.3,86.0,65.9,5.8,Low,None/Healthy,7.0
Sugarcane,Fruiting/GrainFilling,19.0,70.3,221.5,70.0,21.1,Moderate,Early Shoot Borer,33.6
Wheat,Tillering/Branching,33.3,97.1,0.6,55.8,22.2,Low,None/Healthy,29.2
Tomato,Tillering/Branching,20.9,81.2,75.9,37.1,11.3,Moderate,Leaf Miner,30.0
Maize,Vegetative,29.7,30.6,97.9,87.5,21.6,Low,None/Healthy,27.5
Sugarcane,Tillering/Branching,38.0,66.2,242.0,78.9,22.9,Low,None/Healthy,23.8
Wheat,Tillering/Branching,38.7,86.5,63.5,33.4,20.7,Low,None/Healthy,29.1
Wheat,Vegetative,37.0,39.4,121.9,53.4,7.8,Low,None/Healthy,6.1
Tomato,Flowering,32.6,96.7,16.7,46.5,20.0,Moderate,Whitefly,32.1
Sugarcane,Flowering,40.8,45.7,121.4,93.2,19.8,Moderate,Red Rot Risk,37.4
Wheat,Tillering/Branching,19.8,85.8,21.7,90.3,24.0,Moderate,Armyworm,31.6
Sugarcane,Fruiting/GrainFilling,27.3,75.2,74.0,40.0,3.0,Low,None/Healthy,22.6
Tomato,Vegetative,41.6,49.4,132.9,74.5,0.3,Low,None/Healthy,8.8
Wheat,Vegetative,16.1,39.9,80.6,42.6,20.3,Moderate,Armyworm,34.1
Maize,Maturity,15.9,87.3,73.1,82.1,11.5,Moderate,Turcicum Leaf Blight,32.5
Soybean,Maturity,37.6,95.5,21.5,15.7,13.2,Moderate,Common Aphid,52.4
Sugarcane,Fruiting/GrainFilling,27.7,34.9,125.4,25.0,20.1,Moderate,Top Borer,39.6
Potato,Maturity,24.5,42.2,208.8,47.4,1.2,Low,None/Healthy,10.3
Rice,Maturity,21.9,93.7,75.3,81.5,15.9,Low,None/Healthy,28.7
Rice,Flowering,39.0,80.0,225.9,19.4,10.9,High,Leaf Folder,70.0
Tomato,Fruiting/GrainFilling,30.5,69.1,64.0,65.6,21.8,Moderate,Early Blight Risk,47.9
Tomato,Fruiting/GrainFilling,30.8,33.2,180.9,68.6,8.9,Moderate,Whitefly,33.3
Wheat,Fruiting/GrainFilling,35.0,55.7,237.2,48.6,19.6,Moderate,Brown Rust Risk,35.1
Cotton,Vegetative,33.4,31.1,220.9,62.0,1.1,Low,None/Healthy,5.0
Maize,Tillering/Branching,41.0,95.2,186.8,38.7,5.9,Low,None/Healthy,22.9
Potato,Fruiting/GrainFilling,35.6,95.2,144.4,53.6,12.8,Moderate,Cutworm,60.0
Cotton,Flowering,28.0,35.5,191.4,46.3,17.1,Moderate,Boll Rot,48.3
Wheat,Tillering/Branching,25.2,77.1,55.9,49.7,23.5,Moderate,Termites,33.1
Potato,Tillering/Branching,37.3,90.6,228.8,55.6,16.4,Moderate,Cutworm,37.4
Cotton,Tillering/Branching,20.9,81.5,241.1,84.4,5.2,Low,None/Healthy,14.7
Maize,Maturity,35.4,56.5,206.2,77.3,15.0,Low,None/Healthy,27.7
Soybean,Fruiting/GrainFilling,18.7,47.1,170.6,45.9,15.2,Moderate,Common Aphid,38.6
Potato,Fruiting/GrainFilling,29.8,46.9,130.4,16.9,10.4,Moderate,Late Blight Risk,33.6
Wheat,Tillering/Branching,34.0,60.5,77.9,92.0,3.3,Low,None/Healthy,11.5
Tomato,Maturity,15.2,82.7,14.2,58.1,8.8,Moderate,Leaf Miner,32.2
Sugarcane,Vegetative,31.9,96.5,25.1,50.1,23.5,High,Red Rot Risk,61.7
Soybean,Maturity,25.6,50.9,213.9,60.4,2.1,Low,None/Healthy,10.6
Potato,Flowering,17.7,95.1,185.3,25.5,12.3,High,Cutworm,60.8
Sugarcane,Tillering/Branching,29.2,95.0,120.3,69.2,12.2,High,Top Borer,79.3
Maize,Flowering,38.0,63.9,88.6,58.5,3.2,Low,None/Healthy,23.0
Soybean,Fruiting/GrainFilling,22.6,71.1,177.9,81.1,22.2,Moderate,Common Aphid,47.7
Tomato,Tillering/Branching,16.6,38.5,112.1,31.9,6.9,Low,None/Healthy,7.2
Potato,Fruiting/GrainFilling,22.5,38.8,62.0,61.2,22.0,Moderate,Cutworm,43.9
Tomato,Fruiting/GrainFilling,24.2,56.3,204.0,32.8,2.9,Low,None/Healthy,20.8
Tomato,Flowering,32.4,70.8,178.5,19.5,10.3,Moderate,Whitefly,43.9
Maize,Tillering/Branching,40.3,46.1,67.5,22.5,14.2,Moderate,Turcicum Leaf Blight,51.1
Rice,Tillering/Branching,25.8,45.0,41.7,28.8,4.6,Low,None/Healthy,10.0
Maize,Flowering,24.7,76.9,117.9,41.3,6.4,Low,None/Healthy,20.6
Cotton,Maturity,22.9,59.7,87.6,21.9,4.5,Low,None/Healthy,13.0
Soybean,Flowering,34.1,43.1,140.7,74.4,15.2,Moderate,Common Aphid,35.3
Soybean,Vegetative,35.0,33.9,182.9,36.8,13.7,Moderate,Common Aphid,33.2
Maize,Flowering,36.4,90.9,183.0,26.9,20.5,Moderate,Stem Borer,52.6
Cotton,Vegetative,39.3,74.3,14.0,79.9,22.4,Moderate,Boll Rot,32.7
Wheat,Vegetative,37.2,42.3,173.8,78.0,10.7,Moderate,Aphids,33.9
Tomato,Fruiting/GrainFilling,36.5,52.3,89.3,41.9,12.0,Moderate,Early Blight Risk,45.0
Soybean,Fruiting/GrainFilling,30.6,76.0,165.4,24.4,8.3,Moderate,Common Aphid,43.7
Tomato,Vegetative,30.5,82.0,142.6,75.4,2.4,Moderate,Early Blight Risk,45.5
Soybean,Fruiting/GrainFilling,38.9,35.1,212.8,37.4,14.6,Moderate,Common Aphid,45.2
Maize,Flowering,18.5,93.2,79.7,30.6,11.5,Moderate,Fall Armyworm,39.8
Tomato,Tillering/Branching,25.6,55.2,168.9,45.1,13.9,Moderate,Leaf Miner,33.8
Sugarcane,Vegetative,22.3,66.6,38.5,79.9,1.7,Low,None/Healthy,8.6
Maize,Tillering/Branching,27.8,57.2,180.5,91.2,18.1,Low,None/Healthy,26.5
Potato,Fruiting/GrainFilling,26.6,56.5,166.3,75.7,1.5,Low,None/Healthy,23.8
Rice,Tillering/Branching,36.5,82.6,74.1,69.5,16.9,Moderate,Yellow Stem Borer,34.4
Wheat,Vegetative,25.5,51.0,181.2,54.3,0.5,Low,None/Healthy,13.7
Rice,Flowering,16.0,48.7,247.1,36.6,15.9,Moderate,Brown Planthopper,35.2
Sugarcane,Flowering,28.7,92.9,86.0,47.2,4.6,High,Top Borer,62.6
Sugarcane,Fruiting/GrainFilling,19.6,60.8,79.8,37.7,20.7,Moderate,Early Shoot Borer,42.9
Tomato,Maturity,20.8,77.2,134.6,93.9,8.7,Low,None/Healthy,26.9
Sugarcane,Vegetative,18.0,46.3,41.1,27.7,0.2,Low,None/Healthy,16.4
Wheat,Fruiting/GrainFilling,27.6,84.7,153.1,81.5,12.1,High,Brown Rust Risk,76.1
Maize,Fruiting/GrainFilling,36.6,79.7,108.2,80.5,16.6,Moderate,Stem Borer,36.1
Maize,Vegetative,18.3,32.3,91.0,42.0,10.3,Moderate,Fall Armyworm,38.1
Potato,Maturity,25.4,69.9,99.3,85.7,2.6,Low,None/Healthy,10.1
Maize,Fruiting/GrainFilling,27.1,42.7,45.0,49.0,18.1,Moderate,Shoot Fly,41.3
Rice,Fruiting/GrainFilling,21.3,80.1,141.2,30.6,1.8,Low,None/Healthy,28.0
Soybean,Tillering/Branching,15.7,34.5,175.6,58.1,7.8,Low,None/Healthy,21.7
Rice,Flowering,32.3,93.9,97.2,39.1,0.9,Low,None/Healthy,25.0
Wheat,Flowering,39.0,73.0,180.7,62.8,15.4,Moderate,Armyworm,38.0
Sugarcane,Maturity,38.3,90.4,129.6,46.7,13.5,Moderate,Pyrilla,45.3
Wheat,Tillering/Branching,22.4,47.4,62.8,64.3,19.6,Low,None/Healthy,19.2
Rice,Maturity,27.1,94.9,37.0,83.0,6.0,Moderate,Yellow Stem Borer,40.7
Potato,Flowering,31.4,85.4,130.4,63.0,16.8,Severe,Aphids,96.1
Cotton,Tillering/Branching,32.8,37.9,207.1,34.8,12.6,Low,None/Healthy,25.0
Cotton,Flowering,21.8,32.4,239.8,40.6,17.1,Moderate,Boll Rot,50.4
Potato,Maturity,41.3,53.8,64.6,32.8,3.8,Low,None/Healthy,10.5
Potato,Flowering,22.8,48.4,87.2,43.6,6.5,Low,None/Healthy,18.2
Tomato,Fruiting/GrainFilling,35.3,40.0,235.2,28.6,8.9,Moderate,Fruit Borer,40.7
Potato,Vegetative,31.1,48.7,239.4,47.4,11.0,Moderate,Potato Tuber Moth,31.1
Rice,Tillering/Branching,31.1,89.0,171.4,45.5,3.1,High,Brown Planthopper,69.4
Soybean,Tillering/Branching,29.2,75.5,39.3,66.8,9.2,Moderate,Common Aphid,36.1
Rice,Vegetative,32.5,95.6,175.3,66.3,14.7,Moderate,Leaf Folder,39.0
Wheat,Flowering,33.9,49.9,36.9,25.4,15.2,Moderate,Termites,34.0
Sugarcane,Flowering,18.3,69.8,228.0,87.5,3.6,Low,None/Healthy,15.4
Maize,Tillering/Branching,15.9,94.7,125.4,55.2,22.2,Moderate,Fall Armyworm,40.1
Cotton,Maturity,35.2,79.9,228.1,46.0,12.4,Low,None/Healthy,23.8
Maize,Maturity,40.0,82.3,207.9,25.6,19.0,Low,None/Healthy,28.1
Rice,Maturity,33.3,55.3,217.0,73.7,0.5,Low,None/Healthy,9.7
Cotton,Flowering,20.2,58.7,156.2,84.8,10.9,Moderate,Boll Rot,42.8
Cotton,Tillering/Branching,23.3,67.2,32.3,17.9,21.5,Moderate,Spotted Bollworm,33.1
Soybean,Fruiting/GrainFilling,19.8,92.2,81.1,76.1,11.0,Moderate,Common Aphid,36.5
Sugarcane,Flowering,17.7,88.8,74.1,70.6,19.7,Moderate,Pyrilla,42.4
Tomato,Fruiting/GrainFilling,39.1,43.4,184.2,73.3,0.2,Low,None/Healthy,19.8
Potato,Flowering,27.7,41.8,94.6,38.3,18.7,Moderate,Aphids,32.4
Potato,Maturity,17.8,69.9,35.7,38.8,15.0,Moderate,Aphids,42.6
Potato,Vegetative,25.5,96.5,60.9,63.8,20.3,High,Potato Tuber Moth,71.0
Soybean,Fruiting/GrainFilling,37.5,36.4,101.0,31.0,21.0,Moderate,Common Aphid,41.8
Rice,Vegetative,40.4,94.7,164.7,15.5,8.6,High,Yellow Stem Borer,65.1
Rice,Maturity,36.1,64.1,162.3,91.5,19.5,Low,None/Healthy,27.9
Rice,Tillering/Branching,40.6,69.6,25.6,73.5,1.0,Low,None/Healthy,12.2
Maize,Flowering,19.6,77.9,185.4,86.0,5.3,Low,None/Healthy,28.4
Cotton,Flowering,41.6,32.3,10.7,49.2,15.8,Moderate,Pink Bollworm,45.4
Soybean,Tillering/Branching,40.8,82.0,241.8,17.9,16.3,Moderate,Common Aphid,51.0
Wheat,Tillering/Branching,22.6,74.9,164.5,71.4,23.8,Low,None/Healthy,28.8
Cotton,Vegetative,36.7,69.3,9.3,82.4,1.2,Low,None/Healthy,9.6
Wheat,Fruiting/GrainFilling,18.4,74.8,56.5,16.5,10.0,Moderate,Brown Rust Risk,36.7
Sugarcane,Fruiting/GrainFilling,27.0,75.5,154.1,90.0,12.4,Moderate,Red Rot Risk,32.6
Tomato,Tillering/Branching,28.3,58.6,164.6,88.4,22.7,Low,None/Healthy,29.3
Cotton,Tillering/Branching,22.1,85.2,129.6,51.2,17.1,Severe,Whitefly,81.9
Potato,Maturity,16.5,43.2,31.0,73.6,8.9,Moderate,Cutworm,30.4
Soybean,Flowering,33.7,74.8,3.5,52.4,17.8,Moderate,Common Aphid,47.6
Rice,Tillering/Branching,41.5,49.9,23.0,49.4,13.0,Low,None/Healthy,30.0
Wheat,Fruiting/GrainFilling,37.9,73.5,18.6,55.5,18.7,Moderate,Brown Rust Risk,50.8
Maize,Maturity,19.5,55.0,141.1,67.5,8.0,Low,None/Healthy,14.4
Potato,Maturity,40.3,74.3,39.6,61.4,13.0,Low,None/Healthy,28.2
Rice,Flowering,31.2,65.7,179.8,18.2,13.5,Moderate,Leaf Folder,44.4
Rice,Vegetative,37.2,39.4,89.6,52.8,21.5,Moderate,Leaf Folder,30.2
Soybean,Vegetative,21.8,61.2,27.3,94.5,4.0,Low,None/Healthy,8.1
Tomato,Tillering/Branching,31.7,30.0,137.6,93.0,7.5,Low,None/Healthy,17.2
Wheat,Flowering,20.5,84.3,9.3,79.5,0.6,Low,None/Healthy,22.6
Soybean,Tillering/Branching,17.1,47.1,180.5,37.4,12.3,Moderate,Common Aphid,37.7
Rice,Flowering,25.6,41.0,108.4,76.8,18.7,Moderate,Brown Planthopper,33.2
Soybean,Flowering,16.2,80.0,11.6,82.0,21.7,Moderate,Common Aphid,37.8
Rice,Tillering/Branching,23.1,58.4,166.2,31.8,8.6,Low,None/Healthy,29.0
Tomato,Vegetative,32.4,52.2,166.1,76.2,14.2,Moderate,Fruit Borer,32.5
Cotton,Tillering/Branching,30.8,85.8,97.4,30.8,14.1,High,Pink Bollworm,67.4
Wheat,Flowering,31.1,73.7,150.6,67.0,15.2,Moderate,Aphids,38.2
Sugarcane,Tillering/Branching,39.0,41.1,221.5,84.1,10.8,Low,None/Healthy,27.5
Sugarcane,Flowering,23.2,97.8,167.7,91.1,10.0,Severe,Early Shoot Borer,89.3
Rice,Tillering/Branching,21.1,80.8,42.5,34.7,10.3,Moderate,Yellow Stem Borer,35.0
Tomato,Tillering/Branching,23.6,83.0,20.2,28.7,11.3,High,Early Blight Risk,65.9
Rice,Maturity,36.2,67.5,27.8,79.8,18.3,Moderate,Leaf Folder,34.7
Tomato,Flowering,22.3,50.1,127.0,25.7,9.2,Moderate,Fruit Borer,37.1
Potato,Flowering,25.1,77.8,84.1,93.3,4.2,Low,None/Healthy,16.1
Sugarcane,Fruiting/GrainFilling,27.8,88.5,41.7,35.0,3.2,Moderate,Red Rot Risk,51.9
Maize,Vegetative,36.1,60.4,48.8,41.1,21.6,Moderate,Shoot Fly,33.4
Sugarcane,Fruiting/GrainFilling,34.7,82.1,203.9,17.5,0.2,Low,None/Healthy,15.1
Potato,Fruiting/GrainFilling,29.4,86.1,44.2,65.2,13.9,High,Cutworm,73.0
Potato,Flowering,24.5,81.8,52.1,62.3,16.8,Severe,Cutworm,81.5
Potato,Maturity,29.1,78.0,150.6,45.8,22.6,Moderate,Late Blight Risk,34.9
Potato,Tillering/Branching,17.7,87.5,161.6,17.3,17.2,Moderate,Aphids,47.0
Maize,Maturity,31.2,46.0,80.1,64.9,14.3,Moderate,Turcicum Leaf Blight,34.4
Maize,Fruiting/GrainFilling,17.7,88.8,6.6,87.9,7.3,Low,None/Healthy,14.5
Cotton,Flowering,35.2,92.8,170.8,29.8,7.4,Moderate,Whitefly,35.1
Cotton,Fruiting/GrainFilling,32.1,81.9,100.1,47.1,6.9,Low,None/Healthy,23.5
Rice,Flowering,22.9,52.7,6.8,92.7,19.5,Moderate,Leaf Folder,40.8
Potato,Tillering/Branching,33.1,85.8,29.0,30.5,8.3,Moderate,Late Blight Risk,31.5
Tomato,Flowering,41.1,49.6,53.4,57.9,16.1,Moderate,Early Blight Risk,32.7
Rice,Fruiting/GrainFilling,16.0,56.8,193.5,87.4,14.5,Moderate,Leaf Folder,39.3
Tomato,Vegetative,21.8,84.6,199.1,41.8,16.7,Low,None/Healthy,27.2
Potato,Vegetative,16.9,64.3,109.6,26.1,11.8,Moderate,Potato Tuber Moth,34.4
Wheat,Flowering,40.0,86.4,68.6,59.2,14.8,Moderate,Brown Rust Risk,44.0
Maize,Fruiting/GrainFilling,26.8,70.7,241.8,85.2,6.7,Low,None/Healthy,16.5
Cotton,Maturity,35.9,38.4,64.4,90.5,19.8,Moderate,Pink Bollworm,30.1
Sugarcane,Flowering,17.0,40.1,238.9,64.1,17.5,Moderate,Pyrilla,44.8
Cotton,Tillering/Branching,28.5,85.2,163.7,66.0,0.4,High,Pink Bollworm,60.8
Tomato,Fruiting/GrainFilling,40.2,57.5,214.9,87.7,21.7,Moderate,Early Blight Risk,38.3
Rice,Maturity,25.8,63.4,53.7,87.5,17.2,Moderate,Brown Planthopper,35.9
Potato,Tillering/Branching,32.9,83.5,145.5,81.7,6.3,Low,None/Healthy,15.4
Cotton,Fruiting/GrainFilling,30.0,38.2,113.7,51.4,12.9,Moderate,Pink Bollworm,46.1
Soybean,Flowering,32.6,90.1,139.1,65.2,1.7,Moderate,Common Aphid,36.1
Soybean,Vegetative,36.6,66.9,220.6,92.8,3.5,Low,None/Healthy,5.0
Potato,Maturity,33.0,50.8,66.8,80.1,23.5,Moderate,Potato Tuber Moth,30.7
Potato,Fruiting/GrainFilling,26.3,43.4,33.6,63.1,11.8,Moderate,Late Blight Risk,47.7
Cotton,Fruiting/GrainFilling,37.3,97.9,144.6,19.7,18.7,Severe,Pink Bollworm,80.4
Sugarcane,Fruiting/GrainFilling,29.9,31.3,81.0,75.1,21.9,Moderate,Red Rot Risk,36.1
Tomato,Flowering,30.6,56.4,193.5,25.3,10.5,Moderate,Whitefly,36.2
Tomato,Tillering/Branching,33.9,48.7,58.2,39.3,21.0,Moderate,Fruit Borer,38.2
Wheat,Maturity,34.7,34.8,5.7,52.1,19.0,Moderate,Termites,31.5
Potato,Vegetative,28.9,95.7,54.1,55.0,15.0,High,Aphids,63.5
Wheat,Flowering,38.0,50.5,127.7,83.6,20.8,Moderate,Brown Rust Risk,36.2
Potato,Fruiting/GrainFilling,25.6,93.9,99.0,54.7,5.9,Moderate,Late Blight Risk,55.9
Wheat,Fruiting/GrainFilling,17.2,95.6,32.7,63.4,24.0,Moderate,Brown Rust Risk,38.9
Potato,Vegetative,36.0,75.7,200.9,24.8,20.1,Moderate,Aphids,49.6
Rice,Tillering/Branching,30.9,53.5,101.4,24.5,18.0,Low,None/Healthy,21.7
Wheat,Vegetative,17.9,90.0,168.5,88.9,15.5,Moderate,Aphids,51.2
Cotton,Tillering/Branching,15.4,50.8,15.5,40.3,9.7,Low,None/Healthy,27.4
Rice,Vegetative,38.3,30.3,16.7,16.8,18.6,High,Brown Planthopper,61.8
Rice,Flowering,30.0,86.1,246.6,72.9,6.7,High,Bacterial Blight Risk,75.4
Cotton,Vegetative,41.6,61.5,80.4,89.5,12.0,Moderate,Pink Bollworm,35.2
Sugarcane,Vegetative,40.3,91.4,227.5,86.9,19.7,Moderate,Top Borer,46.2
Wheat,Fruiting/GrainFilling,23.9,95.5,245.6,75.3,23.6,Severe,Termites,93.0
Maize,Fruiting/GrainFilling,28.5,85.5,39.2,93.2,1.7,Moderate,Stem Borer,59.2
Cotton,Fruiting/GrainFilling,32.4,33.0,214.8,92.6,23.0,Moderate,Whitefly,40.3
Soybean,Vegetative,24.9,51.1,76.4,63.4,19.3,Low,None/Healthy,25.2
Potato,Flowering,34.1,79.9,41.2,75.0,16.1,Moderate,Cutworm,35.7
Soybean,Vegetative,32.4,56.1,36.5,18.6,3.8,Low,None/Healthy,13.5
Rice,Maturity,34.6,49.2,147.2,26.5,9.7,Moderate,Bacterial Blight Risk,30.2
Tomato,Vegetative,25.5,87.3,94.5,81.5,15.8,Moderate,Whitefly,57.0
Rice,Flowering,26.3,31.7,239.0,20.7,14.6,Moderate,Leaf Folder,40.3
Rice,Tillering/Branching,37.6,94.0,76.9,46.0,0.4,Low,None/Healthy,9.2
Sugarcane,Maturity,39.5,65.8,141.5,29.1,12.0,Moderate,Pyrilla,32.1
Rice,Maturity,25.2,87.0,185.3,91.4,13.4,High,Yellow Stem Borer,75.7
Maize,Vegetative,15.8,83.1,130.2,44.6,23.2,Moderate,Fall Armyworm,34.7
Cotton,Tillering/Branching,31.0,37.9,78.2,53.0,16.3,Moderate,Boll Rot,34.5
Potato,Flowering,23.0,74.2,34.2,69.2,1.4,Low,None/Healthy,17.6
Cotton,Tillering/Branching,37.9,82.7,161.2,84.6,17.0,Moderate,Pink Bollworm,32.0
Potato,Tillering/Branching,19.5,80.1,69.5,91.9,23.7,Moderate,Cutworm,30.1
Cotton,Maturity,32.6,41.5,197.2,55.3,12.3,Moderate,Boll Rot,34.7
Tomato,Fruiting/GrainFilling,23.2,78.6,164.4,30.0,2.7,Low,None/Healthy,18.2
Potato,Tillering/Branching,33.3,54.9,210.7,93.3,4.9,Low,None/Healthy,6.7
Rice,Vegetative,35.3,85.1,27.8,18.3,8.0,High,Leaf Folder,63.2
Soybean,Fruiting/GrainFilling,29.7,69.5,200.0,57.3,14.7,Moderate,Common Aphid,45.2
Tomato,Maturity,18.3,74.0,139.3,45.5,7.9,Low,None/Healthy,10.2
Wheat,Fruiting/GrainFilling,24.1,32.8,109.2,63.1,22.6,Moderate,Termites,47.2
Rice,Vegetative,37.1,55.7,88.2,42.1,22.2,Moderate,Bacterial Blight Risk,37.3
Rice,Vegetative,22.1,90.8,24.0,47.9,9.8,High,Leaf Folder,63.9
Rice,Maturity,31.0,72.6,108.4,42.4,5.1,Low,None/Healthy,11.6
Soybean,Maturity,40.8,54.5,220.8,26.9,22.5,Low,None/Healthy,23.9
Cotton,Flowering,16.7,85.6,54.0,58.4,11.6,Moderate,Spotted Bollworm,32.4
Cotton,Tillering/Branching,30.1,68.0,177.5,72.4,5.6,Low,None/Healthy,7.2
Rice,Tillering/Branching,29.2,59.7,172.7,17.9,5.4,Low,None/Healthy,11.5
Soybean,Fruiting/GrainFilling,37.9,55.9,64.7,56.5,14.9,Moderate,Common Aphid,45.0
Potato,Maturity,16.0,45.2,112.7,70.8,5.3,Low,None/Healthy,8.9
Potato,Vegetative,23.6,66.2,4.7,85.8,18.9,Moderate,Aphids,35.7
Cotton,Tillering/Branching,29.2,77.6,166.0,87.2,13.0,Low,None/Healthy,24.5
Rice,Fruiting/GrainFilling,29.4,35.0,210.4,91.9,9.7,Moderate,Brown Planthopper,43.9
Maize,Flowering,29.9,77.3,69.1,60.6,17.2,Moderate,Shoot Fly,34.9
Potato,Tillering/Branching,39.2,83.8,204.0,39.8,10.2,Low,None/Healthy,25.5
Potato,Tillering/Branching,32.5,35.0,71.9,60.6,7.6,Low,None/Healthy,17.2
Maize,Maturity,15.3,48.8,35.6,25.2,23.0,Moderate,Stem Borer,32.5
Wheat,Fruiting/GrainFilling,22.4,94.2,94.4,67.6,5.4,Moderate,Brown Rust Risk,43.5
Sugarcane,Vegetative,23.0,38.0,64.4,46.0,1.3,Low,None/Healthy,18.5
Cotton,Vegetative,16.9,59.9,177.2,19.6,1.4,Low,None/Healthy,9.2
Sugarcane,Vegetative,20.3,93.6,145.3,38.0,16.9,Moderate,Red Rot Risk,40.2
Cotton,Maturity,20.4,35.7,101.4,34.6,13.8,Low,None/Healthy,28.4
Tomato,Tillering/Branching,23.4,76.6,85.8,65.8,15.2,Moderate,Early Blight Risk,34.2
Maize,Vegetative,20.6,40.2,127.3,89.2,9.4,Low,None/Healthy,23.1
Wheat,Vegetative,34.1,49.8,61.3,40.9,17.4,Moderate,Aphids,31.7
Sugarcane,Fruiting/GrainFilling,16.1,50.1,58.5,37.2,4.6,Low,None/Healthy,26.2
Potato,Tillering/Branching,41.3,85.7,42.8,72.6,11.7,Moderate,Aphids,32.9
Tomato,Tillering/Branching,42.0,75.7,127.7,91.4,19.6,Low,None/Healthy,25.4
Soybean,Fruiting/GrainFilling,38.0,31.9,25.7,24.3,12.7,Moderate,Common Aphid,58.2
Cotton,Tillering/Branching,36.9,34.6,70.1,18.1,0.3,Moderate,Spotted Bollworm,43.5
Wheat,Fruiting/GrainFilling,24.0,51.0,70.4,33.2,20.4,Moderate,Termites,41.1
Wheat,Vegetative,18.5,91.7,142.4,85.4,19.8,Moderate,Termites,47.3
Tomato,Tillering/Branching,18.9,86.5,215.6,57.2,2.5,Low,None/Healthy,26.3
Tomato,Vegetative,20.4,30.8,82.7,17.4,19.9,Low,None/Healthy,28.5
Soybean,Maturity,32.3,58.0,86.4,32.8,18.5,Low,None/Healthy,25.0
Soybean,Tillering/Branching,28.6,65.0,248.0,33.6,16.2,Moderate,Common Aphid,37.0
Cotton,Maturity,19.4,85.8,144.1,22.4,15.6,Moderate,Spotted Bollworm,51.5
Tomato,Vegetative,20.0,56.1,247.7,36.6,18.3,Low,None/Healthy,28.4
Potato,Tillering/Branching,27.6,34.0,118.9,17.2,14.7,Moderate,Aphids,36.6
Wheat,Tillering/Branching,36.1,39.0,66.4,17.1,9.3,Moderate,Armyworm,56.9
Sugarcane,Tillering/Branching,23.7,41.5,73.5,16.6,11.3,Moderate,Early Shoot Borer,32.6
Cotton,Maturity,38.0,82.6,152.8,83.0,7.9,Low,None/Healthy,11.9
Potato,Tillering/Branching,19.2,48.4,111.6,85.1,2.1,Low,None/Healthy,12.5
Maize,Fruiting/GrainFilling,32.0,38.6,48.3,56.9,2.8,Low,None/Healthy,21.4
Soybean,Vegetative,18.5,84.5,228.6,43.3,16.9,Moderate,Common Aphid,32.2
Tomato,Tillering/Branching,34.2,78.4,160.3,53.2,16.2,Low,None/Healthy,25.9
Cotton,Vegetative,41.1,90.4,198.6,70.6,13.8,Moderate,Pink Bollworm,47.4
Potato,Maturity,15.7,52.2,105.2,53.9,22.3,Moderate,Cutworm,32.6
Tomato,Fruiting/GrainFilling,41.7,88.6,109.7,95.0,12.3,Moderate,Fruit Borer,56.0
Potato,Fruiting/GrainFilling,33.7,57.8,184.9,87.0,4.3,Low,None/Healthy,13.8
Maize,Maturity,26.0,41.5,90.1,66.7,19.5,Low,None/Healthy,24.6
Tomato,Tillering/Branching,25.3,85.7,248.3,93.4,15.9,High,Whitefly,75.1
Wheat,Tillering/Branching,34.9,96.5,17.0,15.5,20.0,Moderate,Aphids,30.9
Tomato,Tillering/Branching,34.9,68.7,167.3,74.7,3.2,Low,None/Healthy,5.2
Cotton,Flowering,36.4,81.9,185.0,76.7,1.1,Low,None/Healthy,11.8
Maize,Tillering/Branching,30.1,45.2,150.8,78.8,19.3,Moderate,Fall Armyworm,31.0
Cotton,Vegetative,21.9,41.9,150.3,71.4,9.5,Low,None/Healthy,25.4
Potato,Vegetative,15.8,53.1,130.6,56.4,5.0,Low,None/Healthy,14.7
Potato,Vegetative,31.7,44.5,232.7,57.2,17.3,Moderate,Late Blight Risk,37.0
Sugarcane,Maturity,26.0,74.5,238.1,57.3,18.9,Moderate,Top Borer,30.1
Maize,Fruiting/GrainFilling,20.8,86.3,226.4,46.4,7.5,Moderate,Stem Borer,35.7
Soybean,Tillering/Branching,33.1,51.1,101.1,64.4,5.6,Low,None/Healthy,12.4
Tomato,Tillering/Branching,37.0,51.2,143.8,31.7,9.3,Low,None/Healthy,28.1
Maize,Fruiting/GrainFilling,21.3,85.4,55.4,89.8,7.9,Low,None/Healthy,22.4
Wheat,Tillering/Branching,19.0,42.7,111.9,56.8,21.9,Low,None/Healthy,23.6
Sugarcane,Maturity,18.6,90.7,102.3,64.1,4.5,Low,None/Healthy,22.3
Cotton,Fruiting/GrainFilling,36.6,59.2,246.7,56.9,20.3,Moderate,Whitefly,45.7
Wheat,Fruiting/GrainFilling,28.1,30.7,174.4,46.1,15.2,Moderate,Termites,44.2
Maize,Tillering/Branching,19.9,89.5,221.3,23.1,23.2,Moderate,Stem Borer,46.0
Maize,Maturity,19.5,79.5,59.9,53.0,5.9,Low,None/Healthy,10.1
Tomato,Tillering/Branching,34.5,52.5,150.8,81.0,2.3,Low,None/Healthy,5.0
Maize,Fruiting/GrainFilling,29.7,45.4,205.3,18.4,2.4,Low,None/Healthy,25.9
Soybean,Vegetative,30.9,79.6,64.8,82.3,22.9,Moderate,Common Aphid,38.1
Potato,Fruiting/GrainFilling,16.9,52.2,21.9,94.1,5.5,Low,None/Healthy,20.0
Sugarcane,Vegetative,22.7,74.4,52.6,77.8,2.7,Low,None/Healthy,7.6
Wheat,Vegetative,38.2,38.3,39.0,58.5,6.6,Low,None/Healthy,11.0
Rice,Flowering,30.5,55.3,35.1,57.8,9.3,Moderate,Leaf Folder,37.6
Maize,Flowering,32.0,50.2,181.7,45.2,17.2,Moderate,Fall Armyworm,41.4
Maize,Tillering/Branching,40.6,68.4,99.3,36.5,22.4,Moderate,Stem Borer,35.7
Sugarcane,Tillering/Branching,22.8,62.4,86.5,55.5,4.5,Low,None/Healthy,16.2
Tomato,Maturity,18.3,64.7,84.1,42.4,11.5,Moderate,Leaf Miner,32.1
Sugarcane,Fruiting/GrainFilling,16.4,31.6,107.8,49.1,4.5,Low,None/Healthy,14.1
Sugarcane,Flowering,18.5,92.2,146.9,17.2,23.1,Moderate,Early Shoot Borer,52.6
Rice,Maturity,32.5,81.6,214.9,73.7,22.2,Low,None/Healthy,20.7
Maize,Vegetative,28.5,84.6,69.7,37.1,20.0,High,Fall Armyworm,66.7
Rice,Maturity,23.0,45.9,3.6,38.8,17.2,Low,None/Healthy,24.8
Rice,Maturity,23.4,46.4,222.0,83.2,7.9,Low,None/Healthy,12.5
Cotton,Flowering,26.0,83.1,153.0,56.1,14.2,High,Pink Bollworm,76.1
Rice,Flowering,36.9,81.3,223.1,42.5,4.4,Low,None/Healthy,22.6
Wheat,Vegetative,30.0,89.8,221.3,57.2,2.7,Moderate,Armyworm,59.2
Soybean,Flowering,19.2,97.0,80.0,23.7,2.9,Low,None/Healthy,19.8
Rice,Tillering/Branching,20.8,65.3,35.2,49.4,14.4,Low,None/Healthy,29.9
Rice,Tillering/Branching,25.8,50.6,60.1,63.4,14.1,Low,None/Healthy,24.8
Soybean,Tillering/Branching,20.7,66.8,115.3,41.4,18.9,Moderate,Common Aphid,32.0
Soybean,Flowering,41.3,37.9,193.3,44.5,20.8,Moderate,Common Aphid,39.0
Wheat,Tillering/Branching,41.8,97.0,47.5,65.4,12.9,Low,None/Healthy,26.7
Sugarcane,Vegetative,19.5,97.3,113.2,25.1,5.2,Low,None/Healthy,25.4
Soybean,Tillering/Branching,27.3,41.3,81.7,20.6,21.4,Low,None/Healthy,21.2
Wheat,Maturity,35.4,53.8,118.6,38.3,16.7,Low,None/Healthy,27.6
Sugarcane,Flowering,33.4,43.3,160.0,22.6,14.9,Moderate,Top Borer,43.9
Tomato,Fruiting/GrainFilling,32.5,60.4,54.3,43.3,11.8,Moderate,Leaf Miner,36.4
Maize,Flowering,41.6,90.5,132.1,65.3,22.8,Moderate,Turcicum Leaf Blight,56.5
Sugarcane,Tillering/Branching,32.0,78.2,160.1,68.7,17.4,Low,None/Healthy,28.0
Cotton,Maturity,17.7,89.6,72.5,47.3,19.3,Moderate,Spotted Bollworm,36.3
Potato,Maturity,31.1,70.0,94.7,75.0,10.3,Moderate,Cutworm,31.0
Wheat,Tillering/Branching,38.3,92.7,193.8,33.6,11.1,Moderate,Termites,55.1
Tomato,Maturity,40.6,37.1,85.5,25.7,20.1,Moderate,Whitefly,30.0
Rice,Tillering/Branching,20.7,67.1,199.7,75.7,8.6,Moderate,Yellow Stem Borer,35.2
Cotton,Tillering/Branching,31.5,58.8,229.9,66.3,9.6,Moderate,Pink Bollworm,32.2
Cotton,Vegetative,40.5,74.5,133.2,31.3,20.0,Low,None/Healthy,28.7
Wheat,Vegetative,21.7,43.0,39.5,91.3,14.4,Moderate,Aphids,32.2
Soybean,Fruiting/GrainFilling,30.8,83.2,94.1,49.6,8.7,High,Stem Borer,75.7
Sugarcane,Flowering,28.3,41.3,110.2,90.3,0.7,Low,None/Healthy,22.4
Maize,Vegetative,22.3,60.9,235.8,29.7,22.2,Low,None/Healthy,27.1
Soybean,Fruiting/GrainFilling,33.1,79.2,7.8,22.9,8.0,Moderate,Common Aphid,37.9
Soybean,Fruiting/GrainFilling,41.4,94.9,198.3,45.2,1.6,Moderate,Common Aphid,48.3
Maize,Tillering/Branching,15.0,30.1,234.1,89.2,16.0,Moderate,Fall Armyworm,30.5
Tomato,Tillering/Branching,37.5,37.6,243.4,70.5,6.5,Low,None/Healthy,18.9
Sugarcane,Maturity,23.0,40.2,72.8,61.4,19.8,Low,None/Healthy,23.0
Cotton,Maturity,20.3,34.9,11.4,18.1,11.7,Low,None/Healthy,23.7
Potato,Maturity,33.6,74.5,135.5,43.2,20.4,Low,None/Healthy,24.9
Sugarcane,Tillering/Branching,19.2,52.4,249.3,32.9,16.8,Moderate,Early Shoot Borer,34.7
Potato,Flowering,25.4,86.6,230.4,54.3,17.5,Severe,Cutworm,84.7
Wheat,Fruiting/GrainFilling,27.4,89.4,21.5,17.4,14.6,High,Aphids,73.1
Sugarcane,Maturity,27.7,59.6,84.1,54.3,10.6,Low,None/Healthy,26.9
Potato,Vegetative,34.7,77.5,190.2,51.6,4.2,Low,None/Healthy,5.0
Potato,Maturity,30.8,39.7,208.4,25.4,0.8,Low,None/Healthy,12.5
Wheat,Fruiting/GrainFilling,23.9,51.5,200.4,48.7,14.7,Moderate,Termites,38.6
Sugarcane,Fruiting/GrainFilling,32.9,37.6,98.1,74.3,5.4,Low,None/Healthy,14.4
Wheat,Fruiting/GrainFilling,33.2,37.7,229.4,33.1,2.9,Low,None/Healthy,21.4
Soybean,Maturity,37.9,70.3,100.3,36.1,13.7,Moderate,Common Aphid,37.5
Rice,Fruiting/GrainFilling,22.9,65.1,167.3,77.2,17.0,Moderate,Leaf Folder,40.9
Wheat,Tillering/Branching,39.5,76.8,41.7,27.5,1.2,Low,None/Healthy,16.4
Sugarcane,Vegetative,24.9,37.4,12.9,46.9,2.4,Low,None/Healthy,8.2
Sugarcane,Flowering,25.7,64.2,46.7,69.8,10.0,Moderate,Red Rot Risk,41.2
Sugarcane,Fruiting/GrainFilling,36.0,85.0,205.8,59.0,4.3,Low,None/Healthy,16.3
Wheat,Tillering/Branching,36.9,86.5,13.6,72.0,1.5,Low,None/Healthy,18.5
Wheat,Flowering,32.6,67.2,245.4,81.8,9.9,Moderate,Brown Rust Risk,44.8
Maize,Maturity,34.8,72.3,121.1,29.1,19.3,Moderate,Turcicum Leaf Blight,34.0
Tomato,Flowering,16.1,45.8,222.3,80.4,13.8,Moderate,Leaf Miner,37.2
Soybean,Maturity,27.6,73.8,76.9,82.1,16.8,Moderate,Common Aphid,34.8
Cotton,Fruiting/GrainFilling,32.4,35.9,235.9,77.9,4.8,Low,None/Healthy,17.5
Wheat,Flowering,35.5,44.2,23.3,43.1,3.3,Low,None/Healthy,10.4
Cotton,Tillering/Branching,29.7,96.8,198.2,65.4,8.7,Severe,Boll Rot,88.3
Soybean,Flowering,34.7,55.1,83.6,86.1,11.6,Moderate,Common Aphid,47.8
Sugarcane,Flowering,26.7,56.0,26.7,25.7,20.1,Moderate,Early Shoot Borer,38.6
Sugarcane,Maturity,37.4,73.0,206.6,67.6,7.2,Low,None/Healthy,5.0
Potato,Flowering,35.7,35.3,147.5,59.0,14.6,Moderate,Cutworm,43.2
Sugarcane,Tillering/Branching,15.4,94.3,48.2,81.2,23.1,Moderate,Red Rot Risk,39.5
Tomato,Vegetative,36.6,64.3,77.2,47.4,23.2,Moderate,Fruit Borer,42.4
Tomato,Tillering/Branching,32.6,33.9,5.6,43.2,16.6,Moderate,Whitefly,36.0
Tomato,Fruiting/GrainFilling,19.7,66.6,98.9,48.2,15.4,Moderate,Leaf Miner,33.9
Cotton,Vegetative,24.2,65.4,64.8,69.0,8.8,Moderate,Boll Rot,43.5
Tomato,Flowering,29.6,34.9,151.0,94.4,23.1,Moderate,Leaf Miner,36.3
Sugarcane,Tillering/Branching,15.9,76.9,138.5,90.2,21.8,Low,None/Healthy,24.6
Soybean,Flowering,40.7,54.7,196.2,69.7,1.9,Low,None/Healthy,21.2
Sugarcane,Tillering/Branching,20.0,76.5,152.5,92.8,22.4,Moderate,Red Rot Risk,33.7
Rice,Vegetative,37.9,60.1,65.5,15.8,20.9,High,Brown Planthopper,60.4
Maize,Fruiting/GrainFilling,20.8,53.9,72.9,68.5,19.9,Moderate,Shoot Fly,41.4
Cotton,Maturity,22.1,41.0,101.2,93.9,10.5,Low,None/Healthy,23.3
Sugarcane,Flowering,16.5,55.8,145.1,75.1,12.7,Moderate,Red Rot Risk,48.0
Maize,Maturity,21.6,63.6,120.6,51.3,19.1,Moderate,Stem Borer,30.5
Cotton,Tillering/Branching,39.3,58.3,218.7,20.1,21.3,Moderate,Spotted Bollworm,58.1
Maize,Fruiting/GrainFilling,22.5,37.4,64.2,82.0,14.8,Moderate,Shoot Fly,31.0
Potato,Maturity,21.3,55.2,95.5,91.5,9.8,Moderate,Potato Tuber Moth,33.0
Maize,Fruiting/GrainFilling,34.3,43.1,158.3,49.4,7.7,Low,None/Healthy,13.7
Maize,Tillering/Branching,32.4,45.1,35.9,93.3,1.1,Low,None/Healthy,5.0
Cotton,Maturity,36.1,80.7,226.3,46.6,13.5,Low,None/Healthy,24.7
Wheat,Vegetative,17.2,61.3,99.1,80.9,21.6,Low,None/Healthy,28.8
Rice,Tillering/Branching,27.1,53.4,179.7,32.1,15.8,Moderate,Leaf Folder,33.8
Sugarcane,Fruiting/GrainFilling,33.3,39.8,30.3,24.3,3.3,Low,None/Healthy,21.6
Sugarcane,Vegetative,18.4,89.2,210.7,73.2,10.2,Moderate,Top Borer,37.8
Potato,Tillering/Branching,16.0,49.2,159.8,30.9,19.9,Low,None/Healthy,28.4
Sugarcane,Flowering,25.6,46.0,165.4,60.9,8.0,Moderate,Early Shoot Borer,50.0
Rice,Maturity,16.6,90.7,59.9,21.2,15.8,Moderate,Leaf Folder,35.1
Potato,Vegetative,35.9,56.9,236.2,81.2,23.6,Low,None/Healthy,17.4
Tomato,Vegetative,31.7,70.7,32.4,72.8,14.4,Moderate,Leaf Miner,39.7
Sugarcane,Tillering/Branching,33.3,50.0,110.4,79.5,7.9,Low,None/Healthy,10.3
Rice,Fruiting/GrainFilling,25.2,34.7,179.5,26.8,6.8,Low,None/Healthy,20.5
Cotton,Vegetative,29.8,44.8,6.3,63.3,17.1,Moderate,Pink Bollworm,35.1
Tomato,Maturity,40.0,97.0,186.2,84.4,16.2,Moderate,Early Blight Risk,42.9
Maize,Vegetative,27.9,56.7,8.1,43.7,20.4,Low,None/Healthy,27.9
Cotton,Fruiting/GrainFilling,27.5,48.5,68.5,19.9,14.7,Moderate,Boll Rot,50.8
Soybean,Fruiting/GrainFilling,35.3,82.5,124.8,43.3,22.4,Moderate,Common Aphid,34.7
Maize,Tillering/Branching,19.1,58.5,153.5,15.7,17.3,Low,None/Healthy,26.3
Potato,Fruiting/GrainFilling,19.4,37.4,72.4,71.8,14.1,Moderate,Aphids,54.1
Maize,Vegetative,29.8,89.6,160.0,80.5,0.8,Moderate,Shoot Fly,54.3
Tomato,Fruiting/GrainFilling,30.8,33.7,222.5,39.4,3.3,Low,None/Healthy,23.7
Rice,Maturity,34.5,77.9,175.0,88.3,8.4,Moderate,Brown Planthopper,40.2
Tomato,Fruiting/GrainFilling,35.5,88.9,65.5,64.3,14.0,Moderate,Early Blight Risk,45.2
Tomato,Vegetative,20.0,92.1,29.8,61.3,7.8,Low,None/Healthy,5.0
Soybean,Maturity,38.4,55.6,88.3,50.7,2.4,Low,None/Healthy,11.6
Wheat,Tillering/Branching,15.2,64.2,212.0,59.2,14.6,Moderate,Brown Rust Risk,31.5
Tomato,Fruiting/GrainFilling,24.2,42.8,131.7,69.9,11.8,Moderate,Leaf Miner,39.6
Potato,Flowering,24.3,68.2,170.0,84.8,18.3,Moderate,Late Blight Risk,45.5
Rice,Tillering/Branching,20.6,39.6,189.7,40.8,5.9,Low,None/Healthy,7.7
Maize,Tillering/Branching,34.9,48.8,218.1,70.1,8.3,Moderate,Shoot Fly,38.2
Sugarcane,Fruiting/GrainFilling,32.6,66.7,152.1,58.7,4.8,Low,None/Healthy,17.4
Cotton,Flowering,29.4,83.0,163.5,49.1,23.4,High,Boll Rot,74.1
Maize,Maturity,31.9,32.7,44.4,38.5,16.4,Low,None/Healthy,28.8
Wheat,Fruiting/GrainFilling,36.6,42.4,141.4,17.4,7.5,Moderate,Armyworm,44.0
Sugarcane,Fruiting/GrainFilling,27.7,52.1,35.9,43.4,16.0,Moderate,Early Shoot Borer,46.9
Tomato,Fruiting/GrainFilling,32.4,44.3,215.0,84.3,7.7,Moderate,Whitefly,31.0
Wheat,Fruiting/GrainFilling,35.0,75.7,130.0,21.8,2.6,Low,None/Healthy,24.9
Rice,Fruiting/GrainFilling,20.7,94.8,102.5,85.1,19.6,Moderate,Bacterial Blight Risk,52.2
Wheat,Vegetative,40.2,41.0,39.2,90.9,12.2,Moderate,Armyworm,33.0
Maize,Flowering,37.3,85.7,181.1,70.1,13.1,Moderate,Shoot Fly,60.0
Soybean,Fruiting/GrainFilling,26.5,35.0,87.5,64.9,4.6,Low,None/Healthy,17.7
Potato,Vegetative,22.9,32.2,185.9,35.7,3.0,Low,None/Healthy,14.2
Wheat,Maturity,21.3,94.3,96.3,90.1,6.6,Low,None/Healthy,12.4
Cotton,Tillering/Branching,30.3,41.1,17.4,59.2,11.2,Low,None/Healthy,22.2
Rice,Maturity,32.3,89.5,165.1,82.1,11.4,Moderate,Leaf Folder,42.3
Maize,Vegetative,23.5,58.0,89.7,36.5,16.6,Low,None/Healthy,21.6
Tomato,Tillering/Branching,15.5,63.8,72.8,89.2,2.1,Low,None/Healthy,13.8
Rice,Vegetative,40.6,91.3,175.3,62.1,6.7,Low,None/Healthy,21.3
Wheat,Vegetative,26.2,49.5,135.1,85.8,21.0,Low,None/Healthy,28.8
Rice,Tillering/Branching,25.8,38.8,18.9,63.4,4.5,Low,None/Healthy,5.0
Potato,Fruiting/GrainFilling,18.2,62.1,167.1,66.3,3.5,Low,None/Healthy,20.5
Potato,Vegetative,25.9,61.6,200.4,41.6,3.5,Low,None/Healthy,8.5
Potato,Flowering,24.0,66.0,87.0,84.6,21.6,Moderate,Aphids,41.9
Sugarcane,Flowering,22.9,76.8,0.1,19.8,10.4,Moderate,Pyrilla,39.5
Sugarcane,Flowering,27.3,50.2,248.9,76.4,16.6,Moderate,Red Rot Risk,38.9
Tomato,Flowering,24.5,66.6,187.3,24.0,19.0,Moderate,Leaf Miner,39.7
Rice,Tillering/Branching,30.5,40.8,129.4,46.7,11.5,Low,None/Healthy,27.9
Wheat,Vegetative,35.0,48.5,206.1,86.4,8.4,Low,None/Healthy,26.3
Sugarcane,Vegetative,19.5,76.7,105.5,89.3,11.1,Moderate,Red Rot Risk,31.7
Rice,Flowering,41.1,31.9,179.0,32.7,16.8,Moderate,Yellow Stem Borer,36.8
Cotton,Maturity,17.1,91.0,98.0,53.5,10.7,Moderate,Spotted Bollworm,34.7
Sugarcane,Maturity,34.2,65.7,171.2,42.1,22.5,Moderate,Top Borer,30.4
Soybean,Maturity,40.3,30.9,97.8,77.6,4.5,Low,None/Healthy,6.4
Tomato,Fruiting/GrainFilling,38.2,78.1,52.3,36.8,4.0,Low,None/Healthy,20.5
Cotton,Vegetative,22.8,67.0,81.7,84.1,5.1,Low,None/Healthy,15.8
Soybean,Maturity,21.0,64.5,162.2,60.2,8.8,Low,None/Healthy,28.8
Wheat,Maturity,24.3,66.9,64.5,36.4,14.9,Moderate,Aphids,30.3
Maize,Fruiting/GrainFilling,24.8,46.9,143.2,85.5,12.5,Moderate,Shoot Fly,33.9
Maize,Tillering/Branching,28.7,60.1,86.4,50.4,9.2,Moderate,Turcicum Leaf Blight,36.9
Cotton,Fruiting/GrainFilling,37.7,97.3,66.4,82.4,9.8,Moderate,Spotted Bollworm,36.1
Soybean,Flowering,32.5,76.8,189.2,31.6,14.9,Moderate,Common Aphid,43.2
Rice,Tillering/Branching,40.5,45.8,14.7,67.3,17.8,Moderate,Yellow Stem Borer,32.8
Rice,Fruiting/GrainFilling,24.7,41.3,210.5,46.1,12.7,Moderate,Yellow Stem Borer,31.6
Rice,Maturity,31.1,89.8,123.3,28.2,2.8,High,Brown Planthopper,61.5
Tomato,Vegetative,38.2,75.2,177.7,89.8,22.6,Moderate,Leaf Miner,33.0
Soybean,Maturity,24.1,78.7,134.6,89.6,5.7,Low,None/Healthy,5.0
Soybean,Flowering,23.6,83.3,13.3,75.7,19.5,High,Stem Borer,69.3
Wheat,Flowering,39.6,62.2,44.5,43.9,21.7,Moderate,Armyworm,40.0
Rice,Tillering/Branching,15.1,53.7,17.9,74.5,13.5,Moderate,Yellow Stem Borer,30.2
Tomato,Flowering,37.7,73.1,41.6,41.0,19.0,Moderate,Fruit Borer,42.6
Rice,Fruiting/GrainFilling,16.4,58.9,45.6,16.7,3.5,Low,None/Healthy,15.5
Potato,Maturity,36.9,30.5,132.5,56.3,15.0,Low,None/Healthy,26.2
Tomato,Tillering/Branching,26.5,59.5,138.2,77.6,11.3,Low,None/Healthy,29.6
Rice,Fruiting/GrainFilling,35.8,35.6,160.4,79.3,6.8,Low,None/Healthy,18.5
Soybean,Flowering,34.0,45.7,97.6,70.6,8.6,Moderate,Common Aphid,39.8
Wheat,Tillering/Branching,34.5,51.8,30.4,81.4,6.1,Low,None/Healthy,19.8
Wheat,Maturity,32.5,61.3,142.6,62.2,19.8,Moderate,Termites,30.7
Tomato,Tillering/Branching,21.7,44.6,136.8,69.3,1.3,Low,None/Healthy,11.5
Maize,Maturity,22.2,62.3,104.9,41.5,2.5,Low,None/Healthy,15.2
Soybean,Flowering,28.9,41.5,201.5,26.6,11.5,Moderate,Common Aphid,39.5
Rice,Flowering,27.8,87.7,247.6,65.5,19.0,Severe,Yellow Stem Borer,98.0
Maize,Fruiting/GrainFilling,38.2,42.0,66.5,90.3,10.7,Moderate,Fall Armyworm,39.8
Tomato,Maturity,38.0,35.3,77.6,68.9,12.2,Moderate,Fruit Borer,37.4
Soybean,Flowering,32.5,62.5,38.6,74.5,9.9,Moderate,Common Aphid,42.6
Cotton,Fruiting/GrainFilling,37.2,82.3,165.7,86.7,6.0,Low,None/Healthy,20.2
Tomato,Vegetative,25.2,85.2,123.4,83.6,21.5,Severe,Early Blight Risk,81.0
Tomato,Tillering/Branching,15.4,57.7,126.9,38.8,9.2,Moderate,Whitefly,42.7
Rice,Vegetative,37.3,36.8,169.6,36.3,18.9,Low,None/Healthy,28.5
Maize,Fruiting/GrainFilling,17.6,56.2,248.0,60.5,14.9,Moderate,Fall Armyworm,35.7
Sugarcane,Fruiting/GrainFilling,40.8,70.0,16.3,54.4,23.8,Moderate,Early Shoot Borer,47.1
Wheat,Maturity,36.0,54.9,155.2,88.9,13.8,Low,None/Healthy,21.5
Rice,Tillering/Branching,37.1,53.2,212.4,94.3,8.4,Low,None/Healthy,27.1
Rice,Tillering/Branching,22.9,81.9,188.9,52.6,17.2,High,Bacterial Blight Risk,67.1
Cotton,Flowering,24.0,93.1,135.6,57.9,16.1,Severe,Boll Rot,96.3
Sugarcane,Tillering/Branching,29.8,54.5,135.1,47.5,20.1,Low,None/Healthy,25.5
Cotton,Maturity,30.4,69.1,95.9,48.7,19.2,Moderate,Whitefly,33.3
Cotton,Vegetative,35.9,71.7,131.3,92.3,6.8,Low,None/Healthy,8.0
Tomato,Tillering/Branching,22.4,79.5,81.3,19.5,5.0,Low,None/Healthy,17.6
Potato,Maturity,22.0,63.3,236.5,46.1,15.4,Low,None/Healthy,27.1
Tomato,Fruiting/GrainFilling,16.3,64.2,16.5,85.7,18.1,Moderate,Whitefly,47.5
Potato,Fruiting/GrainFilling,18.9,76.7,235.2,60.8,2.4,Low,None/Healthy,13.5
Potato,Flowering,39.9,67.2,15.6,47.3,15.8,Moderate,Late Blight Risk,45.5
Maize,Flowering,30.9,30.3,71.2,66.5,19.5,Low,None/Healthy,28.8
Maize,Maturity,32.5,48.0,172.6,70.8,3.1,Low,None/Healthy,5.0
Maize,Flowering,28.5,60.8,193.5,21.8,19.0,Moderate,Fall Armyworm,46.1
Cotton,Vegetative,27.5,97.2,147.4,41.2,21.6,High,Pink Bollworm,74.4
Tomato,Fruiting/GrainFilling,37.6,70.6,234.5,84.3,1.8,Low,None/Healthy,15.3
Sugarcane,Fruiting/GrainFilling,31.2,65.2,42.1,25.3,13.5,Moderate,Pyrilla,42.9
Wheat,Tillering/Branching,29.8,97.6,85.6,42.5,3.2,Moderate,Termites,48.1
Potato,Tillering/Branching,40.6,65.5,52.4,68.4,13.2,Low,None/Healthy,27.5
Soybean,Flowering,39.9,93.2,110.6,18.8,7.4,High,Stem Borer,62.4
Sugarcane,Flowering,23.6,86.4,0.8,66.6,15.9,High,Early Shoot Borer,76.4
Cotton,Maturity,16.4,94.0,114.0,69.0,16.5,Moderate,Spotted Bollworm,55.5
Soybean,Flowering,27.8,59.7,129.3,79.6,15.7,Moderate,Common Aphid,42.9
Sugarcane,Maturity,30.6,76.1,141.0,51.6,15.4,Low,None/Healthy,26.1
Rice,Tillering/Branching,18.4,64.5,12.9,40.7,14.9,Moderate,Yellow Stem Borer,32.5
Rice,Fruiting/GrainFilling,23.2,81.3,118.5,86.9,19.1,High,Brown Planthopper,78.7
Wheat,Flowering,33.0,80.2,185.6,55.3,0.3,Low,None/Healthy,15.7
Maize,Flowering,37.7,37.1,237.5,29.6,9.9,Moderate,Shoot Fly,34.2
Cotton,Tillering/Branching,22.9,35.1,60.8,91.6,7.5,Low,None/Healthy,12.5
Tomato,Vegetative,33.3,49.0,60.5,16.4,8.3,Low,None/Healthy,26.1
Sugarcane,Fruiting/GrainFilling,22.5,77.6,102.9,40.3,22.5,Moderate,Top Borer,36.8
Sugarcane,Flowering,40.7,91.9,29.4,29.7,7.5,Low,None/Healthy,12.5
Soybean,Fruiting/GrainFilling,28.7,48.2,18.6,41.5,11.9,Moderate,Common Aphid,36.2
Potato,Vegetative,18.2,45.4,65.4,20.4,7.8,Low,None/Healthy,5.0
Soybean,Vegetative,34.0,56.3,81.7,25.1,5.4,Low,None/Healthy,5.0
Soybean,Vegetative,34.1,38.9,110.9,65.6,13.3,Moderate,Common Aphid,33.4
Potato,Flowering,23.8,96.4,220.2,84.8,9.6,Severe,Late Blight Risk,90.2
Tomato,Flowering,23.0,41.6,118.8,78.8,8.2,Moderate,Leaf Miner,40.6
Soybean,Maturity,27.6,83.5,25.4,76.9,5.8,Moderate,Common Aphid,48.5
Potato,Tillering/Branching,32.8,42.4,98.5,92.3,2.1,Low,None/Healthy,5.0
Tomato,Flowering,17.4,40.7,151.2,50.5,13.2,Moderate,Fruit Borer,40.6
Tomato,Flowering,24.3,82.3,32.4,60.7,6.6,Moderate,Early Blight Risk,55.8
Soybean,Flowering,24.6,34.6,59.8,67.5,0.3,Low,None/Healthy,26.9
Tomato,Tillering/Branching,25.6,94.7,231.4,67.8,0.2,High,Leaf Miner,62.6
Maize,Maturity,36.1,32.3,196.0,68.3,5.8,Low,None/Healthy,6.8
Rice,Fruiting/GrainFilling,19.7,31.5,89.3,73.1,22.1,Moderate,Leaf Folder,40.2
Maize,Tillering/Branching,23.7,53.9,202.4,73.8,16.5,Moderate,Shoot Fly,32.8
Potato,Maturity,15.3,68.5,157.3,19.0,7.0,Low,None/Healthy,5.0
Rice,Fruiting/GrainFilling,36.2,57.8,18.7,71.5,9.7,Moderate,Brown Planthopper,39.0
Tomato,Flowering,32.0,45.2,97.0,83.5,17.7,Moderate,Leaf Miner,42.2
Tomato,Maturity,28.8,97.7,185.5,64.2,19.9,Severe,Whitefly,83.1
Cotton,Vegetative,22.3,94.8,187.0,16.6,9.6,High,Spotted Bollworm,79.6
Maize,Maturity,17.8,70.9,166.6,28.8,13.1,Low,None/Healthy,27.1
Tomato,Flowering,35.5,71.9,178.8,69.8,3.2,Low,None/Healthy,18.9
Wheat,Vegetative,21.8,57.1,234.8,68.9,6.1,Low,None/Healthy,10.8
Potato,Vegetative,33.2,47.8,129.2,43.9,19.6,Low,None/Healthy,28.2
Cotton,Vegetative,22.4,71.0,51.3,68.8,3.3,Low,None/Healthy,5.3
Tomato,Flowering,38.9,74.5,239.1,79.0,18.4,Moderate,Whitefly,37.7
Potato,Maturity,32.2,41.1,191.6,61.6,22.0,Moderate,Aphids,32.0
Cotton,Tillering/Branching,31.9,79.5,221.3,65.6,0.5,Low,None/Healthy,10.3
Soybean,Maturity,19.4,44.4,199.9,39.8,7.5,Low,None/Healthy,7.5
Tomato,Flowering,30.8,38.8,142.9,77.4,22.3,Moderate,Whitefly,47.4
Tomato,Fruiting/GrainFilling,22.0,57.3,83.2,79.3,22.2,Moderate,Early Blight Risk,38.2
Tomato,Fruiting/GrainFilling,15.9,74.3,123.9,90.0,21.7,Moderate,Whitefly,47.7
Wheat,Fruiting/GrainFilling,22.2,75.4,231.1,88.5,17.3,Moderate,Aphids,33.5
Wheat,Maturity,27.9,62.6,154.3,53.6,23.4,Moderate,Armyworm,35.4
Maize,Flowering,31.3,74.1,193.1,55.2,4.7,Low,None/Healthy,13.0
Potato,Fruiting/GrainFilling,29.3,72.5,211.3,87.8,11.1,Moderate,Cutworm,36.0
Maize,Flowering,23.4,86.0,45.7,25.0,1.1,Moderate,Stem Borer,54.2
Maize,Tillering/Branching,39.5,91.5,230.9,54.7,20.8,Moderate,Fall Armyworm,46.9
Tomato,Maturity,26.1,33.3,207.6,83.3,18.9,Moderate,Leaf Miner,32.3
Soybean,Fruiting/GrainFilling,22.0,87.0,48.4,79.7,19.1,Moderate,Common Aphid,43.2
Soybean,Vegetative,21.3,45.4,116.2,15.7,12.8,Moderate,Common Aphid,32.6
Soybean,Flowering,38.0,85.9,77.3,86.2,22.6,Moderate,Common Aphid,40.4
Cotton,Flowering,24.6,58.2,83.6,32.0,14.8,Moderate,Boll Rot,32.9
Maize,Maturity,19.9,53.3,44.9,21.7,10.7,Moderate,Fall Armyworm,41.9
Tomato,Fruiting/GrainFilling,31.6,54.7,48.0,65.5,21.3,Moderate,Leaf Miner,45.5
Wheat,Maturity,34.3,53.8,199.8,50.0,20.3,Moderate,Armyworm,32.6
Rice,Maturity,32.1,60.7,15.0,54.0,4.0,Low,None/Healthy,5.6
Wheat,Tillering/Branching,26.1,45.8,163.3,38.6,19.7,Moderate,Armyworm,40.4
Sugarcane,Fruiting/GrainFilling,31.7,31.5,54.0,41.2,0.5,Moderate,Top Borer,30.7
Cotton,Tillering/Branching,38.5,33.2,180.2,58.2,19.8,Moderate,Spotted Bollworm,33.8
Wheat,Vegetative,17.2,47.3,15.3,57.4,11.8,Low,None/Healthy,30.0
Tomato,Vegetative,41.2,96.8,131.7,82.6,2.0,Low,None/Healthy,23.9
Soybean,Flowering,33.3,68.4,57.7,20.0,9.3,Moderate,Common Aphid,40.9
Maize,Vegetative,40.1,86.6,5.2,38.9,1.2,Low,None/Healthy,9.4
Wheat,Tillering/Branching,26.6,75.0,58.5,89.7,6.6,Low,None/Healthy,5.7
Tomato,Flowering,15.5,70.7,7.9,58.1,11.0,Moderate,Leaf Miner,34.4
Potato,Maturity,34.1,30.7,79.2,69.4,3.7,Low,None/Healthy,5.0
Sugarcane,Fruiting/GrainFilling,35.9,48.1,93.9,73.4,4.3,Low,None/Healthy,21.1
Sugarcane,Maturity,39.8,67.7,12.2,62.2,2.2,Low,None/Healthy,13.7
Cotton,Vegetative,17.1,54.7,249.8,38.3,3.8,Low,None/Healthy,7.7
Wheat,Vegetative,29.0,60.6,236.7,37.4,7.0,Low,None/Healthy,12.1
Rice,Maturity,36.7,96.1,10.9,94.4,6.1,Low,None/Healthy,6.1
Cotton,Tillering/Branching,15.2,48.1,226.4,66.5,23.6,Low,None/Healthy,27.6
Rice,Vegetative,27.0,73.7,77.8,21.4,17.0,Low,None/Healthy,25.9
Tomato,Flowering,36.5,66.3,55.4,19.1,18.2,Moderate,Fruit Borer,59.9
Tomato,Maturity,20.6,75.6,173.1,26.4,12.8,Low,None/Healthy,22.5
Tomato,Tillering/Branching,41.8,57.5,26.6,80.7,5.1,Low,None/Healthy,5.8
Rice,Flowering,19.3,55.6,26.7,30.8,18.4,Moderate,Leaf Folder,42.8
Cotton,Fruiting/GrainFilling,29.0,80.6,136.2,45.8,10.5,High,Pink Bollworm,76.1
Soybean,Vegetative,28.4,47.2,238.9,54.3,0.2,Low,None/Healthy,16.0
Maize,Fruiting/GrainFilling,22.9,44.9,206.0,31.7,22.2,Moderate,Turcicum Leaf Blight,43.6
Cotton,Vegetative,37.4,86.8,147.4,65.6,22.1,Moderate,Whitefly,46.5
Tomato,Vegetative,37.1,70.7,5.5,44.5,5.5,Low,None/Healthy,15.6
Soybean,Maturity,15.6,59.7,198.4,17.5,20.4,Low,None/Healthy,22.2
Tomato,Fruiting/GrainFilling,18.2,68.6,238.1,58.4,16.5,Moderate,Early Blight Risk,42.6
Tomato,Flowering,40.6,77.6,209.1,53.8,7.7,Low,None/Healthy,22.7
Cotton,Flowering,28.3,90.9,243.6,80.6,23.8,Severe,Boll Rot,93.8
Wheat,Maturity,22.7,72.4,190.8,15.8,7.8,Low,None/Healthy,8.5
Tomato,Fruiting/GrainFilling,37.4,81.6,180.0,43.4,18.8,Moderate,Whitefly,49.1
Wheat,Maturity,26.9,50.1,87.1,56.6,22.5,Low,None/Healthy,29.3
Potato,Flowering,30.6,41.1,37.3,55.2,17.5,Moderate,Aphids,36.0
Sugarcane,Vegetative,28.0,75.3,144.7,50.0,13.0,Moderate,Early Shoot Borer,33.7
Soybean,Tillering/Branching,34.8,30.8,67.6,22.4,24.0,Low,None/Healthy,25.6
Potato,Maturity,30.1,78.5,169.2,16.3,2.9,Low,None/Healthy,21.9
Soybean,Tillering/Branching,35.4,59.9,136.4,76.8,8.2,Low,None/Healthy,28.1
Potato,Maturity,24.0,95.6,193.0,16.6,23.0,Severe,Potato Tuber Moth,88.0
Maize,Maturity,21.7,81.2,8.5,73.3,19.8,Low,None/Healthy,25.4
Rice,Flowering,33.2,73.1,89.3,54.9,15.4,Moderate,Yellow Stem Borer,36.6
Sugarcane,Fruiting/GrainFilling,28.4,54.1,77.5,45.1,14.7,Moderate,Red Rot Risk,42.5
Cotton,Flowering,28.0,33.3,7.0,53.8,13.1,Moderate,Whitefly,37.0
Sugarcane,Tillering/Branching,20.7,93.3,160.6,85.2,7.9,Low,None/Healthy,22.9
Potato,Fruiting/GrainFilling,39.6,36.3,235.7,51.7,23.8,Moderate,Late Blight Risk,45.6
Potato,Tillering/Branching,35.2,40.1,116.6,17.9,16.1,Moderate,Potato Tuber Moth,54.0
Rice,Tillering/Branching,26.7,95.3,7.9,62.3,17.8,High,Bacterial Blight Risk,70.9
Maize,Vegetative,34.6,34.0,133.5,77.6,2.3,Low,None/Healthy,6.6
Soybean,Tillering/Branching,35.7,95.8,232.3,53.5,18.1,Moderate,Common Aphid,53.1
Sugarcane,Fruiting/GrainFilling,36.9,83.6,38.3,33.7,6.4,Low,None/Healthy,22.4
Sugarcane,Maturity,30.7,86.2,78.1,19.0,11.6,High,Red Rot Risk,67.4
Rice,Flowering,24.9,34.4,159.2,81.8,16.0,Moderate,Leaf Folder,35.0
Tomato,Maturity,27.4,40.8,211.0,18.6,6.4,Low,None/Healthy,9.0
Tomato,Flowering,20.2,69.7,37.8,85.7,4.5,Low,None/Healthy,28.3
Soybean,Tillering/Branching,23.8,89.4,111.1,71.0,15.3,Severe,Severe Blight Outbreak,95.2
Sugarcane,Fruiting/GrainFilling,31.8,67.4,224.7,85.5,3.6,Low,None/Healthy,18.8
Rice,Maturity,15.6,75.8,152.1,66.7,5.2,Low,None/Healthy,7.6
Wheat,Tillering/Branching,25.6,36.4,141.0,44.1,4.9,Low,None/Healthy,5.0
Soybean,Vegetative,33.8,38.4,237.1,22.2,22.6,Moderate,Common Aphid,36.0
Rice,Maturity,33.4,92.0,34.8,29.1,6.1,Low,None/Healthy,6.0
Soybean,Fruiting/GrainFilling,15.8,56.0,61.6,63.5,23.6,Moderate,Common Aphid,34.6
Tomato,Fruiting/GrainFilling,26.5,55.0,196.2,20.8,23.0,Moderate,Fruit Borer,31.3
Wheat,Tillering/Branching,32.3,31.3,187.1,41.8,9.3,Low,None/Healthy,26.2
Potato,Flowering,29.1,80.6,68.3,90.1,4.7,Moderate,Potato Tuber Moth,55.9
Tomato,Maturity,35.7,43.6,244.4,88.6,3.9,Low,None/Healthy,7.2
Tomato,Flowering,30.0,60.1,246.1,19.8,15.1,Moderate,Leaf Miner,40.7
Wheat,Tillering/Branching,40.9,71.9,196.2,57.6,14.4,Low,None/Healthy,22.8
Sugarcane,Tillering/Branching,29.2,69.1,167.5,28.6,5.8,Low,None/Healthy,6.7
Wheat,Fruiting/GrainFilling,21.8,67.1,246.7,83.2,6.5,Low,None/Healthy,22.6
Tomato,Flowering,39.8,91.1,40.1,81.3,7.1,Low,None/Healthy,19.2
Sugarcane,Fruiting/GrainFilling,35.5,46.4,170.9,38.5,2.1,Low,None/Healthy,20.1
Soybean,Maturity,31.6,36.1,129.6,56.2,15.1,Low,None/Healthy,25.2
Maize,Tillering/Branching,20.5,76.7,24.4,30.2,12.2,Low,None/Healthy,21.8
Wheat,Vegetative,21.1,63.4,42.7,68.8,8.8,Low,None/Healthy,27.8
Tomato,Maturity,18.8,78.1,220.7,37.2,4.3,Low,None/Healthy,5.0
Maize,Maturity,20.0,32.8,154.8,34.2,4.1,Low,None/Healthy,10.0
Sugarcane,Fruiting/GrainFilling,34.8,90.7,40.8,73.0,10.7,Moderate,Early Shoot Borer,46.7
Rice,Maturity,19.4,63.8,98.3,44.8,15.1,Low,None/Healthy,27.9
Maize,Fruiting/GrainFilling,31.3,78.6,226.2,26.7,6.3,Low,None/Healthy,14.3
Sugarcane,Vegetative,34.5,79.3,170.7,33.2,5.2,Low,None/Healthy,5.0
Wheat,Tillering/Branching,28.3,56.3,75.1,90.8,12.2,Moderate,Brown Rust Risk,32.7
Potato,Flowering,41.4,31.7,180.4,34.8,19.5,Moderate,Potato Tuber Moth,35.2
Maize,Fruiting/GrainFilling,28.1,38.9,181.1,47.5,3.4,Low,None/Healthy,17.1
Maize,Fruiting/GrainFilling,17.8,69.1,151.9,89.4,3.6,Low,None/Healthy,14.0
Soybean,Fruiting/GrainFilling,28.5,45.9,115.3,69.9,11.0,Moderate,Common Aphid,47.7
Potato,Maturity,22.0,53.9,88.7,21.5,10.8,Low,None/Healthy,28.7
Maize,Vegetative,40.8,30.6,48.4,58.5,5.2,Low,None/Healthy,10.5
Tomato,Maturity,22.9,30.1,67.5,32.4,8.2,Moderate,Early Blight Risk,31.5
Tomato,Fruiting/GrainFilling,23.9,36.5,135.9,83.8,20.8,Moderate,Whitefly,34.6
Rice,Maturity,42.0,84.8,87.5,58.4,10.0,Low,None/Healthy,26.6
Wheat,Vegetative,29.4,34.4,64.9,51.9,2.5,Low,None/Healthy,18.0
Rice,Tillering/Branching,18.3,43.6,223.5,95.0,13.2,Moderate,Brown Planthopper,36.2
Tomato,Flowering,34.1,56.1,80.1,94.3,14.2,Moderate,Leaf Miner,42.5
Sugarcane,Flowering,35.8,81.1,164.3,94.8,11.0,Moderate,Pyrilla,44.7
Rice,Maturity,29.8,94.8,220.7,25.3,1.0,High,Bacterial Blight Risk,63.2
Cotton,Flowering,22.0,85.8,69.5,67.6,19.7,Moderate,Whitefly,43.2
Potato,Flowering,30.5,44.6,235.1,35.7,23.8,Moderate,Cutworm,43.3
Sugarcane,Fruiting/GrainFilling,28.1,52.8,48.8,66.9,16.2,Moderate,Pyrilla,40.4
Rice,Vegetative,20.4,32.3,92.5,82.7,1.7,Low,None/Healthy,10.3
Wheat,Fruiting/GrainFilling,33.8,86.9,145.9,29.9,23.1,Moderate,Armyworm,55.9
Tomato,Flowering,36.2,46.3,173.0,73.4,23.2,Moderate,Whitefly,38.6
Rice,Flowering,22.1,38.4,42.4,41.7,9.9,Moderate,Leaf Folder,43.9
Tomato,Maturity,35.4,55.4,12.8,82.4,15.4,Moderate,Whitefly,33.4
Soybean,Flowering,17.0,72.2,61.9,87.3,2.6,Low,None/Healthy,25.6
Rice,Maturity,17.0,69.9,142.2,57.7,23.7,Low,None/Healthy,22.6
Maize,Flowering,34.5,37.7,74.7,37.0,13.8,Moderate,Fall Armyworm,45.8
Wheat,Fruiting/GrainFilling,32.3,37.9,116.3,73.1,16.9,Moderate,Armyworm,33.0
Soybean,Fruiting/GrainFilling,32.1,76.9,57.8,92.6,15.8,Moderate,Common Aphid,43.1
Potato,Maturity,16.7,65.9,138.4,30.1,8.4,Low,None/Healthy,26.2
Tomato,Tillering/Branching,22.7,40.6,248.1,39.2,16.3,Moderate,Fruit Borer,31.4
Sugarcane,Maturity,34.6,40.0,189.3,71.0,4.7,Low,None/Healthy,5.0
Tomato,Flowering,25.3,70.4,93.8,47.1,3.8,Low,None/Healthy,27.2
Wheat,Fruiting/GrainFilling,26.2,84.4,149.8,43.4,4.8,High,Brown Rust Risk,66.1
Wheat,Tillering/Branching,29.8,42.3,191.9,92.4,8.7,Low,None/Healthy,20.3
Cotton,Vegetative,36.4,72.0,16.0,82.1,4.5,Low,None/Healthy,5.0
Wheat,Tillering/Branching,25.2,71.9,19.5,42.6,19.3,Moderate,Brown Rust Risk,34.6
Wheat,Tillering/Branching,24.4,45.6,132.5,25.9,19.1,Low,None/Healthy,29.7
Tomato,Fruiting/GrainFilling,25.8,86.8,123.4,22.6,5.4,High,Whitefly,72.9
Cotton,Fruiting/GrainFilling,35.7,97.0,91.1,66.9,14.7,Moderate,Whitefly,41.5
Wheat,Fruiting/GrainFilling,26.8,88.8,34.8,82.7,0.6,Moderate,Armyworm,57.2
Sugarcane,Flowering,25.7,91.7,136.4,69.5,2.3,High,Top Borer,77.7
Tomato,Fruiting/GrainFilling,29.5,86.6,208.3,27.9,13.2,Severe,Early Blight Risk,91.2
Rice,Fruiting/GrainFilling,22.3,62.2,4.6,19.1,0.4,Low,None/Healthy,21.2
Maize,Fruiting/GrainFilling,30.1,45.9,161.7,85.7,6.7,Low,None/Healthy,22.4
Cotton,Maturity,33.3,90.4,213.8,28.5,21.9,Moderate,Whitefly,49.9
Potato,Maturity,17.6,42.3,121.9,54.6,18.4,Low,None/Healthy,25.7
Wheat,Tillering/Branching,15.6,57.1,191.0,47.0,20.1,Moderate,Armyworm,33.2
Soybean,Tillering/Branching,20.9,55.2,26.2,62.8,4.1,Low,None/Healthy,15.4
Soybean,Vegetative,38.5,74.5,72.4,94.0,22.8,Moderate,Common Aphid,34.4
Soybean,Flowering,36.0,40.9,112.3,74.5,0.5,Low,None/Healthy,23.7
Cotton,Flowering,25.5,67.6,189.3,66.3,7.9,Low,None/Healthy,22.4
Rice,Vegetative,39.4,45.3,171.1,26.3,8.5,Moderate,Brown Planthopper,32.2
Rice,Fruiting/GrainFilling,21.4,58.9,71.1,71.1,12.9,Moderate,Brown Planthopper,39.1
Tomato,Tillering/Branching,24.1,36.3,155.0,42.7,15.1,Moderate,Whitefly,32.4
Maize,Fruiting/GrainFilling,36.8,77.2,8.5,57.3,15.7,Moderate,Turcicum Leaf Blight,35.0
Rice,Flowering,29.5,33.2,215.3,28.6,8.6,Moderate,Yellow Stem Borer,46.2
Tomato,Tillering/Branching,20.7,71.8,53.0,55.6,9.8,Moderate,Fruit Borer,35.4
Tomato,Fruiting/GrainFilling,23.5,65.6,51.5,82.1,24.0,Moderate,Leaf Miner,44.5
Cotton,Maturity,37.9,40.8,34.6,64.2,18.2,Low,None/Healthy,27.7
Soybean,Flowering,29.2,82.5,191.9,67.3,1.9,Moderate,Common Aphid,54.3
Potato,Fruiting/GrainFilling,39.4,31.4,7.4,28.2,15.0,Moderate,Aphids,37.3
Wheat,Flowering,39.1,60.9,11.0,76.1,19.5,Moderate,Armyworm,37.0
Wheat,Fruiting/GrainFilling,17.6,76.1,53.7,20.0,15.9,Moderate,Aphids,46.5
Maize,Tillering/Branching,17.1,34.6,38.3,26.8,10.1,Moderate,Turcicum Leaf Blight,30.9
Maize,Tillering/Branching,31.0,37.9,185.8,79.2,13.1,Low,None/Healthy,29.2
Soybean,Tillering/Branching,15.8,63.3,238.1,35.2,6.4,Low,None/Healthy,13.2
Rice,Vegetative,39.9,75.1,248.3,73.9,16.0,Moderate,Brown Planthopper,31.0
Potato,Fruiting/GrainFilling,34.9,77.7,238.7,73.0,16.7,Moderate,Cutworm,43.5
Maize,Vegetative,35.0,45.6,228.0,57.8,7.2,Low,None/Healthy,11.8
Soybean,Tillering/Branching,24.4,40.1,94.5,65.9,12.1,Moderate,Common Aphid,32.3
Rice,Tillering/Branching,17.8,35.1,126.7,85.8,1.0,Low,None/Healthy,15.3
Rice,Vegetative,33.7,86.2,201.8,77.8,3.1,Low,None/Healthy,25.9
Potato,Tillering/Branching,31.3,78.2,237.8,51.0,3.3,Low,None/Healthy,9.8
Wheat,Vegetative,15.3,88.9,130.9,93.7,9.2,Moderate,Termites,45.6
Sugarcane,Tillering/Branching,37.3,86.4,104.2,73.2,10.7,Moderate,Red Rot Risk,47.4
Tomato,Flowering,32.1,55.8,137.1,84.9,8.3,Moderate,Early Blight Risk,30.7
Soybean,Vegetative,33.6,65.7,219.0,54.9,5.3,Low,None/Healthy,20.1
Tomato,Vegetative,15.3,75.8,66.1,92.4,7.4,Low,None/Healthy,7.5
Rice,Maturity,37.1,89.6,2.8,67.4,16.5,Low,None/Healthy,19.0
Maize,Fruiting/GrainFilling,34.2,75.9,98.4,26.0,12.0,Moderate,Shoot Fly,39.6
Potato,Tillering/Branching,40.0,82.0,185.5,16.2,22.1,Moderate,Aphids,59.9
Wheat,Fruiting/GrainFilling,29.4,78.5,99.1,18.2,5.5,Low,None/Healthy,20.3
Potato,Maturity,40.5,91.8,120.7,40.5,14.4,Moderate,Potato Tuber Moth,49.7
Potato,Maturity,21.1,78.1,167.9,24.8,5.7,Low,None/Healthy,9.4
Soybean,Vegetative,16.7,82.7,189.3,45.5,3.7,Low,None/Healthy,11.4
Tomato,Tillering/Branching,21.8,97.9,66.7,33.5,15.0,Low,None/Healthy,27.9
Cotton,Vegetative,36.9,62.9,36.5,52.2,6.1,Low,None/Healthy,10.0
Soybean,Fruiting/GrainFilling,40.9,54.6,11.6,92.6,19.1,Moderate,Common Aphid,37.2
Soybean,Fruiting/GrainFilling,24.7,68.6,133.7,47.1,15.3,Moderate,Common Aphid,32.5
Potato,Maturity,15.6,85.4,28.3,52.1,13.9,Low,None/Healthy,26.4
Rice,Flowering,18.5,74.4,206.6,86.2,13.9,Moderate,Yellow Stem Borer,48.2
Maize,Fruiting/GrainFilling,24.3,66.7,49.1,91.2,21.5,Moderate,Stem Borer,40.3
Potato,Vegetative,24.0,31.3,10.9,17.4,23.5,Low,None/Healthy,27.6
Cotton,Flowering,29.9,52.3,219.2,84.2,4.3,Low,None/Healthy,21.3
Wheat,Vegetative,31.5,78.3,2.6,17.7,23.7,Low,None/Healthy,26.4
Sugarcane,Maturity,40.3,79.6,93.2,27.1,23.5,Low,None/Healthy,23.5
Maize,Tillering/Branching,38.1,64.4,239.1,25.9,23.4,Moderate,Stem Borer,31.8
Sugarcane,Fruiting/GrainFilling,36.3,77.3,90.9,59.6,22.3,Moderate,Pyrilla,32.9
Soybean,Tillering/Branching,30.9,88.9,163.3,79.1,21.5,High,Stem Borer,76.8
Rice,Flowering,34.4,95.6,215.9,80.2,2.1,Moderate,Bacterial Blight Risk,36.7
Soybean,Flowering,35.8,89.7,228.2,45.3,8.9,Moderate,Common Aphid,47.3
Tomato,Flowering,25.1,75.3,89.6,16.6,10.5,Moderate,Early Blight Risk,32.8
Maize,Maturity,31.3,97.4,136.8,66.8,22.1,High,Turcicum Leaf Blight,79.3
Sugarcane,Fruiting/GrainFilling,29.4,84.4,198.2,70.8,21.3,High,Early Shoot Borer,72.4
Sugarcane,Vegetative,28.8,80.6,99.0,25.4,16.3,High,Pyrilla,62.6
Wheat,Vegetative,30.2,61.9,64.9,27.9,4.5,Low,None/Healthy,11.4
Sugarcane,Flowering,21.6,95.1,128.8,26.7,3.6,Moderate,Early Shoot Borer,43.8
Tomato,Tillering/Branching,16.6,38.1,85.8,24.4,10.2,Moderate,Leaf Miner,32.6
Sugarcane,Maturity,21.5,84.1,49.7,34.9,5.4,Low,None/Healthy,7.0
Wheat,Fruiting/GrainFilling,20.2,55.4,101.4,39.8,12.4,Moderate,Armyworm,41.6
Rice,Fruiting/GrainFilling,33.3,41.3,188.2,33.9,3.5,Low,None/Healthy,19.6
Potato,Maturity,27.8,49.5,246.7,35.0,20.8,Moderate,Potato Tuber Moth,35.6
Soybean,Maturity,24.0,90.1,18.4,81.4,4.0,Moderate,Common Aphid,40.9
Wheat,Vegetative,20.5,37.0,130.2,94.1,0.8,Low,None/Healthy,5.0
Rice,Tillering/Branching,24.0,90.9,4.7,77.0,6.1,Moderate,Bacterial Blight Risk,41.1
Tomato,Vegetative,17.5,37.8,74.5,80.7,3.2,Low,None/Healthy,5.6
Cotton,Vegetative,36.8,95.0,63.8,83.6,18.6,Moderate,Whitefly,35.0
Maize,Maturity,18.0,62.9,26.4,55.0,19.7,Moderate,Shoot Fly,32.9
Soybean,Vegetative,19.6,87.7,104.6,25.9,20.4,Moderate,Common Aphid,42.3
Tomato,Flowering,34.2,60.6,130.8,80.1,11.5,Moderate,Leaf Miner,46.0
Sugarcane,Vegetative,38.6,92.4,237.0,36.8,21.9,Moderate,Early Shoot Borer,45.8
Wheat,Maturity,19.5,75.3,153.7,65.6,5.4,Low,None/Healthy,13.9
Cotton,Tillering/Branching,25.9,67.2,184.7,92.9,23.8,Low,None/Healthy,26.6
Sugarcane,Maturity,39.0,73.5,1.7,71.0,5.7,Low,None/Healthy,10.7
Maize,Maturity,32.8,54.8,127.8,89.8,17.5,Low,None/Healthy,28.4
Rice,Maturity,31.0,93.1,98.4,23.1,7.8,Moderate,Leaf Folder,37.0
Tomato,Tillering/Branching,24.9,65.8,151.1,52.3,21.5,Low,None/Healthy,27.0
Wheat,Vegetative,28.3,75.8,145.5,89.6,15.0,Moderate,Brown Rust Risk,31.6
Cotton,Fruiting/GrainFilling,23.7,86.0,87.9,72.9,18.7,High,Pink Bollworm,77.9
Soybean,Tillering/Branching,41.7,47.0,16.9,41.4,23.3,Low,None/Healthy,29.5
Cotton,Fruiting/GrainFilling,36.5,62.8,220.3,73.9,7.6,Low,None/Healthy,27.3
Soybean,Flowering,41.5,50.5,19.3,83.4,3.6,Low,None/Healthy,20.0
Cotton,Maturity,39.3,95.9,54.2,74.9,22.2,Low,None/Healthy,27.7
Wheat,Vegetative,16.9,30.7,70.6,52.9,0.0,Low,None/Healthy,5.0
Cotton,Vegetative,22.1,66.0,57.5,25.8,21.4,Moderate,Boll Rot,34.4
Rice,Tillering/Branching,37.2,86.1,79.3,15.3,21.9,Moderate,Yellow Stem Borer,53.0
Maize,Maturity,15.7,65.8,24.0,92.1,21.5,Moderate,Stem Borer,31.3
Sugarcane,Fruiting/GrainFilling,23.8,55.3,120.2,28.5,13.9,Moderate,Early Shoot Borer,43.1
Tomato,Tillering/Branching,29.3,92.2,207.8,73.1,3.0,Moderate,Leaf Miner,59.5
Potato,Fruiting/GrainFilling,30.4,93.6,86.3,29.9,22.6,High,Cutworm,63.2
Wheat,Fruiting/GrainFilling,20.7,85.6,218.6,31.8,1.8,Low,None/Healthy,29.5
Wheat,Tillering/Branching,28.0,59.1,190.3,92.6,11.5,Moderate,Brown Rust Risk,35.1
Sugarcane,Vegetative,17.4,79.7,53.8,50.8,23.4,Moderate,Top Borer,32.4
Soybean,Tillering/Branching,31.7,80.6,89.7,94.9,6.7,Moderate,Common Aphid,37.0
Cotton,Vegetative,28.9,84.1,3.2,80.6,4.3,Moderate,Boll Rot,48.3
Maize,Maturity,36.9,51.4,111.0,54.5,20.7,Low,None/Healthy,26.4
Soybean,Maturity,35.9,45.8,83.7,33.3,22.7,Moderate,Common Aphid,31.4
Potato,Fruiting/GrainFilling,21.6,58.9,249.0,23.0,21.2,Moderate,Potato Tuber Moth,40.6
Sugarcane,Vegetative,17.5,70.9,213.8,74.0,9.1,Moderate,Red Rot Risk,31.4
Maize,Tillering/Branching,24.5,72.6,192.5,65.9,19.8,Low,None/Healthy,27.8
Soybean,Flowering,20.2,60.1,237.0,58.0,6.9,Low,None/Healthy,14.4
Tomato,Tillering/Branching,31.6,54.0,134.6,36.9,8.3,Moderate,Leaf Miner,33.4
Sugarcane,Tillering/Branching,30.2,78.0,238.2,88.0,1.4,Low,None/Healthy,18.3
Soybean,Fruiting/GrainFilling,16.3,71.9,177.6,39.7,20.5,Moderate,Common Aphid,43.3
Potato,Flowering,17.4,51.3,88.9,48.8,23.7,Moderate,Cutworm,37.6
Wheat,Flowering,18.7,34.6,197.0,69.1,9.9,Moderate,Brown Rust Risk,39.0
Tomato,Vegetative,34.7,81.8,212.6,30.1,16.9,Moderate,Fruit Borer,34.4
Potato,Maturity,36.0,85.3,148.1,61.5,18.0,Moderate,Cutworm,44.2
Soybean,Vegetative,16.5,65.3,204.7,17.8,8.4,Moderate,Common Aphid,34.3
Sugarcane,Flowering,21.4,66.4,238.3,38.0,11.7,Moderate,Early Shoot Borer,44.3
Potato,Flowering,26.4,73.6,47.6,76.8,7.9,Low,None/Healthy,18.9
Soybean,Flowering,31.3,80.3,204.9,48.3,17.2,High,Stem Borer,79.7
Soybean,Fruiting/GrainFilling,19.9,38.4,121.4,27.8,13.8,Moderate,Common Aphid,47.0
Sugarcane,Tillering/Branching,29.2,32.5,14.4,24.1,3.7,Low,None/Healthy,9.0
Sugarcane,Tillering/Branching,25.9,63.7,26.5,23.2,10.0,Low,None/Healthy,29.5
Wheat,Vegetative,21.9,43.7,122.3,15.9,16.2,Moderate,Armyworm,32.2
Wheat,Flowering,17.8,72.0,43.5,21.0,10.2,Moderate,Termites,43.8
Potato,Fruiting/GrainFilling,17.9,67.9,116.9,69.7,14.5,Moderate,Potato Tuber Moth,41.8
Tomato,Flowering,25.9,94.9,212.4,61.8,0.2,High,Fruit Borer,65.9
Tomato,Vegetative,18.2,57.6,47.9,42.1,0.6,Low,None/Healthy,9.4
Maize,Vegetative,32.5,61.1,141.7,48.3,12.6,Low,None/Healthy,24.7
Wheat,Tillering/Branching,33.3,36.2,166.8,89.5,1.1,Low,None/Healthy,5.0
Maize,Fruiting/GrainFilling,29.3,82.4,139.3,62.4,8.0,High,Turcicum Leaf Blight,62.2
Cotton,Flowering,36.6,73.8,41.8,68.6,9.4,Moderate,Boll Rot,44.1
Cotton,Fruiting/GrainFilling,24.8,36.4,113.4,62.8,9.8,Moderate,Whitefly,39.6
Wheat,Flowering,21.3,55.8,95.1,82.7,2.5,Low,None/Healthy,25.5
Wheat,Vegetative,26.5,50.9,98.8,71.2,2.1,Low,None/Healthy,9.4
Soybean,Fruiting/GrainFilling,20.8,87.0,174.5,16.2,5.6,Moderate,Common Aphid,35.3
Maize,Vegetative,32.4,45.7,111.1,47.4,1.3,Low,None/Healthy,22.5
Wheat,Fruiting/GrainFilling,31.7,95.7,74.5,48.5,9.7,High,Aphids,74.2
Rice,Maturity,15.0,37.5,176.0,69.6,7.7,Low,None/Healthy,13.8
Cotton,Flowering,23.0,79.7,210.6,86.9,4.2,Low,None/Healthy,13.5
Sugarcane,Fruiting/GrainFilling,33.6,57.0,26.0,63.5,19.3,Moderate,Early Shoot Borer,46.6
Sugarcane,Maturity,37.4,71.6,151.2,53.3,13.7,Moderate,Early Shoot Borer,32.0
Wheat,Vegetative,28.1,58.5,87.1,21.9,4.9,Low,None/Healthy,10.4
Maize,Tillering/Branching,16.9,67.0,13.5,55.9,23.2,Moderate,Fall Armyworm,35.5
Tomato,Tillering/Branching,34.8,65.2,201.2,71.4,5.9,Low,None/Healthy,5.3
Potato,Vegetative,30.0,60.7,44.8,32.9,6.7,Low,None/Healthy,15.7
Maize,Maturity,33.6,96.8,96.3,72.0,8.6,Moderate,Stem Borer,35.6
Sugarcane,Tillering/Branching,33.1,95.8,64.1,26.4,0.6,Low,None/Healthy,5.0
Soybean,Fruiting/GrainFilling,29.2,53.8,187.5,87.4,5.1,Low,None/Healthy,17.3
Sugarcane,Vegetative,21.2,68.2,76.6,18.3,7.1,Low,None/Healthy,13.9
Tomato,Tillering/Branching,23.9,42.9,5.8,28.8,4.8,Low,None/Healthy,14.7
Potato,Flowering,17.5,65.8,80.7,87.7,4.5,Low,None/Healthy,24.2
Soybean,Flowering,28.9,60.6,232.2,68.1,8.4,Moderate,Common Aphid,41.1
Soybean,Vegetative,38.5,94.2,113.5,21.4,6.2,Moderate,Common Aphid,46.2
Soybean,Vegetative,30.7,38.3,222.3,64.6,14.3,Low,None/Healthy,26.1
Soybean,Fruiting/GrainFilling,32.0,93.2,71.6,34.2,12.4,High,Stem Borer,67.2
Sugarcane,Maturity,39.0,92.1,41.8,69.4,7.6,Low,None/Healthy,10.2
Wheat,Tillering/Branching,34.8,43.5,234.7,69.7,22.8,Moderate,Aphids,31.8
Tomato,Tillering/Branching,37.2,44.6,6.4,32.4,11.5,Low,None/Healthy,28.6
Rice,Tillering/Branching,20.9,37.7,161.5,93.7,14.4,Moderate,Leaf Folder,32.9
Maize,Maturity,29.7,58.3,215.1,92.6,3.1,Low,None/Healthy,19.1
Sugarcane,Tillering/Branching,34.7,44.5,93.8,87.9,2.7,Low,None/Healthy,14.3
Soybean,Maturity,33.6,68.7,71.9,39.9,20.0,Moderate,Common Aphid,35.2
Tomato,Fruiting/GrainFilling,28.8,76.3,32.5,89.6,6.3,Low,None/Healthy,25.7
Wheat,Vegetative,31.9,92.3,62.3,44.0,5.6,Moderate,Aphids,38.8
Rice,Fruiting/GrainFilling,24.4,70.9,101.1,20.2,22.7,Moderate,Yellow Stem Borer,36.7
Wheat,Flowering,36.1,87.6,192.1,21.0,18.3,High,Termites,70.2
Soybean,Flowering,25.0,84.1,183.0,29.8,13.6,High,Stem Borer,74.7
Sugarcane,Vegetative,34.7,46.4,208.8,52.6,7.8,Low,None/Healthy,7.6
Tomato,Tillering/Branching,34.2,65.1,1.8,88.8,1.6,Low,None/Healthy,11.0
Maize,Vegetative,17.0,46.2,194.4,86.3,12.7,Moderate,Shoot Fly,37.7
Soybean,Flowering,20.3,88.4,113.9,81.8,6.3,Moderate,Common Aphid,35.8
Wheat,Fruiting/GrainFilling,24.6,75.1,23.8,64.8,5.1,Low,None/Healthy,14.6
Sugarcane,Tillering/Branching,39.6,61.3,190.9,22.1,1.4,Low,None/Healthy,25.0
Rice,Fruiting/GrainFilling,20.9,49.6,219.4,48.6,16.3,Moderate,Brown Planthopper,39.7
Wheat,Vegetative,21.5,51.0,11.3,47.8,20.5,Moderate,Brown Rust Risk,33.8
Rice,Vegetative,23.2,91.9,7.5,76.3,21.8,High,Bacterial Blight Risk,63.9
Cotton,Flowering,33.4,36.7,52.0,29.7,12.5,Moderate,Whitefly,43.3
Sugarcane,Vegetative,35.1,42.8,206.2,43.4,8.1,Low,None/Healthy,25.1
Sugarcane,Flowering,41.7,71.6,105.7,22.7,16.8,High,Pyrilla,60.2
Wheat,Vegetative,17.2,74.1,74.2,26.5,12.2,Low,None/Healthy,25.7
Tomato,Fruiting/GrainFilling,20.5,63.6,114.5,61.8,18.5,Moderate,Fruit Borer,34.6
Wheat,Tillering/Branching,25.1,65.8,70.3,16.2,11.5,Low,None/Healthy,28.1
Sugarcane,Tillering/Branching,19.9,62.7,216.8,82.6,23.2,Moderate,Red Rot Risk,44.1
Wheat,Fruiting/GrainFilling,28.1,85.5,143.1,25.6,4.1,High,Brown Rust Risk,65.3
Potato,Vegetative,34.1,55.4,133.1,93.2,7.9,Low,None/Healthy,5.2
Potato,Flowering,37.8,75.4,39.5,34.2,21.9,Moderate,Aphids,42.6
Wheat,Maturity,15.9,48.2,148.9,40.9,20.9,Low,None/Healthy,29.5
Wheat,Vegetative,30.6,52.2,143.8,28.7,0.5,Low,None/Healthy,13.5
Tomato,Tillering/Branching,29.0,76.9,162.5,86.8,11.0,Moderate,Early Blight Risk,31.2
Wheat,Maturity,21.2,54.6,227.6,52.3,14.3,Moderate,Armyworm,40.1
Potato,Flowering,31.2,32.0,247.4,72.3,10.2,Moderate,Cutworm,34.0
Tomato,Vegetative,30.7,79.3,17.3,85.6,6.6,Low,None/Healthy,15.7
Tomato,Fruiting/GrainFilling,24.1,87.1,42.7,17.3,23.3,High,Early Blight Risk,77.6
Soybean,Fruiting/GrainFilling,31.6,68.3,179.4,85.8,13.4,Moderate,Common Aphid,40.9
Cotton,Maturity,31.1,55.4,113.2,91.8,13.3,Low,None/Healthy,29.1
Sugarcane,Flowering,30.5,54.6,87.7,70.0,11.1,Moderate,Early Shoot Borer,34.2
Rice,Flowering,23.1,87.0,195.9,92.8,15.7,Severe,Brown Planthopper,81.0
Tomato,Maturity,21.9,47.8,142.7,47.9,1.9,Low,None/Healthy,12.4
Wheat,Flowering,38.5,56.9,217.7,17.2,16.6,Moderate,Termites,59.7
Tomato,Flowering,18.4,46.1,169.5,61.1,18.2,Moderate,Fruit Borer,45.1
Wheat,Flowering,24.3,86.5,59.4,51.9,4.7,Moderate,Termites,54.1
Potato,Flowering,38.7,96.5,125.5,40.2,6.3,Moderate,Late Blight Risk,39.0
Maize,Flowering,36.3,87.7,25.5,88.9,15.0,Moderate,Turcicum Leaf Blight,42.0
Rice,Maturity,17.5,77.3,102.3,27.1,23.5,Moderate,Yellow Stem Borer,33.9
Tomato,Fruiting/GrainFilling,17.2,51.7,108.9,55.3,20.4,Moderate,Fruit Borer,39.8
Wheat,Fruiting/GrainFilling,29.9,60.4,242.0,52.1,15.4,Moderate,Aphids,38.4
Potato,Maturity,34.4,72.5,128.6,39.0,15.5,Moderate,Late Blight Risk,31.1
Potato,Maturity,25.2,57.2,105.2,53.4,13.7,Moderate,Late Blight Risk,32.9
Rice,Tillering/Branching,25.0,35.3,49.5,41.8,19.1,Low,None/Healthy,27.4
Cotton,Maturity,30.0,71.6,216.4,80.5,6.8,Low,None/Healthy,5.0
Cotton,Flowering,19.2,95.9,168.3,18.4,3.3,Low,None/Healthy,27.7
Sugarcane,Tillering/Branching,19.6,32.0,129.9,90.4,20.1,Low,None/Healthy,29.6
Wheat,Vegetative,20.0,89.1,188.7,36.3,19.3,Moderate,Aphids,46.9
Tomato,Flowering,17.8,34.4,181.2,66.2,21.5,Moderate,Early Blight Risk,43.5
Potato,Flowering,19.8,67.2,234.7,87.1,1.5,Low,None/Healthy,12.9
Soybean,Flowering,40.3,97.9,108.4,33.2,13.4,Moderate,Common Aphid,51.3
Maize,Fruiting/GrainFilling,21.5,38.4,88.0,90.0,2.9,Low,None/Healthy,20.7
Maize,Flowering,19.6,40.3,40.7,68.4,17.9,Moderate,Turcicum Leaf Blight,46.6
Rice,Tillering/Branching,38.8,39.5,31.8,39.3,3.9,Low,None/Healthy,11.6
Tomato,Tillering/Branching,33.0,88.6,163.0,24.5,13.8,Moderate,Whitefly,41.4
Cotton,Vegetative,40.1,80.5,33.5,53.1,7.6,Low,None/Healthy,5.0
Maize,Fruiting/GrainFilling,27.9,44.5,165.1,41.7,15.7,Moderate,Stem Borer,33.2
Tomato,Flowering,33.0,64.6,176.2,51.9,2.8,Low,None/Healthy,17.2
Wheat,Tillering/Branching,34.2,55.0,23.4,80.6,16.4,Low,None/Healthy,26.5
Cotton,Maturity,23.8,36.7,147.8,42.9,6.1,Low,None/Healthy,5.3
Tomato,Flowering,28.0,86.3,212.4,82.9,10.1,Severe,Fruit Borer,96.0
Tomato,Tillering/Branching,40.7,64.1,151.3,63.8,18.8,Moderate,Early Blight Risk,34.3
Sugarcane,Maturity,16.1,60.1,204.5,89.7,5.5,Low,None/Healthy,13.5
Potato,Maturity,36.7,81.2,154.7,16.5,17.4,Moderate,Aphids,58.7
Maize,Fruiting/GrainFilling,41.8,82.4,144.7,89.7,21.8,Moderate,Turcicum Leaf Blight,44.6
Rice,Tillering/Branching,28.8,69.3,61.1,88.8,13.4,Low,None/Healthy,17.0
Maize,Vegetative,23.0,88.6,105.6,30.7,18.0,Severe,Shoot Fly,85.3
Tomato,Tillering/Branching,22.6,65.6,197.3,49.6,4.9,Low,None/Healthy,11.3
Sugarcane,Maturity,18.4,75.9,51.9,55.7,7.3,Low,None/Healthy,6.8
Cotton,Maturity,21.2,58.6,239.9,40.5,15.5,Low,None/Healthy,26.5
Wheat,Vegetative,27.2,72.6,152.2,48.2,14.8,Low,None/Healthy,28.3
Wheat,Maturity,25.2,60.1,216.0,42.9,15.2,Low,None/Healthy,26.6
Cotton,Fruiting/GrainFilling,35.6,61.4,83.8,87.8,3.3,Low,None/Healthy,16.0
Rice,Vegetative,41.0,64.3,193.8,74.9,13.6,Low,None/Healthy,28.3
Maize,Flowering,16.0,55.8,152.6,26.5,4.2,Low,None/Healthy,17.8
Potato,Flowering,18.7,96.5,3.7,41.0,0.8,Low,None/Healthy,21.4
Tomato,Tillering/Branching,31.6,38.4,123.9,68.6,3.6,Low,None/Healthy,15.8
Soybean,Tillering/Branching,39.7,97.7,163.6,83.4,15.5,Moderate,Common Aphid,44.1
Rice,Maturity,37.8,92.4,6.2,23.3,22.3,High,Leaf Folder,60.1
Potato,Vegetative,18.5,38.9,161.9,71.5,22.6,Moderate,Late Blight Risk,30.2
Potato,Vegetative,22.1,38.1,117.5,43.9,23.4,Low,None/Healthy,26.7
Potato,Fruiting/GrainFilling,40.2,94.9,12.7,86.2,11.3,Moderate,Late Blight Risk,39.4
Wheat,Tillering/Branching,41.2,68.0,133.2,17.8,20.2,Moderate,Armyworm,55.4
Sugarcane,Fruiting/GrainFilling,29.5,41.5,112.9,94.6,7.3,Low,None/Healthy,17.1
Sugarcane,Tillering/Branching,17.4,82.1,229.8,89.5,2.6,Low,None/Healthy,8.3
Soybean,Tillering/Branching,17.6,68.9,203.7,58.0,20.9,Low,None/Healthy,26.8
Wheat,Vegetative,15.2,56.9,59.5,90.0,9.7,Moderate,Aphids,34.3
Tomato,Tillering/Branching,29.4,43.8,147.8,55.2,12.2,Moderate,Whitefly,35.2
Sugarcane,Fruiting/GrainFilling,40.1,49.7,109.5,29.9,3.3,Low,None/Healthy,17.9
Maize,Maturity,29.9,92.5,81.5,40.9,13.5,High,Turcicum Leaf Blight,68.5
Potato,Maturity,37.5,71.1,248.5,29.5,4.2,Low,None/Healthy,8.8
Tomato,Tillering/Branching,41.7,53.7,190.5,19.8,7.2,Moderate,Leaf Miner,37.3
Cotton,Tillering/Branching,15.4,84.2,5.8,33.9,6.4,Low,None/Healthy,21.5
Maize,Tillering/Branching,22.7,97.5,145.0,60.3,5.3,Moderate,Fall Armyworm,55.1
Sugarcane,Tillering/Branching,25.0,97.2,42.8,15.1,14.3,High,Top Borer,63.8
Tomato,Tillering/Branching,18.9,61.2,240.8,32.1,15.6,Low,None/Healthy,29.8
Wheat,Flowering,38.3,53.1,24.6,29.3,8.8,Moderate,Aphids,40.6
Wheat,Maturity,24.8,32.9,90.6,68.7,5.1,Low,None/Healthy,7.2
Tomato,Tillering/Branching,28.7,79.4,87.4,74.9,10.5,Moderate,Leaf Miner,33.1
Potato,Tillering/Branching,34.2,56.2,228.2,58.2,8.4,Low,None/Healthy,25.6
Potato,Fruiting/GrainFilling,30.7,84.4,50.3,38.3,2.3,Moderate,Aphids,53.2
Tomato,Maturity,23.9,55.5,35.0,28.2,5.7,Low,None/Healthy,5.0
Wheat,Tillering/Branching,29.2,69.1,140.1,46.9,23.5,Low,None/Healthy,25.0
Soybean,Fruiting/GrainFilling,20.8,49.4,220.3,88.5,20.3,Moderate,Common Aphid,44.0
Soybean,Vegetative,40.3,81.3,69.5,72.4,7.1,Low,None/Healthy,9.2
Wheat,Maturity,34.4,42.2,27.8,59.1,14.9,Moderate,Aphids,32.8
Cotton,Fruiting/GrainFilling,19.6,31.7,65.0,88.3,16.0,Moderate,Spotted Bollworm,40.5
Wheat,Tillering/Branching,25.0,78.0,146.1,18.6,19.1,Moderate,Termites,34.5
Maize,Maturity,25.9,79.1,188.0,72.9,7.0,Low,None/Healthy,11.2
Soybean,Fruiting/GrainFilling,41.4,35.4,181.2,67.8,4.6,Low,None/Healthy,12.2
Potato,Vegetative,30.8,97.6,139.9,58.6,1.0,Moderate,Potato Tuber Moth,55.3
Soybean,Vegetative,17.8,68.0,150.2,40.2,7.1,Low,None/Healthy,5.0
Maize,Flowering,15.7,94.2,17.5,53.1,22.1,Moderate,Stem Borer,41.5
Soybean,Tillering/Branching,30.6,36.0,105.9,41.3,19.6,Moderate,Common Aphid,31.6
Soybean,Fruiting/GrainFilling,30.9,44.0,152.4,68.9,1.7,Low,None/Healthy,16.5
Soybean,Flowering,22.1,95.2,52.6,57.4,17.7,High,Stem Borer,76.3
Sugarcane,Maturity,31.6,85.1,188.2,34.7,6.2,High,Early Shoot Borer,64.8
Wheat,Tillering/Branching,24.8,35.5,87.9,94.3,9.5,Low,None/Healthy,26.1
Wheat,Maturity,37.3,56.3,87.1,49.6,9.6,Moderate,Armyworm,31.8
Soybean,Tillering/Branching,36.9,48.2,245.4,16.2,10.5,Moderate,Common Aphid,52.4
Rice,Tillering/Branching,24.4,58.3,94.6,60.3,1.9,Low,None/Healthy,10.4
Tomato,Tillering/Branching,40.3,93.5,219.8,67.8,5.3,Low,None/Healthy,25.2
Maize,Flowering,29.2,77.3,45.2,89.6,12.7,Low,None/Healthy,29.8
Rice,Maturity,40.2,72.5,120.9,61.4,18.0,Moderate,Yellow Stem Borer,30.4
Sugarcane,Vegetative,25.1,97.5,170.1,48.9,16.3,Severe,Top Borer,82.7
Wheat,Maturity,17.2,30.0,30.1,64.3,16.2,Low,None/Healthy,27.1
Wheat,Flowering,38.3,46.8,209.5,28.5,4.8,Low,None/Healthy,19.6
Sugarcane,Vegetative,39.1,68.0,5.5,65.3,11.1,Moderate,Pyrilla,34.9
Sugarcane,Flowering,29.8,68.2,5.6,84.2,0.7,Low,None/Healthy,23.5
Wheat,Flowering,18.2,31.2,197.4,30.3,8.5,Moderate,Termites,43.8
Cotton,Flowering,29.1,88.5,157.9,16.4,4.2,High,Whitefly,69.0
Sugarcane,Tillering/Branching,25.2,52.4,2.2,91.4,3.3,Low,None/Healthy,6.6
Maize,Fruiting/GrainFilling,40.2,36.8,110.2,16.8,18.5,High,Stem Borer,63.0
Sugarcane,Maturity,27.8,91.7,102.4,56.1,16.7,High,Top Borer,73.1
Sugarcane,Maturity,37.2,77.5,48.8,80.6,18.0,Moderate,Pyrilla,30.5
Rice,Vegetative,21.0,90.7,173.0,23.4,9.8,Moderate,Brown Planthopper,48.9
Tomato,Fruiting/GrainFilling,29.0,47.4,32.8,71.7,0.9,Low,None/Healthy,29.1
Maize,Tillering/Branching,32.5,47.2,45.5,34.5,5.6,Low,None/Healthy,11.7
Cotton,Flowering,34.8,73.8,132.0,36.2,16.9,Moderate,Whitefly,42.1
Soybean,Flowering,21.6,82.0,21.9,30.9,17.7,Moderate,Common Aphid,39.7
Tomato,Fruiting/GrainFilling,28.7,53.6,248.6,43.6,15.0,Moderate,Fruit Borer,31.0
Cotton,Tillering/Branching,30.3,68.7,124.1,79.6,1.2,Low,None/Healthy,11.1
Maize,Maturity,39.9,94.2,217.7,31.9,0.4,Low,None/Healthy,29.7
Potato,Maturity,24.3,51.1,65.4,34.6,17.6,Moderate,Late Blight Risk,30.3
Cotton,Vegetative,29.8,46.1,27.9,24.6,14.5,Moderate,Spotted Bollworm,30.5
Potato,Maturity,41.9,40.2,106.8,76.4,22.9,Low,None/Healthy,28.5
Rice,Tillering/Branching,22.8,59.7,90.0,76.9,6.2,Low,None/Healthy,12.4
Tomato,Fruiting/GrainFilling,21.1,54.6,112.0,38.3,18.4,Moderate,Early Blight Risk,44.7
Cotton,Vegetative,29.1,64.7,54.0,62.4,22.9,Low,None/Healthy,28.9
Rice,Flowering,35.3,89.1,246.7,41.8,8.5,Moderate,Brown Planthopper,58.5
Sugarcane,Maturity,23.0,55.5,105.4,59.7,22.8,Low,None/Healthy,26.7
Maize,Maturity,36.0,76.0,29.0,79.8,2.2,Low,None/Healthy,14.4
Wheat,Tillering/Branching,33.9,73.5,194.1,34.2,10.3,Moderate,Termites,34.9
Tomato,Vegetative,32.1,81.7,35.6,29.0,0.3,Low,None/Healthy,22.0
Sugarcane,Maturity,23.5,59.1,191.6,29.5,4.8,Low,None/Healthy,19.0
Wheat,Flowering,32.7,93.4,31.5,59.9,21.5,Moderate,Armyworm,39.9
Cotton,Flowering,28.9,31.7,26.4,61.9,3.0,Low,None/Healthy,15.3
Tomato,Maturity,35.8,81.0,210.7,23.5,4.8,Moderate,Fruit Borer,37.6
Sugarcane,Fruiting/GrainFilling,36.2,42.9,9.1,70.9,3.5,Low,None/Healthy,23.9
Cotton,Vegetative,35.8,71.0,78.5,66.0,11.4,Moderate,Whitefly,31.2
Potato,Vegetative,19.3,90.8,208.1,89.7,21.0,Moderate,Aphids,44.4
Soybean,Tillering/Branching,23.2,63.8,147.2,77.6,5.4,Low,None/Healthy,9.7
Potato,Tillering/Branching,33.7,69.1,185.3,20.1,23.2,Low,None/Healthy,24.6
Maize,Fruiting/GrainFilling,23.8,76.2,11.3,21.7,1.8,Low,None/Healthy,24.5
Sugarcane,Fruiting/GrainFilling,31.3,53.5,4.7,16.7,21.3,Moderate,Pyrilla,40.9
Sugarcane,Tillering/Branching,19.4,75.9,237.2,44.0,17.6,Low,None/Healthy,23.3
Wheat,Fruiting/GrainFilling,37.2,47.5,70.8,94.9,7.9,Low,None/Healthy,14.9
Wheat,Tillering/Branching,41.7,55.1,91.5,81.2,7.5,Low,None/Healthy,7.9
Potato,Maturity,30.2,73.3,17.7,42.4,16.4,Low,None/Healthy,22.6
Maize,Maturity,28.6,44.8,66.6,28.6,1.4,Low,None/Healthy,17.7
Sugarcane,Maturity,33.9,65.0,35.2,45.7,13.7,Moderate,Red Rot Risk,35.3
Wheat,Flowering,41.4,36.0,205.6,45.3,3.5,Low,None/Healthy,16.1
Rice,Fruiting/GrainFilling,17.9,50.1,140.6,61.4,13.0,Moderate,Brown Planthopper,39.9
Cotton,Flowering,28.2,64.3,73.3,57.0,16.2,Moderate,Spotted Bollworm,36.9
Wheat,Flowering,34.7,66.8,219.3,81.3,12.8,Moderate,Brown Rust Risk,41.3
Maize,Vegetative,27.1,97.7,11.6,25.2,10.6,High,Stem Borer,65.8
Sugarcane,Flowering,32.0,57.8,190.7,25.0,4.6,Low,None/Healthy,25.2
Maize,Vegetative,28.5,48.1,102.1,17.8,0.9,Low,None/Healthy,10.8
Soybean,Vegetative,22.0,32.3,177.2,83.4,3.3,Low,None/Healthy,5.7
Tomato,Vegetative,17.9,74.1,241.9,69.3,23.6,Moderate,Leaf Miner,34.6
Sugarcane,Fruiting/GrainFilling,23.9,47.3,7.3,47.8,0.6,Low,None/Healthy,19.2
Tomato,Tillering/Branching,36.4,51.4,141.9,38.8,22.3,Low,None/Healthy,26.0
Sugarcane,Flowering,18.7,81.8,113.3,33.6,22.1,Moderate,Pyrilla,46.9
Rice,Fruiting/GrainFilling,26.3,70.4,146.6,16.6,5.1,Low,None/Healthy,20.5
Rice,Maturity,19.3,52.6,82.5,80.6,4.7,Low,None/Healthy,6.6
Wheat,Vegetative,32.8,46.9,184.2,45.5,7.5,Low,None/Healthy,10.5
Wheat,Tillering/Branching,33.8,94.2,193.4,81.5,13.1,Moderate,Armyworm,47.7
Potato,Flowering,27.6,51.1,136.9,68.6,14.7,Moderate,Late Blight Risk,39.1
Rice,Vegetative,32.7,76.0,122.9,70.0,22.2,Moderate,Bacterial Blight Risk,31.7
Tomato,Flowering,40.5,65.2,183.2,73.3,13.6,Moderate,Fruit Borer,45.8
Soybean,Maturity,39.8,55.0,229.2,48.9,20.5,Low,None/Healthy,23.8
Wheat,Tillering/Branching,23.4,60.6,106.1,35.8,7.0,Low,None/Healthy,7.3
Maize,Flowering,25.4,78.4,246.7,45.2,11.1,Moderate,Fall Armyworm,34.8
Potato,Vegetative,29.7,42.4,69.4,77.7,10.0,Low,None/Healthy,26.6
Soybean,Tillering/Branching,34.7,62.7,120.6,62.9,18.9,Low,None/Healthy,29.5
Maize,Maturity,19.7,38.3,234.2,61.2,2.2,Low,None/Healthy,13.6
Maize,Vegetative,34.6,92.0,14.1,29.9,0.1,Low,None/Healthy,5.5
Potato,Maturity,31.7,33.0,106.5,55.3,21.8,Low,None/Healthy,24.2
Maize,Maturity,35.3,51.8,189.2,77.8,12.8,Low,None/Healthy,29.6
Soybean,Fruiting/GrainFilling,35.5,85.6,84.3,79.1,19.5,Moderate,Common Aphid,43.9
Soybean,Flowering,17.5,69.1,227.2,17.8,19.8,Moderate,Common Aphid,35.2
Soybean,Vegetative,38.2,87.4,218.8,76.5,20.2,Moderate,Common Aphid,42.3
Maize,Fruiting/GrainFilling,35.0,40.4,45.6,85.3,16.9,Moderate,Shoot Fly,35.5
Wheat,Maturity,19.0,58.3,182.0,36.7,7.5,Low,None/Healthy,5.0
Maize,Maturity,20.1,81.0,200.6,44.9,3.7,Low,None/Healthy,12.8
Soybean,Flowering,34.6,60.6,64.3,16.5,16.1,Moderate,Common Aphid,36.9
Sugarcane,Tillering/Branching,25.0,78.4,231.6,64.6,22.1,Moderate,Early Shoot Borer,32.3
Soybean,Vegetative,30.7,37.4,125.4,89.5,12.2,Low,None/Healthy,19.4
Rice,Fruiting/GrainFilling,29.7,89.4,169.0,48.7,15.6,Severe,Brown Planthopper,90.0
Soybean,Fruiting/GrainFilling,34.0,67.0,93.2,86.3,19.0,Moderate,Common Aphid,41.1
Maize,Fruiting/GrainFilling,30.3,43.1,177.0,37.3,3.6,Low,None/Healthy,17.7
Wheat,Tillering/Branching,28.3,43.6,213.8,15.2,20.2,Moderate,Brown Rust Risk,34.1
Potato,Flowering,39.4,93.7,148.2,29.9,19.6,Moderate,Aphids,55.2
Sugarcane,Maturity,24.4,64.5,175.6,92.1,3.5,Low,None/Healthy,5.0
Cotton,Tillering/Branching,32.1,82.8,244.4,76.5,3.8,Low,None/Healthy,13.7
Sugarcane,Fruiting/GrainFilling,41.3,39.0,97.8,49.4,15.1,Moderate,Top Borer,35.8
Rice,Fruiting/GrainFilling,15.2,37.6,138.5,43.0,19.5,Moderate,Yellow Stem Borer,39.0
Rice,Tillering/Branching,25.6,83.5,141.2,65.8,1.5,Moderate,Leaf Folder,36.6
Soybean,Fruiting/GrainFilling,37.1,41.0,81.5,54.3,14.3,Moderate,Common Aphid,43.6
Maize,Flowering,17.8,58.7,230.7,84.8,14.2,Moderate,Stem Borer,35.2
Wheat,Flowering,21.9,64.1,33.6,51.9,15.0,Moderate,Brown Rust Risk,40.9
Soybean,Flowering,35.3,41.3,120.6,70.5,5.5,Low,None/Healthy,20.6
Maize,Vegetative,30.9,81.2,82.3,54.1,22.3,High,Fall Armyworm,61.1
Maize,Maturity,40.6,94.1,173.4,55.0,4.7,Low,None/Healthy,17.7
Tomato,Tillering/Branching,22.9,38.6,74.1,62.8,20.3,Low,None/Healthy,24.8
Sugarcane,Maturity,39.7,46.6,173.4,73.9,6.6,Low,None/Healthy,9.6
Potato,Vegetative,39.3,94.8,183.8,73.1,5.8,Low,None/Healthy,23.8
Sugarcane,Vegetative,36.7,68.0,170.4,77.4,9.8,Moderate,Top Borer,31.8
Maize,Maturity,28.3,31.7,70.5,79.9,23.4,Low,None/Healthy,27.8
Rice,Vegetative,16.1,93.0,205.7,84.4,22.0,Moderate,Brown Planthopper,37.6
Sugarcane,Vegetative,32.3,52.9,124.0,25.5,23.4,Low,None/Healthy,29.7
Sugarcane,Fruiting/GrainFilling,27.0,60.1,2.2,68.4,12.9,Moderate,Red Rot Risk,46.7
Rice,Maturity,25.7,55.4,102.8,71.8,5.9,Low,None/Healthy,9.9
Soybean,Vegetative,28.2,60.5,15.0,25.7,12.2,Moderate,Common Aphid,32.3
Sugarcane,Maturity,40.1,47.9,35.8,40.8,20.0,Low,None/Healthy,28.4
Rice,Maturity,36.0,78.7,162.8,49.7,8.8,Low,None/Healthy,28.8
Wheat,Tillering/Branching,39.3,86.7,8.1,26.1,20.4,Low,None/Healthy,26.6
Maize,Flowering,16.5,77.7,91.4,44.1,15.4,Moderate,Turcicum Leaf Blight,37.0
Soybean,Flowering,27.2,87.7,73.7,17.9,21.1,High,Stem Borer,79.2
Cotton,Tillering/Branching,24.9,42.6,168.9,21.3,10.2,Moderate,Spotted Bollworm,30.9
Potato,Flowering,19.0,65.6,148.0,24.7,1.8,Low,None/Healthy,16.1
Wheat,Maturity,30.8,42.9,68.8,71.2,6.0,Low,None/Healthy,13.4
Sugarcane,Fruiting/GrainFilling,21.9,70.6,166.5,87.0,13.1,Moderate,Red Rot Risk,39.2
Maize,Tillering/Branching,16.5,72.7,104.2,87.8,23.1,Low,None/Healthy,27.3
Wheat,Maturity,28.0,64.9,143.2,68.0,1.5,Low,None/Healthy,6.0
Rice,Fruiting/GrainFilling,39.7,60.9,26.7,21.9,6.8,Moderate,Yellow Stem Borer,40.9
Wheat,Fruiting/GrainFilling,23.1,70.6,202.6,20.2,22.9,Moderate,Termites,44.4
Rice,Vegetative,28.7,56.2,103.2,62.6,1.4,Low,None/Healthy,7.4
Soybean,Vegetative,25.0,79.1,64.8,19.6,1.3,Low,None/Healthy,6.9
Rice,Flowering,16.0,88.4,174.3,94.7,0.5,Moderate,Brown Planthopper,37.3
Tomato,Flowering,38.2,76.8,218.8,23.4,10.9,High,Leaf Miner,69.1
Tomato,Tillering/Branching,41.0,60.9,195.3,46.1,18.3,Moderate,Whitefly,42.0
Wheat,Flowering,19.3,72.6,142.9,27.3,20.5,Moderate,Brown Rust Risk,35.6
Tomato,Vegetative,26.4,51.9,139.4,46.1,6.2,Low,None/Healthy,8.6
Tomato,Flowering,26.8,46.0,188.1,74.0,0.5,Low,None/Healthy,23.0
Maize,Maturity,39.9,90.4,126.5,54.5,19.5,Moderate,Stem Borer,46.9
Maize,Fruiting/GrainFilling,39.5,47.4,152.9,27.8,9.4,Moderate,Stem Borer,35.5
Tomato,Fruiting/GrainFilling,39.0,57.8,34.4,65.4,21.0,Moderate,Leaf Miner,40.5
Rice,Fruiting/GrainFilling,33.4,76.4,150.2,83.7,1.9,Low,None/Healthy,16.1
Wheat,Fruiting/GrainFilling,38.3,64.2,68.3,74.1,21.5,Moderate,Brown Rust Risk,45.0
Potato,Maturity,40.2,69.3,128.0,93.1,4.9,Low,None/Healthy,13.3
Cotton,Fruiting/GrainFilling,19.4,97.3,163.1,39.5,6.0,Moderate,Whitefly,36.1
Soybean,Tillering/Branching,30.5,40.6,120.4,47.7,11.4,Moderate,Common Aphid,31.8
Tomato,Maturity,17.9,95.6,244.8,49.1,18.9,Moderate,Leaf Miner,41.0
Wheat,Vegetative,27.2,33.2,154.9,67.6,2.4,Low,None/Healthy,11.6
Wheat,Vegetative,36.6,52.6,53.8,60.7,16.5,Moderate,Armyworm,35.3
Wheat,Tillering/Branching,33.8,44.5,199.1,51.5,4.3,Low,None/Healthy,8.3
Tomato,Maturity,31.1,41.6,218.1,83.4,20.1,Moderate,Early Blight Risk,35.9
Tomato,Flowering,20.0,41.8,119.9,22.4,21.5,Moderate,Fruit Borer,38.2
Cotton,Tillering/Branching,34.5,83.6,95.0,34.8,0.6,Low,None/Healthy,16.1
Sugarcane,Vegetative,27.9,93.1,50.6,56.2,5.1,Moderate,Top Borer,47.6
Potato,Fruiting/GrainFilling,41.4,52.7,72.7,26.7,7.9,Low,None/Healthy,26.7
Rice,Vegetative,35.2,74.0,191.5,74.1,11.4,Low,None/Healthy,26.5
Soybean,Vegetative,24.2,49.1,11.0,32.5,21.6,Low,None/Healthy,28.5
Wheat,Tillering/Branching,40.2,70.1,60.1,32.3,13.3,Moderate,Armyworm,31.5
Maize,Tillering/Branching,25.1,40.2,147.8,61.9,20.9,Moderate,Stem Borer,31.0
Wheat,Fruiting/GrainFilling,35.9,36.2,75.1,28.5,12.3,Moderate,Termites,41.0
Potato,Tillering/Branching,25.5,89.7,190.7,42.2,2.6,Moderate,Potato Tuber Moth,55.9
Maize,Vegetative,31.8,41.9,189.9,93.3,18.9,Moderate,Fall Armyworm,32.0
Maize,Tillering/Branching,26.8,88.3,98.1,52.5,10.4,High,Shoot Fly,63.5
Maize,Maturity,28.3,37.4,92.2,59.0,10.0,Low,None/Healthy,19.8
Cotton,Vegetative,16.0,76.7,248.2,88.5,16.4,Low,None/Healthy,27.6
Tomato,Flowering,16.6,78.1,242.5,83.9,12.8,Moderate,Leaf Miner,43.4
Cotton,Maturity,34.8,65.3,82.1,63.5,13.2,Low,None/Healthy,24.9
Tomato,Vegetative,23.2,47.9,238.6,84.0,19.6,Low,None/Healthy,25.4
Cotton,Vegetative,32.5,32.8,91.8,36.1,3.6,Low,None/Healthy,5.0
Potato,Fruiting/GrainFilling,31.1,92.1,36.4,19.8,12.8,High,Aphids,68.9
Sugarcane,Tillering/Branching,38.0,67.3,183.4,68.9,8.3,Moderate,Top Borer,33.1
Soybean,Maturity,19.1,83.0,68.6,22.8,5.6,Low,None/Healthy,12.3
Wheat,Flowering,16.0,39.6,81.0,39.8,19.2,Moderate,Armyworm,38.1
Potato,Fruiting/GrainFilling,37.4,66.8,132.6,86.8,12.2,Moderate,Potato Tuber Moth,42.1
Sugarcane,Vegetative,16.7,76.3,72.2,21.0,11.7,Moderate,Pyrilla,32.4
Sugarcane,Vegetative,17.3,80.6,132.1,50.4,3.1,Low,None/Healthy,6.5
Soybean,Vegetative,37.1,69.5,22.7,41.6,23.5,Low,None/Healthy,21.1
Cotton,Tillering/Branching,19.0,40.6,140.3,34.2,1.2,Low,None/Healthy,11.9
Cotton,Vegetative,15.2,39.1,144.7,54.5,8.7,Low,None/Healthy,28.9
Cotton,Fruiting/GrainFilling,29.2,62.5,84.3,87.7,10.8,Moderate,Whitefly,42.9
Potato,Flowering,16.8,83.1,128.1,67.6,18.5,Moderate,Aphids,38.6
Rice,Fruiting/GrainFilling,32.8,37.0,5.0,22.7,7.7,Low,None/Healthy,24.8
Wheat,Tillering/Branching,32.0,51.5,184.1,18.7,5.2,Low,None/Healthy,5.0
Wheat,Fruiting/GrainFilling,22.9,44.8,99.8,17.1,9.6,Moderate,Armyworm,33.2
Maize,Maturity,15.2,65.2,131.2,24.6,5.6,Low,None/Healthy,25.7
Maize,Tillering/Branching,16.0,69.8,0.8,36.2,12.0,Low,None/Healthy,24.6
Soybean,Fruiting/GrainFilling,18.4,41.5,167.3,45.0,15.0,Moderate,Common Aphid,40.3
Maize,Tillering/Branching,17.5,60.8,94.4,38.6,23.9,Low,None/Healthy,18.9
Wheat,Maturity,25.5,86.4,122.4,84.8,6.4,Moderate,Brown Rust Risk,56.4
Sugarcane,Tillering/Branching,28.4,81.0,106.8,15.2,14.7,High,Top Borer,61.0
Rice,Tillering/Branching,33.3,65.3,220.5,60.4,3.0,Low,None/Healthy,5.8
Wheat,Flowering,32.8,89.5,189.4,39.8,17.2,Moderate,Armyworm,44.7
Maize,Flowering,29.6,72.6,202.3,31.9,3.3,Low,None/Healthy,18.8
Potato,Flowering,35.0,96.2,49.9,77.5,1.1,Low,None/Healthy,17.7
Tomato,Flowering,24.7,53.9,138.7,22.6,7.3,Low,None/Healthy,16.4
Soybean,Flowering,19.6,90.4,218.5,84.0,9.4,Moderate,Common Aphid,51.5
Potato,Tillering/Branching,17.9,48.8,55.0,84.9,23.7,Moderate,Potato Tuber Moth,32.9
Soybean,Maturity,33.5,64.2,85.0,41.5,1.4,Low,None/Healthy,14.0
Sugarcane,Tillering/Branching,39.6,71.6,169.1,15.5,12.0,High,Red Rot Risk,63.7
Sugarcane,Flowering,15.0,52.2,85.0,71.5,16.8,Moderate,Early Shoot Borer,37.1
Tomato,Fruiting/GrainFilling,38.6,88.9,87.1,49.5,10.1,Moderate,Leaf Miner,44.8
Soybean,Maturity,37.6,67.5,122.5,94.0,6.8,Low,None/Healthy,9.3
Tomato,Vegetative,33.4,38.5,88.6,79.1,5.7,Low,None/Healthy,21.6
Potato,Fruiting/GrainFilling,34.7,88.9,98.2,71.5,17.6,Moderate,Cutworm,39.4
Cotton,Flowering,26.4,77.1,243.3,17.3,7.5,Low,None/Healthy,15.6
Cotton,Flowering,28.9,31.3,102.9,64.6,12.1,Moderate,Whitefly,31.2
Soybean,Fruiting/GrainFilling,15.3,49.4,33.9,35.0,8.7,Moderate,Common Aphid,34.1
Cotton,Fruiting/GrainFilling,23.1,39.3,42.2,89.8,10.9,Moderate,Spotted Bollworm,45.9
Tomato,Fruiting/GrainFilling,34.8,77.2,93.9,70.3,8.8,Moderate,Fruit Borer,40.7
Wheat,Fruiting/GrainFilling,35.9,89.2,114.1,44.1,23.6,Moderate,Brown Rust Risk,53.7
Wheat,Vegetative,34.3,42.2,99.9,38.4,4.0,Low,None/Healthy,5.0
Cotton,Maturity,20.3,82.2,78.7,42.4,6.1,Low,None/Healthy,15.9
Maize,Vegetative,27.5,66.0,241.9,87.4,14.6,Moderate,Fall Armyworm,30.5
Tomato,Fruiting/GrainFilling,36.4,61.8,213.0,84.8,8.6,Moderate,Early Blight Risk,37.8
Maize,Flowering,20.3,93.1,108.2,28.3,18.3,Moderate,Turcicum Leaf Blight,52.6
Maize,Flowering,30.4,74.6,28.9,53.1,8.6,Moderate,Turcicum Leaf Blight,38.1
Sugarcane,Fruiting/GrainFilling,23.1,94.0,245.9,81.0,1.8,Moderate,Red Rot Risk,59.7
Potato,Fruiting/GrainFilling,38.8,41.5,84.3,26.6,14.5,Moderate,Late Blight Risk,46.3
Tomato,Fruiting/GrainFilling,34.4,89.0,194.1,34.3,7.7,Low,None/Healthy,28.8
Cotton,Tillering/Branching,21.4,97.7,195.8,83.8,22.1,Moderate,Spotted Bollworm,42.5
Tomato,Maturity,17.2,75.8,145.4,38.3,18.7,Low,None/Healthy,29.7
Wheat,Flowering,39.8,75.5,61.8,63.8,9.7,Moderate,Armyworm,47.7
Sugarcane,Fruiting/GrainFilling,41.7,30.8,112.9,35.1,13.6,Moderate,Top Borer,41.3
Maize,Vegetative,34.0,82.6,31.1,67.1,23.1,Low,None/Healthy,24.8
Rice,Tillering/Branching,16.5,85.1,116.6,51.2,5.4,Low,None/Healthy,13.6
Tomato,Tillering/Branching,22.1,39.6,40.1,84.4,3.0,Low,None/Healthy,9.2
Maize,Flowering,38.4,62.5,249.1,74.0,20.4,Moderate,Fall Armyworm,38.7
Rice,Tillering/Branching,34.2,30.8,77.3,84.6,12.9,Low,None/Healthy,27.9
Soybean,Fruiting/GrainFilling,22.5,49.3,218.3,59.3,14.6,Moderate,Common Aphid,37.2
Sugarcane,Vegetative,32.0,36.4,214.0,76.6,14.2,Low,None/Healthy,29.2
Potato,Flowering,19.6,76.7,240.7,39.8,0.4,Low,None/Healthy,13.9
Maize,Tillering/Branching,39.3,80.7,85.1,37.7,17.7,Moderate,Stem Borer,37.5
Wheat,Fruiting/GrainFilling,34.7,82.3,16.2,30.0,22.2,Moderate,Termites,41.6
Tomato,Fruiting/GrainFilling,28.5,52.7,161.4,86.1,3.0,Low,None/Healthy,15.5
Rice,Fruiting/GrainFilling,21.3,52.2,70.4,62.2,21.3,Moderate,Bacterial Blight Risk,33.5
Rice,Vegetative,20.9,54.6,197.5,74.1,13.8,Moderate,Yellow Stem Borer,33.4
Wheat,Fruiting/GrainFilling,26.1,60.3,75.5,42.3,0.2,Low,None/Healthy,18.7
Potato,Vegetative,36.8,66.6,198.5,25.2,19.7,Low,None/Healthy,20.6
Rice,Vegetative,21.2,70.0,19.6,24.6,15.7,Moderate,Brown Planthopper,38.1
Rice,Fruiting/GrainFilling,38.5,35.6,47.2,37.2,23.9,Moderate,Brown Planthopper,39.6
Potato,Tillering/Branching,17.1,41.2,232.0,60.2,15.2,Moderate,Late Blight Risk,36.4
Maize,Maturity,40.1,76.5,155.4,75.6,13.5,Low,None/Healthy,28.5
Maize,Flowering,16.7,95.0,161.9,91.7,6.5,Moderate,Fall Armyworm,35.7
Sugarcane,Maturity,30.4,56.7,63.3,87.4,2.0,Low,None/Healthy,12.8
Rice,Fruiting/GrainFilling,30.0,90.1,4.0,20.4,3.9,Moderate,Yellow Stem Borer,55.3
Rice,Fruiting/GrainFilling,18.9,94.8,173.4,61.8,7.7,Moderate,Yellow Stem Borer,34.1
Wheat,Flowering,21.6,71.7,91.6,76.4,12.9,Moderate,Armyworm,39.2
Sugarcane,Maturity,37.5,59.0,161.9,38.8,15.2,Low,None/Healthy,22.7
Rice,Vegetative,31.9,50.7,161.0,87.2,3.3,Low,None/Healthy,5.0
Maize,Fruiting/GrainFilling,31.5,32.5,184.8,72.0,1.9,Low,None/Healthy,19.0
Wheat,Fruiting/GrainFilling,23.0,72.4,70.9,46.5,13.2,Moderate,Termites,46.8
Cotton,Vegetative,20.6,76.8,247.3,68.2,1.7,Low,None/Healthy,12.8
Sugarcane,Vegetative,19.9,32.1,83.7,36.3,18.9,Moderate,Pyrilla,37.0
Maize,Maturity,15.8,44.9,93.5,63.6,23.7,Low,None/Healthy,26.2
Soybean,Maturity,16.5,43.3,224.5,71.0,19.0,Moderate,Common Aphid,32.9
Rice,Vegetative,20.3,73.2,10.8,94.5,0.6,Low,None/Healthy,5.0
Sugarcane,Tillering/Branching,17.7,84.3,167.7,40.2,13.1,Moderate,Pyrilla,36.6
Potato,Tillering/Branching,36.2,87.8,33.4,51.4,22.7,Moderate,Aphids,34.0
Sugarcane,Vegetative,28.6,92.7,110.0,82.0,11.9,Severe,Red Rot Risk,81.5
Wheat,Flowering,30.5,66.4,117.4,62.0,23.9,Moderate,Brown Rust Risk,43.9
Potato,Flowering,38.3,45.8,23.7,93.0,10.2,Moderate,Cutworm,40.0
Wheat,Fruiting/GrainFilling,23.1,80.6,137.3,77.3,9.9,High,Termites,74.3
Rice,Tillering/Branching,20.1,84.4,104.3,88.3,1.0,Low,None/Healthy,8.2
Tomato,Maturity,34.3,35.7,86.3,18.7,8.2,Moderate,Leaf Miner,31.5
Soybean,Fruiting/GrainFilling,26.3,60.7,150.3,36.3,18.4,Moderate,Common Aphid,40.7
Sugarcane,Vegetative,20.6,86.2,153.9,66.7,11.9,Moderate,Early Shoot Borer,40.5
Maize,Maturity,25.4,97.3,36.5,58.4,20.8,High,Shoot Fly,76.1
Potato,Vegetative,40.9,36.2,148.5,88.5,22.8,Low,None/Healthy,25.1
Tomato,Vegetative,37.4,53.3,191.8,26.1,22.3,Low,None/Healthy,22.7
Sugarcane,Maturity,20.6,78.9,146.9,64.0,7.3,Low,None/Healthy,7.8
Potato,Maturity,31.8,69.9,84.5,38.7,8.3,Moderate,Late Blight Risk,32.3
Sugarcane,Flowering,28.7,65.8,51.1,72.7,10.1,Moderate,Red Rot Risk,40.0
Tomato,Maturity,23.6,84.2,248.0,67.2,23.6,Moderate,Leaf Miner,59.0
Potato,Fruiting/GrainFilling,15.0,75.0,37.8,93.7,3.9,Low,None/Healthy,20.3
Soybean,Tillering/Branching,33.1,85.7,114.8,89.7,11.5,Moderate,Common Aphid,47.8
Rice,Flowering,26.4,60.4,28.1,66.1,5.1,Low,None/Healthy,12.5
Rice,Maturity,41.9,48.3,35.3,71.0,19.7,Moderate,Yellow Stem Borer,34.9
Potato,Tillering/Branching,37.1,67.2,229.7,53.9,19.0,Moderate,Aphids,38.8
Tomato,Flowering,37.9,37.3,141.2,73.1,18.0,Moderate,Whitefly,33.8
Maize,Maturity,17.5,40.8,203.2,65.2,12.2,Moderate,Stem Borer,40.9
Wheat,Maturity,16.1,41.8,64.8,29.1,4.9,Low,None/Healthy,7.7
Cotton,Maturity,41.1,60.4,231.9,38.9,9.6,Moderate,Whitefly,37.2
Potato,Maturity,19.9,95.9,164.5,20.4,12.7,Moderate,Cutworm,40.8
Tomato,Flowering,37.5,47.1,179.3,47.6,1.4,Low,None/Healthy,24.7
Cotton,Tillering/Branching,23.5,91.5,245.4,31.8,10.3,High,Spotted Bollworm,79.7
Tomato,Vegetative,40.8,50.0,122.2,45.7,15.1,Moderate,Early Blight Risk,31.7
Sugarcane,Maturity,40.4,90.5,152.7,15.1,10.4,Moderate,Red Rot Risk,57.5
Wheat,Tillering/Branching,25.6,40.8,97.7,38.8,14.4,Moderate,Termites,37.5
Maize,Tillering/Branching,29.0,93.4,134.0,24.8,19.8,High,Shoot Fly,77.0
Sugarcane,Tillering/Branching,19.7,48.0,125.5,82.0,6.8,Low,None/Healthy,5.0
Sugarcane,Vegetative,22.3,36.9,231.7,84.8,7.4,Low,None/Healthy,11.8
Soybean,Tillering/Branching,31.2,92.3,127.1,15.2,5.3,Moderate,Common Aphid,58.9
Cotton,Vegetative,15.5,56.8,197.4,82.0,11.5,Moderate,Pink Bollworm,32.6
Potato,Tillering/Branching,25.2,92.7,71.6,52.9,17.9,Moderate,Aphids,58.0
Maize,Maturity,32.9,72.6,166.4,36.7,9.2,Low,None/Healthy,26.9
Potato,Fruiting/GrainFilling,25.3,62.3,40.7,22.2,18.0,Moderate,Late Blight Risk,40.8
Cotton,Fruiting/GrainFilling,29.2,30.2,77.6,84.3,8.0,Moderate,Pink Bollworm,41.4
Cotton,Vegetative,41.0,64.8,117.3,87.1,14.3,Low,None/Healthy,21.8
Cotton,Tillering/Branching,35.7,80.7,46.3,39.1,8.4,Moderate,Boll Rot,32.3
Rice,Tillering/Branching,18.6,52.7,100.2,77.2,7.4,Low,None/Healthy,7.6
Cotton,Maturity,19.9,71.4,3.8,78.4,21.6,Moderate,Boll Rot,39.4
Maize,Maturity,38.7,82.3,245.4,26.1,5.3,Low,None/Healthy,9.8
Cotton,Maturity,15.9,57.4,71.9,36.1,22.9,Low,None/Healthy,27.4
Potato,Maturity,19.7,59.1,244.1,41.8,15.1,Low,None/Healthy,28.2
Soybean,Maturity,29.6,43.1,214.7,40.6,6.9,Low,None/Healthy,15.6
Tomato,Tillering/Branching,25.3,32.1,206.7,42.3,6.0,Low,None/Healthy,6.4
Potato,Fruiting/GrainFilling,34.0,85.3,86.9,80.0,11.2,Moderate,Potato Tuber Moth,51.1
Wheat,Flowering,39.7,84.5,35.1,18.7,2.2,Moderate,Armyworm,50.1
Cotton,Vegetative,33.5,59.2,156.8,80.9,8.2,Moderate,Spotted Bollworm,37.3
Sugarcane,Vegetative,27.2,81.8,19.1,20.7,7.6,Moderate,Red Rot Risk,46.8
Soybean,Flowering,15.7,44.9,108.8,21.4,17.2,Low,None/Healthy,29.5
Wheat,Flowering,41.9,82.7,135.1,76.6,11.4,Moderate,Termites,48.3
Soybean,Fruiting/GrainFilling,25.8,30.2,44.2,25.1,23.0,Moderate,Common Aphid,40.0
Soybean,Maturity,31.4,63.7,185.7,43.3,4.6,Low,None/Healthy,6.3
Potato,Fruiting/GrainFilling,16.5,84.9,25.8,65.0,11.4,Moderate,Aphids,39.5
Potato,Maturity,17.9,68.5,54.6,63.9,5.1,Low,None/Healthy,12.5
Wheat,Vegetative,29.7,88.6,171.3,80.5,6.4,Moderate,Brown Rust Risk,58.6
Cotton,Vegetative,22.2,47.7,141.9,21.3,22.3,Moderate,Pink Bollworm,34.4
Tomato,Vegetative,28.8,62.8,158.1,39.8,15.4,Moderate,Fruit Borer,34.7
Sugarcane,Tillering/Branching,39.7,37.3,186.0,61.3,8.6,Moderate,Pyrilla,32.4
Potato,Flowering,25.5,32.4,108.6,37.5,1.6,Low,None/Healthy,14.8
Tomato,Vegetative,24.9,59.2,23.0,15.4,17.7,Low,None/Healthy,24.8
Tomato,Maturity,23.3,96.9,78.9,63.4,5.3,Moderate,Fruit Borer,58.2
Rice,Flowering,35.0,39.6,205.5,78.5,23.3,Moderate,Yellow Stem Borer,43.0
Tomato,Tillering/Branching,24.2,58.3,117.1,65.2,23.9,Moderate,Whitefly,33.5
Tomato,Maturity,28.6,52.0,244.2,73.1,11.5,Moderate,Leaf Miner,30.8
Rice,Tillering/Branching,15.5,66.9,156.3,93.5,1.0,Low,None/Healthy,5.3
Soybean,Vegetative,21.3,80.9,128.5,32.5,11.9,Moderate,Common Aphid,30.1
Soybean,Vegetative,38.3,30.9,1.8,63.9,23.4,Low,None/Healthy,27.8
Soybean,Vegetative,31.9,85.9,90.5,49.6,2.8,Moderate,Common Aphid,48.1
Wheat,Maturity,36.3,74.0,205.3,93.1,6.0,Low,None/Healthy,7.2
Sugarcane,Fruiting/GrainFilling,32.0,86.8,78.1,25.5,1.0,Low,None/Healthy,14.6
Wheat,Vegetative,29.9,45.6,207.9,73.8,6.6,Low,None/Healthy,5.9
Sugarcane,Vegetative,33.7,46.2,143.1,28.8,17.4,Moderate,Pyrilla,34.0
Soybean,Tillering/Branching,28.9,96.0,40.2,35.0,11.1,High,Stem Borer,71.0
Soybean,Flowering,37.8,97.9,116.4,94.6,17.5,High,Stem Borer,63.4
Cotton,Vegetative,32.3,91.9,237.0,29.3,11.8,Moderate,Pink Bollworm,44.2
Sugarcane,Maturity,24.9,89.1,46.7,50.7,1.1,Moderate,Top Borer,47.9
Soybean,Maturity,39.7,44.6,180.3,62.3,5.7,Low,None/Healthy,9.4
Potato,Vegetative,23.1,85.5,66.1,44.2,9.4,High,Aphids,71.5
Potato,Fruiting/GrainFilling,18.1,68.3,203.5,61.5,7.8,Low,None/Healthy,20.0
Cotton,Maturity,23.6,70.3,164.7,58.9,6.5,Low,None/Healthy,17.6
Wheat,Vegetative,24.0,45.3,236.4,40.2,8.1,Moderate,Termites,36.9
Potato,Maturity,21.8,51.8,75.7,28.7,20.8,Moderate,Cutworm,32.1
Wheat,Flowering,38.9,58.7,140.9,83.7,9.4,Moderate,Brown Rust Risk,36.3
Soybean,Fruiting/GrainFilling,18.7,61.1,177.7,63.3,20.5,Moderate,Common Aphid,44.2
Tomato,Flowering,37.8,32.5,91.5,20.8,22.1,Moderate,Whitefly,55.1
Tomato,Flowering,30.8,79.2,91.0,54.7,17.5,Moderate,Whitefly,38.7
Cotton,Tillering/Branching,34.1,55.3,168.8,66.0,7.9,Low,None/Healthy,15.7
Potato,Fruiting/GrainFilling,20.4,83.2,200.3,35.5,0.1,Low,None/Healthy,22.4
Tomato,Vegetative,33.6,72.3,111.4,39.2,11.4,Moderate,Early Blight Risk,32.0
Potato,Maturity,31.1,44.4,3.1,43.7,23.1,Low,None/Healthy,24.6
Wheat,Tillering/Branching,24.9,92.7,150.6,68.0,7.2,Moderate,Armyworm,58.9
Cotton,Tillering/Branching,23.4,66.4,248.9,50.5,13.2,Low,None/Healthy,26.7
Rice,Maturity,36.7,48.1,42.6,75.3,10.0,Moderate,Bacterial Blight Risk,31.2
Soybean,Maturity,34.7,76.7,160.0,36.4,22.7,Moderate,Common Aphid,33.4
Tomato,Tillering/Branching,19.0,36.4,28.1,91.0,22.8,Low,None/Healthy,25.9
Potato,Maturity,17.4,90.4,0.7,56.8,8.1,Moderate,Late Blight Risk,35.0
Rice,Tillering/Branching,15.9,58.1,207.6,50.5,4.1,Low,None/Healthy,7.2
Sugarcane,Fruiting/GrainFilling,16.3,96.6,37.0,81.4,4.7,Low,None/Healthy,22.8
Sugarcane,Flowering,33.7,94.3,4.9,35.9,18.4,Moderate,Early Shoot Borer,40.0
Potato,Fruiting/GrainFilling,20.7,55.7,245.9,72.9,7.2,Low,None/Healthy,16.9
Wheat,Maturity,21.7,71.5,224.0,59.6,17.6,Moderate,Aphids,36.9
Cotton,Fruiting/GrainFilling,41.8,86.2,139.5,22.8,22.9,High,Boll Rot,66.7
Potato,Tillering/Branching,26.7,68.4,115.6,82.8,0.6,Low,None/Healthy,11.6
Tomato,Maturity,25.6,50.6,97.4,39.7,8.3,Low,None/Healthy,28.8
Cotton,Fruiting/GrainFilling,23.1,85.4,142.0,77.4,22.1,Severe,Whitefly,88.1
Soybean,Vegetative,30.4,83.3,121.6,41.7,3.7,Moderate,Common Aphid,40.5
Wheat,Fruiting/GrainFilling,33.3,32.1,230.2,62.5,8.5,Moderate,Armyworm,39.5
Cotton,Tillering/Branching,41.1,92.4,31.6,24.0,12.9,Moderate,Boll Rot,52.4
Cotton,Maturity,20.6,38.9,148.7,83.2,15.6,Moderate,Whitefly,33.1
Rice,Vegetative,23.5,92.4,206.7,61.3,21.9,Severe,Brown Planthopper,83.6
Sugarcane,Vegetative,31.6,50.7,140.4,32.7,22.7,Moderate,Pyrilla,32.0
Rice,Maturity,20.0,78.8,137.6,59.6,18.1,Low,None/Healthy,28.2
Rice,Flowering,21.5,67.8,207.2,84.8,6.9,Low,None/Healthy,18.8
Soybean,Vegetative,27.5,58.5,3.3,19.1,16.0,Low,None/Healthy,28.2
Soybean,Fruiting/GrainFilling,30.5,37.5,88.0,80.0,4.2,Low,None/Healthy,19.6
Maize,Flowering,23.9,74.8,147.2,27.0,6.0,Low,None/Healthy,13.6
Cotton,Fruiting/GrainFilling,19.2,53.2,167.2,75.5,18.8,Moderate,Whitefly,38.5
Tomato,Fruiting/GrainFilling,35.2,76.0,231.2,26.7,7.7,Moderate,Whitefly,30.7
Wheat,Tillering/Branching,33.6,65.0,187.1,17.4,6.1,Low,None/Healthy,11.9
Soybean,Vegetative,32.7,96.8,120.9,46.6,5.9,Low,None/Healthy,28.3
Tomato,Tillering/Branching,23.3,40.2,35.9,56.5,18.0,Moderate,Whitefly,35.2
Tomato,Flowering,30.9,38.3,53.5,72.4,7.5,Low,None/Healthy,20.9
Tomato,Maturity,30.6,44.6,67.7,64.7,17.8,Low,None/Healthy,29.4
Tomato,Fruiting/GrainFilling,36.3,43.1,38.1,68.2,9.8,Moderate,Fruit Borer,48.5
Tomato,Fruiting/GrainFilling,23.8,91.0,105.4,62.3,2.6,High,Early Blight Risk,71.0
Cotton,Fruiting/GrainFilling,31.0,80.3,14.2,37.0,15.8,High,Boll Rot,74.8
Cotton,Vegetative,26.3,86.2,32.3,25.3,5.4,Moderate,Whitefly,36.9
Maize,Fruiting/GrainFilling,28.7,48.9,245.0,54.4,17.8,Moderate,Fall Armyworm,41.7
Wheat,Flowering,21.0,91.8,42.1,59.7,18.6,Moderate,Termites,36.6
Rice,Maturity,19.7,56.8,178.0,80.2,11.5,Low,None/Healthy,25.2
Tomato,Flowering,22.3,58.5,91.1,42.9,3.2,Low,None/Healthy,21.8
Sugarcane,Fruiting/GrainFilling,24.6,39.9,241.0,16.1,16.4,Moderate,Red Rot Risk,39.8
Soybean,Fruiting/GrainFilling,32.8,95.0,216.1,33.3,21.9,High,Stem Borer,61.7
Sugarcane,Tillering/Branching,26.8,33.5,237.4,20.8,8.4,Low,None/Healthy,25.8
Potato,Tillering/Branching,18.2,87.0,50.9,93.9,22.0,Moderate,Cutworm,38.2
Soybean,Tillering/Branching,30.6,86.0,128.5,39.6,2.2,High,Stem Borer,65.4
Soybean,Tillering/Branching,38.8,78.4,196.5,76.9,2.9,Low,None/Healthy,7.6
Sugarcane,Tillering/Branching,16.8,40.4,214.1,62.1,8.2,Low,None/Healthy,25.5
Potato,Flowering,22.1,69.7,18.7,87.2,5.8,Low,None/Healthy,22.6
Sugarcane,Maturity,40.1,40.7,29.8,40.7,19.9,Moderate,Top Borer,35.2
Tomato,Vegetative,26.5,78.5,74.8,50.8,8.1,Moderate,Leaf Miner,31.2
Cotton,Flowering,32.7,97.0,203.3,30.4,13.9,Moderate,Whitefly,53.0
Wheat,Fruiting/GrainFilling,32.6,43.8,175.6,67.8,9.0,Moderate,Armyworm,42.2
Sugarcane,Maturity,21.4,97.5,96.8,90.2,9.4,Low,None/Healthy,28.9
Sugarcane,Flowering,18.2,88.2,8.0,92.2,10.0,Moderate,Pyrilla,43.2
Maize,Fruiting/GrainFilling,19.8,34.2,91.9,55.5,18.4,Moderate,Stem Borer,33.1
Tomato,Maturity,16.6,58.9,235.1,69.0,15.8,Moderate,Fruit Borer,33.4
Sugarcane,Maturity,35.4,43.8,145.9,75.6,6.1,Low,None/Healthy,5.0
Tomato,Flowering,23.5,45.3,242.4,88.0,10.7,Moderate,Early Blight Risk,42.1
Sugarcane,Fruiting/GrainFilling,15.7,93.0,141.9,69.7,14.5,Moderate,Top Borer,51.7
Sugarcane,Tillering/Branching,39.9,79.8,116.6,35.4,17.9,Low,None/Healthy,20.3
Cotton,Vegetative,26.0,94.7,64.7,54.4,22.8,High,Spotted Bollworm,63.2
Sugarcane,Fruiting/GrainFilling,16.6,94.8,46.9,93.4,4.2,Low,None/Healthy,10.8
Soybean,Vegetative,21.8,95.6,76.4,67.3,3.3,Low,None/Healthy,7.3
Potato,Vegetative,29.6,96.6,105.9,30.6,8.3,Severe,Cutworm,84.2
Maize,Vegetative,33.8,59.2,236.1,53.4,2.9,Low,None/Healthy,16.2
Soybean,Fruiting/GrainFilling,18.5,51.9,57.0,58.1,8.3,Moderate,Common Aphid,42.2
Maize,Flowering,27.3,90.3,134.7,71.8,7.9,High,Turcicum Leaf Blight,67.5
Wheat,Flowering,23.0,76.8,142.2,49.7,17.1,Moderate,Termites,45.8
Tomato,Vegetative,38.1,83.2,204.1,94.2,18.0,Low,None/Healthy,25.1
Wheat,Flowering,16.0,42.9,15.4,55.1,0.7,Low,None/Healthy,24.7
Rice,Vegetative,25.9,32.2,162.7,46.3,0.5,Low,None/Healthy,9.7
Soybean,Maturity,28.8,42.7,90.3,75.1,19.4,Moderate,Common Aphid,33.2
Soybean,Flowering,29.9,94.8,219.5,67.0,11.2,Severe,Severe Blight Outbreak,94.9
Wheat,Flowering,16.7,94.2,136.9,55.2,7.0,Moderate,Brown Rust Risk,36.5
Cotton,Flowering,30.7,79.3,71.0,73.8,4.4,Low,None/Healthy,11.6
Maize,Maturity,35.1,74.9,67.6,24.8,1.0,Moderate,Shoot Fly,33.5
Soybean,Flowering,21.7,67.0,22.6,52.2,4.3,Low,None/Healthy,17.8
Rice,Maturity,24.9,81.8,186.0,48.2,2.8,Moderate,Leaf Folder,45.2
Potato,Fruiting/GrainFilling,29.2,68.4,248.7,17.3,22.0,Moderate,Cutworm,30.9
Sugarcane,Vegetative,22.2,35.1,105.0,64.5,18.9,Low,None/Healthy,29.9
Soybean,Tillering/Branching,36.7,48.1,17.3,40.1,23.6,Low,None/Healthy,25.6
Rice,Maturity,25.7,89.6,8.2,40.1,17.4,High,Yellow Stem Borer,61.7
Rice,Tillering/Branching,20.6,43.1,245.2,70.6,16.5,Low,None/Healthy,27.0
Wheat,Vegetative,16.2,48.7,45.0,71.9,17.2,Low,None/Healthy,29.1
Sugarcane,Maturity,39.2,34.6,24.8,34.6,22.9,Moderate,Top Borer,30.1
Maize,Fruiting/GrainFilling,39.1,55.7,73.5,69.2,16.9,Moderate,Shoot Fly,42.9
Tomato,Maturity,26.6,84.9,234.6,51.4,2.1,Moderate,Early Blight Risk,47.4
Rice,Fruiting/GrainFilling,26.4,90.4,133.0,74.9,4.2,High,Yellow Stem Borer,68.7
Soybean,Fruiting/GrainFilling,33.3,48.7,235.4,20.0,7.6,Low,None/Healthy,18.0
Soybean,Flowering,33.9,63.1,48.2,62.4,13.1,Moderate,Common Aphid,41.2
Soybean,Flowering,22.7,76.7,49.9,75.5,21.9,Moderate,Common Aphid,36.5
Soybean,Tillering/Branching,21.6,57.1,62.5,15.1,15.6,Moderate,Common Aphid,34.6
Cotton,Fruiting/GrainFilling,32.8,93.3,18.6,48.3,17.5,Moderate,Spotted Bollworm,46.2
Soybean,Maturity,19.4,83.3,239.1,76.4,23.1,Moderate,Common Aphid,33.4
Wheat,Flowering,39.5,41.0,203.9,30.7,0.7,Low,None/Healthy,20.8
Cotton,Maturity,39.8,62.4,115.3,25.1,23.3,Moderate,Pink Bollworm,33.0
Tomato,Tillering/Branching,28.9,71.2,118.1,46.0,4.0,Low,None/Healthy,12.3
Maize,Fruiting/GrainFilling,20.0,85.0,100.4,61.2,6.5,Moderate,Shoot Fly,36.6
Maize,Vegetative,39.7,91.8,62.4,72.6,0.7,Low,None/Healthy,12.3
Wheat,Maturity,21.2,84.3,232.8,15.3,5.6,Low,None/Healthy,19.5
Potato,Vegetative,39.1,73.3,64.3,77.7,4.9,Low,None/Healthy,5.0
Wheat,Tillering/Branching,15.2,68.7,22.1,47.6,15.2,Moderate,Armyworm,35.1
Rice,Flowering,24.0,90.1,34.7,50.5,7.5,Moderate,Yellow Stem Borer,58.4
Maize,Vegetative,36.2,88.0,185.4,58.1,18.5,Moderate,Shoot Fly,47.1
Cotton,Tillering/Branching,23.1,48.5,97.9,16.0,23.3,Low,None/Healthy,27.4
Sugarcane,Fruiting/GrainFilling,35.9,47.5,186.7,60.4,10.2,Moderate,Top Borer,40.0
Cotton,Maturity,17.3,91.9,225.7,81.2,5.5,Low,None/Healthy,27.5
Potato,Maturity,30.9,33.5,224.9,94.8,17.0,Moderate,Potato Tuber Moth,31.5
Potato,Maturity,16.2,51.8,99.6,22.6,13.2,Low,None/Healthy,22.4
Rice,Maturity,35.3,96.4,154.8,23.9,2.1,Moderate,Bacterial Blight Risk,53.2
Maize,Vegetative,39.3,46.1,182.0,36.5,17.3,Moderate,Fall Armyworm,36.0
Maize,Maturity,38.9,80.1,144.1,68.9,11.6,Moderate,Stem Borer,32.0
Wheat,Maturity,41.7,97.0,146.6,17.7,9.5,High,Aphids,68.5
Maize,Tillering/Branching,42.0,35.7,142.0,56.2,6.1,Low,None/Healthy,10.7
Potato,Vegetative,25.4,79.0,74.4,85.4,4.0,Low,None/Healthy,12.6
Sugarcane,Tillering/Branching,33.3,33.0,205.2,30.9,12.8,Moderate,Top Borer,33.9
Rice,Tillering/Branching,27.0,89.5,144.0,88.2,7.0,Moderate,Bacterial Blight Risk,53.9
Tomato,Maturity,24.3,45.6,77.5,50.2,5.1,Low,None/Healthy,14.6
Sugarcane,Vegetative,25.8,51.5,104.6,24.3,4.7,Low,None/Healthy,11.3
Wheat,Flowering,36.6,89.6,216.5,90.6,3.0,Moderate,Aphids,40.9
Sugarcane,Vegetative,32.2,87.5,3.5,89.3,19.9,Moderate,Red Rot Risk,40.6
Soybean,Maturity,29.8,46.0,16.9,34.7,14.5,Moderate,Common Aphid,34.0
Tomato,Flowering,24.3,65.0,222.9,45.8,2.0,Low,None/Healthy,14.3
Cotton,Tillering/Branching,19.9,33.3,102.7,24.7,23.5,Moderate,Spotted Bollworm,35.7
Maize,Maturity,34.5,62.4,189.5,53.9,13.3,Low,None/Healthy,27.9
Cotton,Fruiting/GrainFilling,36.0,81.6,76.9,41.3,5.3,Low,None/Healthy,22.9
Soybean,Maturity,21.4,41.7,12.6,18.6,4.5,Low,None/Healthy,13.7
Sugarcane,Maturity,30.0,54.4,111.2,62.5,15.8,Low,None/Healthy,23.6
Maize,Maturity,23.5,31.2,224.8,88.9,1.2,Low,None/Healthy,14.0
Wheat,Fruiting/GrainFilling,37.0,50.5,228.6,32.3,20.7,Moderate,Termites,39.4
Sugarcane,Maturity,33.0,65.2,56.7,65.1,11.4,Low,None/Healthy,29.0
Maize,Flowering,34.2,89.9,135.2,46.5,8.6,Moderate,Stem Borer,57.4
Maize,Maturity,30.7,64.2,198.1,36.4,8.9,Moderate,Turcicum Leaf Blight,33.7
Sugarcane,Maturity,29.5,68.8,138.7,75.4,3.5,Low,None/Healthy,6.9
Sugarcane,Flowering,34.1,89.3,72.0,71.6,10.4,Moderate,Top Borer,51.6
Cotton,Flowering,35.9,69.5,100.4,65.9,17.6,Moderate,Boll Rot,39.1
Sugarcane,Tillering/Branching,30.9,83.1,11.7,71.4,17.7,High,Top Borer,63.6
Sugarcane,Fruiting/GrainFilling,21.6,84.5,12.4,26.7,2.5,Low,None/Healthy,20.8
Cotton,Flowering,28.8,44.3,85.9,43.8,10.8,Moderate,Pink Bollworm,36.7
Wheat,Vegetative,21.5,51.5,191.5,40.9,5.7,Low,None/Healthy,8.0
Rice,Fruiting/GrainFilling,21.7,31.5,122.5,32.9,14.0,Moderate,Leaf Folder,40.7
Soybean,Flowering,32.4,75.3,205.1,70.0,23.4,Moderate,Common Aphid,36.8
Wheat,Fruiting/GrainFilling,33.4,37.2,239.5,87.7,5.7,Low,None/Healthy,19.7
Potato,Vegetative,26.1,76.5,41.4,58.1,3.0,Low,None/Healthy,5.0
Rice,Flowering,33.0,89.6,41.3,86.5,9.4,Moderate,Brown Planthopper,41.1
Potato,Tillering/Branching,17.7,68.4,101.6,62.2,5.6,Low,None/Healthy,11.5
Cotton,Fruiting/GrainFilling,38.3,83.0,39.1,52.4,17.5,Moderate,Pink Bollworm,39.6
Maize,Tillering/Branching,26.5,34.4,80.2,88.4,6.0,Low,None/Healthy,7.6
Tomato,Fruiting/GrainFilling,37.9,87.2,229.8,20.4,14.0,Severe,Fruit Borer,93.8
Wheat,Vegetative,27.4,86.9,79.6,52.0,4.8,Moderate,Armyworm,48.9
Tomato,Vegetative,16.2,38.6,215.8,82.7,8.3,Low,None/Healthy,23.9
Potato,Vegetative,40.3,31.8,145.1,62.8,18.9,Low,None/Healthy,29.3
Tomato,Maturity,33.1,95.8,222.7,68.4,20.6,Moderate,Early Blight Risk,47.2
Wheat,Vegetative,15.4,42.1,157.6,85.8,15.2,Low,None/Healthy,26.4
Tomato,Maturity,27.3,74.3,81.5,61.5,10.2,Moderate,Fruit Borer,31.5
Soybean,Fruiting/GrainFilling,29.5,31.1,118.4,15.2,17.7,Moderate,Common Aphid,35.2
Rice,Vegetative,29.5,37.8,40.0,80.8,8.5,Moderate,Leaf Folder,30.8
Potato,Tillering/Branching,36.4,49.9,216.6,72.8,20.0,Moderate,Aphids,33.2
Soybean,Vegetative,23.4,80.0,137.6,59.8,8.8,High,Stem Borer,73.4
Sugarcane,Fruiting/GrainFilling,20.9,82.3,67.9,15.2,23.9,Moderate,Red Rot Risk,43.1
Sugarcane,Flowering,39.0,49.2,56.1,94.7,5.0,Low,None/Healthy,14.3
Maize,Vegetative,39.2,60.1,159.4,57.3,8.3,Moderate,Fall Armyworm,31.7
Sugarcane,Maturity,40.0,30.1,234.8,51.4,2.5,Low,None/Healthy,8.0
Soybean,Tillering/Branching,39.2,59.8,172.8,93.3,5.8,Low,None/Healthy,7.2
Rice,Vegetative,33.8,66.5,92.6,69.0,13.3,Moderate,Bacterial Blight Risk,34.4
Sugarcane,Flowering,24.5,57.2,195.6,30.0,0.2,Low,None/Healthy,20.1
Maize,Tillering/Branching,37.1,31.8,50.6,27.4,17.7,Moderate,Turcicum Leaf Blight,34.5
Rice,Fruiting/GrainFilling,31.4,51.6,46.7,80.3,9.9,Moderate,Brown Planthopper,37.6
Wheat,Fruiting/GrainFilling,25.6,96.1,247.5,47.8,3.6,High,Brown Rust Risk,70.4
Cotton,Flowering,23.4,57.4,24.9,26.8,6.6,Low,None/Healthy,11.3
Tomato,Tillering/Branching,17.2,51.6,186.3,55.8,22.7,Low,None/Healthy,23.4
Cotton,Fruiting/GrainFilling,28.6,68.4,113.1,51.6,14.2,Moderate,Pink Bollworm,34.5
Cotton,Tillering/Branching,26.6,89.7,226.4,19.0,2.9,High,Whitefly,60.4
Cotton,Maturity,17.0,80.6,173.8,79.2,21.2,Moderate,Boll Rot,33.1
Tomato,Flowering,33.0,70.5,88.1,90.0,8.1,Moderate,Whitefly,42.3
Sugarcane,Fruiting/GrainFilling,19.1,73.5,10.7,45.3,19.4,Moderate,Top Borer,41.9
Maize,Maturity,24.6,53.8,37.8,68.3,4.2,Low,None/Healthy,9.1
Sugarcane,Vegetative,21.7,49.5,85.9,27.2,10.4,Low,None/Healthy,29.3
Rice,Flowering,24.1,74.9,192.3,43.5,6.3,Low,None/Healthy,16.1
Tomato,Maturity,36.3,73.8,9.5,53.4,23.8,Low,None/Healthy,26.0
Maize,Flowering,28.4,40.9,61.8,71.9,3.3,Low,None/Healthy,10.1
Wheat,Maturity,30.5,51.9,119.5,87.3,1.6,Low,None/Healthy,10.9
Soybean,Maturity,16.5,81.8,31.9,92.2,19.2,Moderate,Common Aphid,35.6
Soybean,Maturity,40.0,41.5,247.9,72.3,2.4,Low,None/Healthy,19.1
Wheat,Maturity,26.4,46.9,59.6,89.2,5.6,Low,None/Healthy,11.6
Sugarcane,Fruiting/GrainFilling,31.3,76.7,73.7,63.2,18.6,Moderate,Early Shoot Borer,41.8
Potato,Vegetative,39.7,92.0,192.6,61.6,13.5,Moderate,Aphids,34.3
Cotton,Fruiting/GrainFilling,33.9,78.3,190.8,20.4,9.9,Moderate,Whitefly,38.0
Rice,Tillering/Branching,22.2,34.0,136.0,56.7,7.5,Low,None/Healthy,9.0
Potato,Fruiting/GrainFilling,30.4,47.7,0.5,94.0,11.6,Moderate,Cutworm,40.8
Tomato,Fruiting/GrainFilling,36.0,87.0,35.2,40.2,10.2,Moderate,Fruit Borer,40.8
Sugarcane,Maturity,22.7,76.7,19.5,47.8,11.7,Moderate,Pyrilla,31.9
Potato,Flowering,36.2,57.5,23.0,81.4,11.2,Moderate,Cutworm,41.3
Sugarcane,Flowering,21.2,65.0,170.8,21.8,20.9,Moderate,Pyrilla,40.5
Wheat,Tillering/Branching,29.0,97.8,81.3,57.1,2.8,Moderate,Armyworm,45.1
Sugarcane,Vegetative,39.4,36.3,118.3,67.2,14.6,Moderate,Pyrilla,32.2
Maize,Fruiting/GrainFilling,28.8,89.3,147.5,84.8,23.0,Severe,Fall Armyworm,81.8
Soybean,Fruiting/GrainFilling,25.3,42.3,138.9,34.5,17.7,Moderate,Common Aphid,38.7
Wheat,Tillering/Branching,38.6,54.6,108.6,32.7,10.2,Moderate,Termites,31.7
Maize,Fruiting/GrainFilling,17.6,73.2,146.0,32.6,6.3,Low,None/Healthy,23.4
Maize,Vegetative,22.4,35.6,7.0,57.1,8.1,Moderate,Shoot Fly,33.2
Sugarcane,Tillering/Branching,36.4,51.5,55.9,92.6,19.3,Moderate,Top Borer,37.2
Potato,Vegetative,32.4,97.3,37.5,26.4,11.2,Moderate,Late Blight Risk,34.8
Potato,Tillering/Branching,40.5,67.5,162.4,17.8,23.1,High,Cutworm,64.3
Tomato,Tillering/Branching,26.7,62.3,104.9,83.6,16.3,Moderate,Fruit Borer,39.2
Maize,Tillering/Branching,36.7,30.3,119.7,18.4,7.4,Low,None/Healthy,26.6
Maize,Tillering/Branching,15.7,65.5,193.5,78.2,17.6,Low,None/Healthy,25.0
Sugarcane,Flowering,23.6,78.4,20.2,92.3,4.5,Low,None/Healthy,18.5
Rice,Maturity,18.9,59.8,135.7,71.2,13.7,Low,None/Healthy,18.9
Maize,Maturity,35.7,55.7,246.8,90.8,17.0,Low,None/Healthy,28.7
Cotton,Maturity,32.4,38.7,114.4,52.5,19.3,Moderate,Spotted Bollworm,34.6
Sugarcane,Tillering/Branching,17.4,41.0,84.8,39.4,0.9,Low,None/Healthy,5.3
Cotton,Vegetative,36.3,63.7,93.2,29.8,20.8,Low,None/Healthy,29.2
Wheat,Vegetative,29.0,92.6,116.2,23.6,0.4,High,Brown Rust Risk,61.6
Cotton,Vegetative,27.4,39.5,45.3,82.9,3.9,Low,None/Healthy,5.3
Sugarcane,Vegetative,41.1,34.5,207.6,54.3,0.1,Low,None/Healthy,7.0
Potato,Vegetative,30.5,95.7,196.4,72.8,19.9,High,Aphids,72.3
Potato,Fruiting/GrainFilling,34.0,62.8,33.5,36.2,1.1,Low,None/Healthy,13.4
Rice,Fruiting/GrainFilling,34.8,71.2,169.6,84.3,21.0,Moderate,Bacterial Blight Risk,36.2
Cotton,Maturity,37.6,76.4,36.1,94.0,18.5,Low,None/Healthy,25.5
Potato,Flowering,27.8,50.2,163.7,31.9,21.8,Moderate,Late Blight Risk,43.5
Cotton,Fruiting/GrainFilling,34.6,95.1,101.9,72.5,4.9,Moderate,Whitefly,34.0
Cotton,Tillering/Branching,36.0,46.2,176.9,72.7,15.3,Low,None/Healthy,24.9
Sugarcane,Fruiting/GrainFilling,36.2,72.7,147.6,80.5,5.9,Low,None/Healthy,17.1
Cotton,Maturity,24.1,57.6,123.8,35.3,21.8,Low,None/Healthy,23.2
Tomato,Maturity,38.0,60.3,179.5,23.9,13.1,Moderate,Early Blight Risk,55.5
Rice,Vegetative,22.6,69.3,194.3,54.3,19.9,Moderate,Brown Planthopper,31.3
Sugarcane,Vegetative,31.8,89.1,76.2,93.7,20.3,Moderate,Top Borer,58.0
Maize,Maturity,38.9,49.9,34.5,16.8,7.1,Moderate,Shoot Fly,32.5
Wheat,Tillering/Branching,31.6,55.3,21.7,16.7,10.3,Moderate,Armyworm,36.6
Soybean,Maturity,31.0,34.2,142.0,67.2,3.5,Low,None/Healthy,9.6
Potato,Fruiting/GrainFilling,37.6,79.2,129.4,46.5,10.8,Moderate,Cutworm,41.6
Tomato,Tillering/Branching,32.3,71.0,101.5,30.7,9.0,Moderate,Fruit Borer,37.7
Potato,Tillering/Branching,38.3,96.4,213.9,28.8,3.7,Low,None/Healthy,18.2
Wheat,Maturity,33.0,66.9,99.5,74.0,0.6,Low,None/Healthy,7.4
Tomato,Fruiting/GrainFilling,26.8,83.8,35.6,89.9,21.3,High,Fruit Borer,76.7
Potato,Maturity,33.3,79.6,63.2,28.6,17.3,Moderate,Cutworm,31.3
Cotton,Vegetative,19.3,80.8,0.3,61.4,20.8,Low,None/Healthy,26.6
Soybean,Maturity,21.7,87.6,91.7,61.5,5.4,Low,None/Healthy,5.0
Maize,Fruiting/GrainFilling,16.5,60.0,184.5,76.5,21.0,Moderate,Stem Borer,37.0
Wheat,Vegetative,16.8,39.0,108.5,57.4,22.7,Moderate,Brown Rust Risk,32.3
Maize,Maturity,20.4,53.5,195.3,77.7,17.6,Moderate,Shoot Fly,32.1
Wheat,Tillering/Branching,30.6,76.7,204.7,65.8,15.4,Moderate,Termites,33.8
Rice,Vegetative,40.0,31.7,26.4,50.6,6.3,Low,None/Healthy,5.3
Wheat,Vegetative,36.6,81.6,26.1,68.4,14.6,Low,None/Healthy,28.8
Soybean,Flowering,15.6,69.5,58.0,20.1,21.9,Moderate,Common Aphid,37.6
Cotton,Flowering,19.0,62.4,181.4,57.7,20.4,Moderate,Boll Rot,42.4
Maize,Tillering/Branching,33.7,83.2,99.4,29.0,0.7,Low,None/Healthy,5.0
Sugarcane,Fruiting/GrainFilling,25.4,41.9,127.1,51.8,15.0,Moderate,Pyrilla,44.0
Cotton,Fruiting/GrainFilling,34.0,82.5,30.8,32.9,13.8,Moderate,Whitefly,39.4
Maize,Tillering/Branching,37.8,95.9,127.1,61.4,5.8,Low,None/Healthy,21.8
Wheat,Maturity,26.3,32.9,180.0,37.5,1.2,Low,None/Healthy,8.3
Potato,Vegetative,33.7,84.6,65.7,85.3,23.9,Low,None/Healthy,21.9
Soybean,Flowering,41.6,51.8,2.9,44.4,23.9,Moderate,Common Aphid,47.1
Sugarcane,Flowering,18.9,90.2,103.3,15.3,7.1,Moderate,Top Borer,39.9
Potato,Flowering,35.4,63.8,46.5,19.6,7.5,Moderate,Cutworm,43.3
Sugarcane,Flowering,29.6,70.7,111.3,26.7,13.3,Moderate,Red Rot Risk,46.5
Wheat,Tillering/Branching,35.2,73.7,87.0,28.6,5.4,Low,None/Healthy,7.0
Sugarcane,Maturity,24.1,49.9,112.7,36.1,8.2,Moderate,Red Rot Risk,34.0
Rice,Vegetative,23.6,66.4,87.5,29.1,13.3,Moderate,Brown Planthopper,30.9
Cotton,Flowering,24.3,47.2,89.6,30.5,16.3,Moderate,Spotted Bollworm,37.6
Soybean,Tillering/Branching,31.8,84.2,0.8,51.0,20.9,High,Stem Borer,71.2
Tomato,Fruiting/GrainFilling,19.1,82.7,28.1,73.2,23.8,Moderate,Early Blight Risk,35.6
Wheat,Maturity,31.3,47.4,91.3,86.2,12.0,Low,None/Healthy,23.8
Maize,Flowering,26.2,88.2,60.2,64.7,20.9,High,Stem Borer,77.0
Rice,Fruiting/GrainFilling,30.6,69.8,194.9,32.8,12.7,Moderate,Bacterial Blight Risk,36.8
Soybean,Fruiting/GrainFilling,34.6,75.4,195.0,53.1,12.3,Moderate,Common Aphid,38.6
Tomato,Flowering,32.0,80.8,166.1,66.2,21.9,Moderate,Fruit Borer,35.2
Cotton,Vegetative,24.7,39.7,123.5,93.7,4.9,Low,None/Healthy,5.0
Maize,Tillering/Branching,19.0,59.6,84.4,46.1,18.1,Moderate,Stem Borer,30.9
Cotton,Tillering/Branching,31.0,86.0,74.7,35.5,19.1,High,Pink Bollworm,65.3
Sugarcane,Fruiting/GrainFilling,15.0,75.3,39.3,91.6,14.5,Moderate,Early Shoot Borer,41.8
Rice,Maturity,37.9,71.4,88.4,62.5,15.5,Moderate,Leaf Folder,32.0
Rice,Fruiting/GrainFilling,16.7,55.9,56.9,82.1,2.5,Low,None/Healthy,27.0
Potato,Vegetative,24.1,71.2,93.4,31.2,7.8,Low,None/Healthy,5.0
Cotton,Tillering/Branching,28.7,53.8,22.2,33.7,4.4,Low,None/Healthy,14.1
Rice,Fruiting/GrainFilling,41.2,90.1,124.5,48.2,22.0,Moderate,Leaf Folder,58.6
Wheat,Maturity,24.1,53.9,119.4,48.8,22.4,Low,None/Healthy,27.9
Tomato,Vegetative,18.6,49.0,239.7,71.4,0.2,Low,None/Healthy,11.1
Cotton,Maturity,39.9,96.2,15.6,88.8,2.0,Low,None/Healthy,15.9
Soybean,Vegetative,34.6,32.7,33.2,89.9,2.0,Low,None/Healthy,6.3
Soybean,Maturity,37.6,73.6,87.9,28.3,21.2,Low,None/Healthy,21.8
Soybean,Tillering/Branching,30.0,87.1,234.1,37.3,6.9,High,Stem Borer,61.9
Tomato,Tillering/Branching,19.7,61.0,124.6,53.3,19.4,Moderate,Whitefly,34.8
Rice,Vegetative,38.5,61.7,226.7,50.5,21.7,Moderate,Bacterial Blight Risk,30.8
Cotton,Fruiting/GrainFilling,39.5,71.8,166.8,23.7,1.6,Moderate,Whitefly,44.7
Wheat,Flowering,39.7,96.3,224.5,94.9,20.9,Moderate,Termites,55.9
Cotton,Flowering,21.8,97.0,160.8,55.1,18.8,High,Pink Bollworm,62.8
Cotton,Flowering,41.5,71.9,105.2,55.0,2.4,Low,None/Healthy,23.8
Tomato,Fruiting/GrainFilling,33.2,63.9,85.2,54.6,19.5,Moderate,Whitefly,37.0
Soybean,Maturity,17.6,42.1,104.2,74.0,6.5,Low,None/Healthy,5.0
Sugarcane,Vegetative,40.1,50.1,198.7,27.6,4.3,Low,None/Healthy,5.0
Wheat,Flowering,16.4,70.6,151.1,20.3,17.6,Moderate,Brown Rust Risk,38.7
Cotton,Flowering,24.9,87.0,99.2,51.5,9.9,High,Whitefly,72.6
Cotton,Fruiting/GrainFilling,22.8,30.9,93.6,20.0,0.9,Low,None/Healthy,14.4
Wheat,Flowering,29.2,35.7,2.3,71.2,9.6,Moderate,Brown Rust Risk,37.8
Cotton,Fruiting/GrainFilling,37.2,68.2,66.2,66.5,10.5,Moderate,Spotted Bollworm,31.2
Rice,Maturity,41.2,79.9,65.0,61.5,21.6,Moderate,Yellow Stem Borer,30.7
Wheat,Tillering/Branching,26.1,53.8,31.0,17.8,7.1,Low,None/Healthy,11.3
Cotton,Maturity,27.6,87.7,99.2,55.2,1.0,Moderate,Spotted Bollworm,47.6
Wheat,Fruiting/GrainFilling,22.7,67.8,12.9,33.0,8.5,Moderate,Aphids,37.7
Cotton,Vegetative,20.2,97.5,103.8,89.2,3.9,Low,None/Healthy,26.4
Soybean,Vegetative,32.4,58.7,202.9,49.5,13.7,Low,None/Healthy,23.0
Sugarcane,Tillering/Branching,35.3,96.0,158.1,70.3,22.6,Moderate,Early Shoot Borer,35.0
Potato,Flowering,20.8,53.2,195.5,87.3,10.8,Moderate,Aphids,40.9
Wheat,Fruiting/GrainFilling,39.9,87.2,49.6,40.4,12.4,Moderate,Brown Rust Risk,33.4
Wheat,Maturity,25.5,58.4,29.2,15.8,1.7,Low,None/Healthy,11.6
Cotton,Vegetative,21.5,34.7,64.1,57.3,17.8,Moderate,Boll Rot,38.8
Maize,Maturity,19.8,62.4,158.0,56.6,10.8,Low,None/Healthy,23.1
Cotton,Vegetative,40.4,71.6,109.9,75.4,12.3,Low,None/Healthy,29.2
Sugarcane,Vegetative,37.7,85.3,244.3,54.1,3.4,Low,None/Healthy,21.6
Maize,Flowering,16.9,96.2,189.6,93.6,9.1,Moderate,Stem Borer,55.1
Tomato,Flowering,24.1,85.7,79.7,21.2,4.3,Moderate,Leaf Miner,53.2
Potato,Maturity,19.8,33.5,212.8,42.1,10.3,Low,None/Healthy,29.5
Potato,Flowering,16.6,60.1,163.7,36.5,17.2,Moderate,Aphids,43.9
Wheat,Flowering,19.4,81.5,233.1,74.3,9.7,Moderate,Aphids,38.5
Sugarcane,Maturity,37.6,95.3,33.9,45.1,22.5,Low,None/Healthy,29.0
Tomato,Fruiting/GrainFilling,29.5,80.8,52.6,93.3,18.7,High,Leaf Miner,75.9
Rice,Flowering,16.3,96.2,124.5,52.0,22.9,Moderate,Bacterial Blight Risk,57.2
Wheat,Flowering,20.9,57.0,239.5,30.2,7.1,Low,None/Healthy,18.0
Cotton,Flowering,35.3,84.1,102.9,93.8,16.3,Moderate,Spotted Bollworm,34.9
Tomato,Maturity,40.9,35.2,99.3,67.9,22.7,Moderate,Whitefly,34.8
Soybean,Tillering/Branching,23.5,84.1,111.2,53.0,1.6,Moderate,Common Aphid,45.0
Wheat,Maturity,17.2,50.4,31.7,41.8,5.5,Low,None/Healthy,6.2
Maize,Maturity,28.4,86.9,134.7,33.3,17.7,High,Stem Borer,77.7
Rice,Fruiting/GrainFilling,40.5,47.4,207.6,80.3,3.9,Low,None/Healthy,17.1
Sugarcane,Maturity,34.7,46.1,29.3,55.6,12.9,Low,None/Healthy,29.8
Rice,Fruiting/GrainFilling,35.5,77.3,211.4,32.8,13.7,Moderate,Yellow Stem Borer,41.8
Rice,Fruiting/GrainFilling,35.8,78.9,122.9,50.5,12.6,Moderate,Bacterial Blight Risk,39.5
Wheat,Maturity,17.1,86.5,199.0,51.5,2.9,Low,None/Healthy,29.2
Maize,Fruiting/GrainFilling,22.6,32.2,63.7,49.2,3.7,Low,None/Healthy,29.3
Wheat,Flowering,33.3,60.9,138.8,89.6,12.8,Moderate,Brown Rust Risk,34.9
Cotton,Fruiting/GrainFilling,20.5,36.7,144.7,79.4,6.3,Low,None/Healthy,16.5
Potato,Vegetative,26.8,74.4,101.7,71.7,8.1,Moderate,Cutworm,39.3
Sugarcane,Vegetative,38.1,41.2,57.9,56.0,9.8,Low,None/Healthy,29.5
Wheat,Tillering/Branching,39.9,92.4,57.5,39.2,3.9,Low,None/Healthy,9.2
Sugarcane,Maturity,36.7,64.9,29.9,50.0,15.1,Moderate,Pyrilla,33.5
Rice,Fruiting/GrainFilling,18.2,50.7,183.4,85.4,1.1,Low,None/Healthy,20.6
Soybean,Vegetative,19.2,67.3,243.6,65.5,10.8,Low,None/Healthy,28.1
Rice,Maturity,20.7,58.2,131.9,55.4,22.1,Low,None/Healthy,28.7
Soybean,Fruiting/GrainFilling,20.9,55.8,132.7,93.1,12.8,Moderate,Common Aphid,39.4
Cotton,Fruiting/GrainFilling,33.7,67.3,168.7,43.8,4.6,Low,None/Healthy,17.9
Potato,Tillering/Branching,32.3,80.2,30.7,35.6,4.7,Low,None/Healthy,15.5
Maize,Flowering,33.4,60.7,206.5,72.3,21.9,Moderate,Fall Armyworm,40.1
Cotton,Tillering/Branching,23.8,58.5,198.6,54.5,11.8,Low,None/Healthy,25.9
Rice,Maturity,23.6,68.6,37.2,49.7,21.7,Low,None/Healthy,27.7
Tomato,Vegetative,32.4,63.7,192.1,71.1,6.0,Low,None/Healthy,5.7
Potato,Fruiting/GrainFilling,31.2,93.1,195.7,62.6,21.7,Severe,Late Blight Risk,92.6
Tomato,Maturity,24.9,32.6,126.0,47.1,17.3,Moderate,Fruit Borer,42.3
Rice,Tillering/Branching,22.7,89.3,151.1,59.3,4.5,Moderate,Yellow Stem Borer,59.8
Soybean,Tillering/Branching,16.6,44.7,15.8,19.5,10.7,Low,None/Healthy,27.2
Tomato,Tillering/Branching,33.3,47.8,2.8,51.1,9.1,Low,None/Healthy,27.3
Sugarcane,Tillering/Branching,26.2,68.3,73.5,31.7,3.4,Low,None/Healthy,16.6
Potato,Flowering,16.3,69.7,44.0,45.2,6.5,Low,None/Healthy,25.1
Sugarcane,Maturity,29.6,75.5,7.5,24.8,2.3,Low,None/Healthy,11.9
Rice,Tillering/Branching,22.0,66.2,28.7,89.8,20.5,Moderate,Leaf Folder,31.8
Rice,Vegetative,33.7,97.7,105.4,55.8,1.8,Low,None/Healthy,27.1
Sugarcane,Flowering,17.7,93.3,26.8,84.6,18.9,Moderate,Pyrilla,40.6
Cotton,Vegetative,22.8,78.2,123.2,64.3,0.2,Low,None/Healthy,10.0
Tomato,Vegetative,40.7,75.5,213.0,53.3,0.5,Low,None/Healthy,16.1
Rice,Vegetative,40.8,92.1,70.0,67.7,20.5,Moderate,Brown Planthopper,39.1
Potato,Flowering,35.5,30.4,169.7,54.1,9.0,Moderate,Aphids,34.9
Wheat,Fruiting/GrainFilling,26.8,75.7,113.4,78.7,15.4,Moderate,Aphids,37.5
Potato,Vegetative,28.8,81.0,66.5,42.8,17.4,High,Late Blight Risk,60.5
Cotton,Maturity,21.6,66.9,176.9,79.3,22.1,Moderate,Pink Bollworm,30.5
Rice,Maturity,18.8,33.9,134.0,37.7,6.8,Low,None/Healthy,11.8
Sugarcane,Maturity,38.5,70.7,212.2,52.5,12.0,Moderate,Top Borer,33.8
Cotton,Flowering,22.4,83.4,71.9,37.0,1.4,Moderate,Whitefly,55.3
Sugarcane,Tillering/Branching,36.6,94.3,187.0,28.9,9.4,Moderate,Early Shoot Borer,39.8
Potato,Maturity,35.6,76.9,85.4,26.7,12.4,Moderate,Cutworm,32.9
Maize,Flowering,21.1,79.6,186.3,52.8,22.7,Moderate,Turcicum Leaf Blight,47.3
Wheat,Fruiting/GrainFilling,40.8,65.1,235.0,66.4,11.6,Moderate,Armyworm,45.9
Potato,Flowering,25.5,37.1,215.8,88.8,11.6,Moderate,Potato Tuber Moth,48.3
Cotton,Maturity,16.5,73.0,235.4,47.2,21.5,Low,None/Healthy,27.9
Rice,Maturity,29.0,92.5,47.4,25.0,5.8,Moderate,Yellow Stem Borer,46.9
Cotton,Fruiting/GrainFilling,32.4,50.1,248.1,38.3,5.2,Low,None/Healthy,9.9
Tomato,Flowering,26.1,72.6,20.3,75.5,18.4,Moderate,Fruit Borer,39.1
Potato,Maturity,23.0,43.1,77.9,80.3,1.4,Low,None/Healthy,13.4
Maize,Tillering/Branching,27.7,53.1,129.8,73.3,0.0,Low,None/Healthy,11.2
Cotton,Vegetative,38.9,66.8,30.6,68.7,3.3,Low,None/Healthy,5.4
Sugarcane,Maturity,36.6,97.9,64.4,19.9,10.6,Moderate,Red Rot Risk,55.1
Tomato,Fruiting/GrainFilling,31.1,70.3,10.8,50.4,12.7,Moderate,Whitefly,43.1
Cotton,Fruiting/GrainFilling,25.9,77.2,101.0,17.9,20.2,Moderate,Spotted Bollworm,38.1
Cotton,Vegetative,32.2,93.1,211.2,20.5,20.3,Moderate,Boll Rot,34.8
Sugarcane,Maturity,38.1,71.5,232.3,56.4,17.7,Low,None/Healthy,26.7
Cotton,Maturity,16.8,64.5,197.4,57.3,4.0,Low,None/Healthy,13.9
Cotton,Tillering/Branching,34.7,83.4,22.7,61.5,9.0,Low,None/Healthy,29.5
Potato,Vegetative,24.7,97.1,202.2,66.7,5.5,Moderate,Potato Tuber Moth,50.7
Sugarcane,Vegetative,35.9,45.2,23.1,62.8,13.2,Low,None/Healthy,24.4
Rice,Vegetative,31.7,64.0,123.4,88.9,12.8,Low,None/Healthy,22.8
Wheat,Fruiting/GrainFilling,15.7,67.9,96.0,63.3,8.6,Moderate,Termites,43.6
Sugarcane,Tillering/Branching,17.2,49.8,181.6,85.7,1.1,Low,None/Healthy,7.9
Cotton,Flowering,31.1,47.0,102.6,81.4,4.8,Low,None/Healthy,14.0
Maize,Vegetative,26.1,37.5,204.9,91.5,6.3,Low,None/Healthy,15.2
Soybean,Vegetative,39.5,38.2,183.0,38.3,7.8,Low,None/Healthy,5.0
Rice,Vegetative,32.5,84.1,237.6,41.5,14.9,Moderate,Yellow Stem Borer,37.1
Maize,Flowering,22.9,34.2,34.8,38.3,23.4,Low,None/Healthy,29.6
Rice,Tillering/Branching,25.2,92.9,245.9,46.6,17.2,Severe,Brown Planthopper,88.1
Tomato,Flowering,33.7,54.0,161.8,33.6,6.4,Low,None/Healthy,23.0
Wheat,Tillering/Branching,36.5,44.3,140.7,31.0,6.8,Low,None/Healthy,13.4
Maize,Flowering,34.5,45.0,2.3,69.4,2.8,Low,None/Healthy,13.8
Rice,Maturity,23.3,80.8,156.5,29.7,14.3,High,Bacterial Blight Risk,60.9
Cotton,Fruiting/GrainFilling,31.5,35.3,166.7,54.1,18.1,Moderate,Pink Bollworm,47.6
Cotton,Flowering,40.5,59.6,153.8,37.5,11.4,Moderate,Pink Bollworm,39.7
Wheat,Fruiting/GrainFilling,17.1,71.3,153.1,45.5,7.7,Low,None/Healthy,28.2
Soybean,Maturity,38.4,86.1,125.3,79.6,6.4,Low,None/Healthy,14.7
Potato,Flowering,36.1,36.1,211.9,41.7,15.3,Moderate,Late Blight Risk,45.8
Cotton,Fruiting/GrainFilling,34.9,49.5,230.2,86.1,2.5,Low,None/Healthy,19.5
Sugarcane,Fruiting/GrainFilling,22.9,93.7,198.7,67.0,6.8,High,Early Shoot Borer,72.7
Soybean,Fruiting/GrainFilling,35.9,43.3,46.8,39.8,3.6,Low,None/Healthy,14.8
Soybean,Flowering,23.8,80.6,130.5,88.1,15.6,High,Stem Borer,78.1
Maize,Fruiting/GrainFilling,19.4,55.3,86.7,47.6,4.4,Low,None/Healthy,11.7
Cotton,Maturity,30.8,74.4,240.1,80.8,3.4,Low,None/Healthy,5.9
Cotton,Vegetative,23.3,63.2,183.0,67.9,7.5,Low,None/Healthy,20.4
Sugarcane,Vegetative,33.6,63.0,132.4,90.3,9.3,Moderate,Pyrilla,32.9
Soybean,Flowering,32.3,82.1,83.7,21.1,19.7,Moderate,Common Aphid,38.2
Soybean,Vegetative,16.9,82.2,87.5,88.4,13.1,Low,None/Healthy,25.1
Tomato,Fruiting/GrainFilling,17.0,61.6,69.5,21.1,16.1,Moderate,Whitefly,39.7
Soybean,Vegetative,24.6,70.2,227.7,78.0,20.2,Moderate,Common Aphid,31.2
Maize,Flowering,40.1,84.3,69.6,66.1,14.2,Moderate,Stem Borer,43.1
Wheat,Fruiting/GrainFilling,24.5,84.7,150.3,92.9,20.0,High,Armyworm,77.1
Cotton,Vegetative,15.5,85.6,211.5,47.0,5.5,Low,None/Healthy,25.2
Potato,Maturity,40.5,57.8,212.0,71.1,23.2,Moderate,Potato Tuber Moth,32.0
Maize,Fruiting/GrainFilling,24.7,93.7,119.8,16.6,8.4,Severe,Shoot Fly,88.3
Cotton,Fruiting/GrainFilling,22.5,44.0,64.6,26.7,9.3,Moderate,Pink Bollworm,35.4
Sugarcane,Flowering,33.3,54.2,51.3,31.2,14.4,Moderate,Pyrilla,38.3
Tomato,Tillering/Branching,31.6,55.9,32.2,31.9,11.3,Low,None/Healthy,24.3
Tomato,Vegetative,22.3,43.0,55.2,71.7,22.0,Moderate,Early Blight Risk,30.6
Wheat,Maturity,35.6,60.5,92.8,80.9,20.8,Low,None/Healthy,28.9
Sugarcane,Fruiting/GrainFilling,29.7,76.5,20.9,89.4,12.5,Moderate,Red Rot Risk,34.6
Sugarcane,Flowering,25.5,73.7,28.0,81.6,3.5,Low,None/Healthy,22.4
Potato,Maturity,22.9,47.7,205.3,59.2,4.9,Low,None/Healthy,5.0
Rice,Flowering,39.1,39.6,83.9,48.7,19.4,Moderate,Leaf Folder,33.4
Soybean,Maturity,26.6,51.2,236.6,78.8,4.2,Low,None/Healthy,17.0
Tomato,Maturity,28.3,34.9,26.5,34.6,12.3,Moderate,Whitefly,31.3
Rice,Maturity,29.9,46.8,52.2,75.2,0.3,Low,None/Healthy,16.5
Maize,Tillering/Branching,27.8,88.0,164.8,77.5,2.8,High,Shoot Fly,68.2
Sugarcane,Flowering,19.0,75.4,123.5,75.2,4.6,Low,None/Healthy,24.2
Tomato,Fruiting/GrainFilling,39.9,85.6,172.1,88.1,17.1,Moderate,Early Blight Risk,53.6
Cotton,Flowering,31.4,84.3,29.5,34.6,8.3,High,Whitefly,74.8
Rice,Tillering/Branching,30.4,89.7,39.6,19.6,7.3,Moderate,Bacterial Blight Risk,50.1
Maize,Tillering/Branching,26.3,43.6,197.5,61.4,8.7,Moderate,Fall Armyworm,32.6
Cotton,Fruiting/GrainFilling,22.1,65.4,243.7,57.2,9.0,Moderate,Spotted Bollworm,31.4
Maize,Flowering,26.4,87.1,106.2,81.4,22.4,Severe,Stem Borer,97.8
Maize,Fruiting/GrainFilling,32.6,92.6,208.0,71.4,7.5,Moderate,Turcicum Leaf Blight,33.7
Cotton,Tillering/Branching,20.2,54.5,167.8,25.0,18.5,Low,None/Healthy,28.0
Wheat,Vegetative,16.6,48.4,227.9,17.2,0.4,Low,None/Healthy,5.9
Sugarcane,Maturity,24.9,45.6,127.2,36.3,9.4,Low,None/Healthy,26.9
Cotton,Tillering/Branching,25.2,55.8,195.2,25.8,7.3,Low,None/Healthy,11.8
Cotton,Vegetative,40.4,95.2,125.6,58.1,17.4,Moderate,Whitefly,38.2
Cotton,Maturity,37.1,36.8,224.7,89.6,6.2,Low,None/Healthy,9.1
Maize,Fruiting/GrainFilling,38.2,63.1,120.5,64.5,18.4,Moderate,Fall Armyworm,45.7
Potato,Fruiting/GrainFilling,17.8,57.8,47.1,58.0,6.3,Low,None/Healthy,27.4
Sugarcane,Vegetative,36.0,59.5,54.7,32.8,21.8,Moderate,Top Borer,33.4
Tomato,Tillering/Branching,25.1,93.5,239.0,61.5,1.7,High,Fruit Borer,70.1
Potato,Fruiting/GrainFilling,16.1,47.8,190.8,88.0,18.2,Moderate,Cutworm,31.0
Sugarcane,Vegetative,30.0,95.7,25.0,58.3,3.2,Moderate,Red Rot Risk,38.7
Sugarcane,Flowering,17.3,40.6,158.1,50.9,19.0,Moderate,Top Borer,40.6
Tomato,Flowering,36.9,56.9,163.2,42.6,16.1,Moderate,Leaf Miner,39.8
Maize,Vegetative,28.8,62.3,86.1,61.2,17.5,Low,None/Healthy,24.7
Rice,Vegetative,28.5,44.1,219.6,78.1,7.4,Low,None/Healthy,14.5
Sugarcane,Maturity,16.4,50.2,36.9,84.9,10.1,Low,None/Healthy,24.1
Rice,Tillering/Branching,36.4,56.1,42.3,91.2,7.6,Low,None/Healthy,6.8
Sugarcane,Tillering/Branching,27.5,83.2,120.4,89.0,19.2,High,Top Borer,62.7
Tomato,Flowering,41.1,90.7,53.4,24.4,8.7,Moderate,Early Blight Risk,57.0
Cotton,Maturity,39.2,72.6,113.9,26.6,4.1,Low,None/Healthy,5.0
Soybean,Vegetative,28.7,53.2,174.0,32.0,20.5,Low,None/Healthy,23.8
Tomato,Maturity,26.2,44.3,154.6,53.2,9.0,Low,None/Healthy,17.2
Soybean,Tillering/Branching,18.4,83.9,163.8,42.9,22.1,Low,None/Healthy,26.0
Potato,Maturity,23.4,55.5,161.9,90.7,14.2,Low,None/Healthy,20.1
Potato,Tillering/Branching,18.9,56.7,141.6,19.0,3.7,Low,None/Healthy,5.0
Rice,Vegetative,27.5,88.4,46.8,42.8,11.4,High,Bacterial Blight Risk,69.5
Soybean,Tillering/Branching,35.0,91.3,93.4,29.1,18.2,Low,None/Healthy,22.7
Soybean,Fruiting/GrainFilling,34.2,97.8,48.6,47.9,4.6,Low,None/Healthy,18.0
Sugarcane,Fruiting/GrainFilling,32.0,56.4,39.7,40.7,17.8,Moderate,Top Borer,37.1
Cotton,Vegetative,28.0,95.1,241.0,74.5,9.3,Severe,Pink Bollworm,81.2
Wheat,Fruiting/GrainFilling,16.5,50.1,121.7,16.8,21.8,Moderate,Brown Rust Risk,43.6
Cotton,Vegetative,41.8,51.2,219.2,51.3,15.9,Moderate,Whitefly,30.1
Maize,Tillering/Branching,33.4,83.5,122.6,36.4,13.8,Low,None/Healthy,21.9
Soybean,Flowering,15.5,93.8,67.9,45.4,16.4,Moderate,Common Aphid,43.9
Maize,Flowering,38.1,48.9,51.0,81.5,7.8,Low,None/Healthy,15.6
Sugarcane,Flowering,42.0,85.5,103.1,43.3,18.6,Moderate,Red Rot Risk,58.6
Cotton,Fruiting/GrainFilling,26.5,42.6,100.6,32.7,3.3,Low,None/Healthy,20.1
Soybean,Flowering,38.4,37.2,243.1,15.4,15.8,High,Stem Borer,67.2
Wheat,Maturity,24.5,79.8,86.5,40.1,2.8,Low,None/Healthy,6.0
Maize,Fruiting/GrainFilling,18.1,89.5,2.8,70.4,18.4,Moderate,Fall Armyworm,48.2
Potato,Vegetative,25.2,37.6,194.4,24.6,2.5,Low,None/Healthy,12.4
Maize,Vegetative,28.4,81.5,166.9,56.2,16.3,High,Turcicum Leaf Blight,68.1
Rice,Maturity,16.0,91.9,151.1,44.0,18.9,Moderate,Bacterial Blight Risk,39.3
Rice,Tillering/Branching,28.2,30.5,64.6,23.7,15.9,Low,None/Healthy,28.4
Soybean,Tillering/Branching,18.9,95.2,233.4,21.8,19.9,Moderate,Common Aphid,37.0
Maize,Fruiting/GrainFilling,28.5,76.4,61.4,92.5,8.4,Moderate,Shoot Fly,40.8
Sugarcane,Flowering,15.6,55.9,233.1,77.3,14.9,Moderate,Early Shoot Borer,43.4
Maize,Flowering,21.1,52.8,103.1,62.6,20.4,Moderate,Fall Armyworm,39.0
Sugarcane,Flowering,28.8,39.8,134.8,76.4,5.7,Low,None/Healthy,11.7
Sugarcane,Tillering/Branching,39.9,89.3,19.4,83.4,22.9,Moderate,Pyrilla,37.5
Sugarcane,Vegetative,30.9,90.5,124.1,62.2,12.8,Severe,Early Shoot Borer,81.4
Potato,Vegetative,28.8,45.8,223.8,91.0,1.3,Low,None/Healthy,5.0
Sugarcane,Vegetative,27.2,92.9,188.5,76.2,6.5,High,Early Shoot Borer,69.0
Cotton,Flowering,23.1,36.4,31.6,29.5,4.9,Low,None/Healthy,16.0
Potato,Maturity,28.8,51.0,226.8,59.3,18.9,Low,None/Healthy,25.8
Cotton,Fruiting/GrainFilling,26.8,35.0,216.0,22.4,4.2,Low,None/Healthy,28.8
Soybean,Tillering/Branching,36.1,38.4,161.9,91.7,23.2,Low,None/Healthy,25.9
Tomato,Flowering,35.5,87.6,222.2,40.9,6.5,Moderate,Whitefly,34.4
Tomato,Vegetative,18.9,85.7,26.9,53.4,9.2,Low,None/Healthy,27.3
Potato,Vegetative,29.0,70.7,0.2,25.2,12.4,Moderate,Aphids,33.4
Wheat,Flowering,36.3,38.2,110.2,39.0,7.5,Low,None/Healthy,16.6
Tomato,Tillering/Branching,15.1,80.9,202.6,87.1,15.0,Low,None/Healthy,26.0
Potato,Flowering,38.8,61.5,235.8,80.8,21.6,Moderate,Aphids,30.8
Tomato,Tillering/Branching,18.3,57.0,228.8,65.8,3.5,Low,None/Healthy,5.7
Maize,Tillering/Branching,26.2,79.3,54.5,46.1,17.9,Moderate,Turcicum Leaf Blight,36.6
Tomato,Maturity,27.5,44.9,193.2,19.8,16.9,Low,None/Healthy,27.8
Maize,Flowering,28.2,70.8,183.0,67.4,17.5,Moderate,Stem Borer,39.4
Wheat,Flowering,24.9,46.5,225.7,92.6,8.6,Moderate,Brown Rust Risk,38.7
Tomato,Tillering/Branching,15.3,33.6,167.8,90.0,5.4,Low,None/Healthy,8.2
Maize,Vegetative,20.8,44.4,73.3,22.6,5.7,Low,None/Healthy,15.3
Sugarcane,Fruiting/GrainFilling,24.2,94.7,12.7,29.0,23.3,High,Top Borer,70.2
Tomato,Flowering,31.2,95.0,240.0,19.1,3.9,High,Fruit Borer,75.2
Maize,Fruiting/GrainFilling,31.7,47.4,6.3,32.8,16.2,Moderate,Fall Armyworm,39.8
Potato,Flowering,18.6,71.6,170.9,70.8,4.2,Low,None/Healthy,15.1
Sugarcane,Maturity,37.7,97.9,162.0,35.0,5.7,Low,None/Healthy,21.9
Cotton,Flowering,17.1,92.2,24.1,53.7,16.8,Moderate,Pink Bollworm,38.6
Soybean,Fruiting/GrainFilling,26.1,91.6,132.0,44.7,14.1,Severe,Severe Blight Outbreak,91.5
Cotton,Flowering,41.1,69.6,217.0,30.7,19.4,Moderate,Boll Rot,33.8
Soybean,Fruiting/GrainFilling,41.9,83.1,36.3,40.8,10.8,Moderate,Common Aphid,38.4
Maize,Flowering,36.3,65.8,236.1,62.1,12.5,Moderate,Fall Armyworm,46.4
Rice,Vegetative,34.7,77.2,139.9,91.3,12.3,Low,None/Healthy,28.2
Cotton,Vegetative,17.2,31.2,107.0,36.9,21.5,Moderate,Spotted Bollworm,30.3
Tomato,Flowering,26.5,51.2,21.5,88.9,14.8,Moderate,Early Blight Risk,40.3
Tomato,Flowering,41.9,67.8,59.7,87.9,22.2,Moderate,Whitefly,40.7
Potato,Flowering,39.2,89.6,108.6,41.3,15.5,High,Potato Tuber Moth,60.8
Sugarcane,Tillering/Branching,29.4,77.3,98.1,25.9,6.5,Low,None/Healthy,11.4
Maize,Maturity,37.8,35.8,210.6,57.9,15.8,Low,None/Healthy,23.0
Potato,Maturity,38.9,58.9,31.8,39.9,5.3,Low,None/Healthy,12.9
Wheat,Vegetative,37.8,84.8,3.7,24.9,10.2,Moderate,Termites,56.3
Tomato,Tillering/Branching,26.1,70.4,8.1,60.4,7.4,Low,None/Healthy,10.4
Rice,Maturity,40.5,82.0,109.6,53.2,15.6,Moderate,Leaf Folder,35.0
Rice,Fruiting/GrainFilling,25.7,32.8,163.3,65.5,18.8,Moderate,Yellow Stem Borer,50.8
Tomato,Vegetative,23.7,91.3,112.9,56.1,22.8,Severe,Whitefly,84.1
Soybean,Vegetative,32.5,36.3,22.5,79.6,5.7,Low,None/Healthy,9.8
Rice,Tillering/Branching,31.2,76.3,144.1,45.5,0.6,Low,None/Healthy,6.4
Maize,Fruiting/GrainFilling,23.8,64.5,139.2,40.2,7.4,Low,None/Healthy,15.6
Tomato,Vegetative,31.1,37.3,148.0,33.6,7.5,Low,None/Healthy,5.9
Maize,Tillering/Branching,38.9,77.6,233.1,87.4,13.2,Moderate,Turcicum Leaf Blight,30.5
Soybean,Tillering/Branching,18.5,51.5,94.9,79.6,2.0,Low,None/Healthy,14.4
Sugarcane,Flowering,40.5,76.2,223.4,30.2,7.1,Low,None/Healthy,18.4
Maize,Flowering,35.0,91.9,2.3,68.0,1.7,Low,None/Healthy,16.8
Rice,Flowering,31.2,48.1,50.8,36.9,15.0,Moderate,Brown Planthopper,42.3
Soybean,Flowering,36.8,64.4,94.6,85.3,8.8,Moderate,Common Aphid,36.4
Rice,Tillering/Branching,31.5,49.4,36.8,21.9,5.8,Low,None/Healthy,13.6
Cotton,Vegetative,22.3,74.9,57.6,64.8,21.3,Moderate,Spotted Bollworm,32.5
Tomato,Tillering/Branching,33.6,82.3,188.2,80.4,7.4,Low,None/Healthy,5.0
Maize,Maturity,39.3,68.6,195.3,87.8,5.8,Low,None/Healthy,9.3
Wheat,Tillering/Branching,28.0,82.5,94.8,71.7,9.7,High,Termites,75.1
Rice,Flowering,32.5,46.2,95.2,54.3,7.1,Low,None/Healthy,21.9
Wheat,Vegetative,38.8,62.7,143.2,64.8,1.4,Low,None/Healthy,5.0
Cotton,Fruiting/GrainFilling,26.7,55.2,226.8,24.5,0.9,Low,None/Healthy,22.2
Cotton,Vegetative,32.6,41.7,6.4,87.7,7.2,Low,None/Healthy,5.6
Cotton,Flowering,34.5,59.2,143.0,70.2,21.0,Moderate,Whitefly,39.6
Wheat,Vegetative,41.6,81.7,109.3,57.7,15.0,Low,None/Healthy,16.8
Rice,Flowering,15.3,68.9,118.3,92.0,21.6,Moderate,Bacterial Blight Risk,39.8
Wheat,Flowering,40.8,84.5,163.8,64.0,8.6,Moderate,Aphids,46.7
Soybean,Tillering/Branching,40.6,86.8,243.7,75.3,10.5,Moderate,Common Aphid,49.2
Rice,Fruiting/GrainFilling,26.5,53.8,112.0,80.1,22.0,Moderate,Bacterial Blight Risk,37.2
Rice,Fruiting/GrainFilling,19.7,65.9,157.0,45.8,4.8,Low,None/Healthy,9.3
Potato,Fruiting/GrainFilling,28.3,86.6,183.0,41.5,14.1,Severe,Potato Tuber Moth,82.9
Wheat,Fruiting/GrainFilling,33.7,56.0,223.4,32.0,21.2,Moderate,Armyworm,45.9
Rice,Fruiting/GrainFilling,16.2,32.4,66.8,30.2,12.9,Moderate,Yellow Stem Borer,30.2
Soybean,Vegetative,17.5,50.1,243.3,93.2,6.1,Low,None/Healthy,7.5
Cotton,Fruiting/GrainFilling,26.6,67.6,93.7,27.5,2.5,Low,None/Healthy,18.0
Potato,Flowering,40.6,62.6,239.6,17.3,2.2,Moderate,Late Blight Risk,48.1
Tomato,Flowering,21.8,60.8,15.7,59.4,7.4,Low,None/Healthy,20.3
Soybean,Flowering,36.4,93.9,146.4,77.9,4.8,Moderate,Common Aphid,34.4
Cotton,Vegetative,29.6,78.8,199.0,68.3,1.1,Low,None/Healthy,14.6
Wheat,Fruiting/GrainFilling,41.5,95.0,193.4,19.4,10.3,High,Brown Rust Risk,70.5
Potato,Flowering,20.0,67.1,119.5,40.3,12.4,Moderate,Late Blight Risk,33.2
Potato,Maturity,33.1,44.5,118.9,21.3,0.7,Low,None/Healthy,5.0
Rice,Vegetative,26.4,52.4,134.5,72.9,11.5,Low,None/Healthy,28.2
Soybean,Flowering,20.2,70.1,227.9,43.0,22.9,Moderate,Common Aphid,33.0
Wheat,Fruiting/GrainFilling,34.7,38.2,199.7,22.8,7.8,Low,None/Healthy,18.9
Potato,Vegetative,25.8,97.7,4.7,70.7,22.0,High,Aphids,72.5
Wheat,Flowering,18.5,93.2,80.6,71.5,22.9,Moderate,Termites,52.8
Wheat,Flowering,27.9,50.2,105.2,81.8,11.3,Moderate,Brown Rust Risk,54.6
Sugarcane,Flowering,19.1,44.8,71.6,45.8,22.0,Moderate,Top Borer,42.0
Soybean,Fruiting/GrainFilling,39.7,71.0,135.2,47.0,17.8,Low,None/Healthy,28.7
Maize,Fruiting/GrainFilling,36.5,52.6,175.5,90.5,6.7,Low,None/Healthy,19.7
Soybean,Tillering/Branching,24.7,40.2,76.1,22.7,4.3,Low,None/Healthy,11.4
Potato,Flowering,16.2,50.1,235.2,91.0,20.3,Moderate,Potato Tuber Moth,37.3
Sugarcane,Vegetative,27.5,69.6,57.6,94.2,6.7,Low,None/Healthy,5.0
Potato,Fruiting/GrainFilling,23.5,51.3,26.0,59.8,5.9,Low,None/Healthy,17.9
Rice,Vegetative,20.5,40.2,1.2,58.1,4.6,Low,None/Healthy,7.3
Maize,Maturity,33.0,96.7,55.0,68.3,20.0,Moderate,Fall Armyworm,30.6
Sugarcane,Fruiting/GrainFilling,22.5,93.1,134.2,61.3,14.7,Severe,Pyrilla,92.3
Sugarcane,Vegetative,19.5,31.3,66.6,39.5,23.9,Low,None/Healthy,29.8
Cotton,Tillering/Branching,28.6,57.2,81.2,80.8,19.9,Low,None/Healthy,22.6
Wheat,Tillering/Branching,21.0,90.4,134.5,62.3,21.5,Moderate,Aphids,45.3
Rice,Fruiting/GrainFilling,16.3,45.7,90.6,27.7,19.6,Moderate,Leaf Folder,40.6
Soybean,Flowering,40.0,36.0,145.0,84.7,10.1,Moderate,Common Aphid,42.8
Tomato,Maturity,26.1,77.0,105.6,58.6,14.3,Moderate,Whitefly,32.8
Rice,Maturity,27.6,94.3,234.0,58.6,10.9,Severe,Bacterial Blight Risk,82.9
Tomato,Tillering/Branching,25.5,40.2,189.5,60.4,9.3,Moderate,Whitefly,35.0
Soybean,Maturity,17.3,51.9,233.1,51.0,6.5,Low,None/Healthy,5.0
Soybean,Fruiting/GrainFilling,20.2,81.2,80.7,35.3,3.9,Low,None/Healthy,19.0
Potato,Maturity,26.6,48.8,76.9,25.8,19.8,Low,None/Healthy,28.0
Potato,Tillering/Branching,26.8,54.1,179.8,72.2,0.9,Low,None/Healthy,5.5
Sugarcane,Tillering/Branching,23.1,97.5,81.5,31.4,19.7,Moderate,Early Shoot Borer,57.6
Rice,Tillering/Branching,15.9,85.7,48.7,38.4,4.2,Low,None/Healthy,5.0
Sugarcane,Flowering,33.9,70.1,113.9,36.1,21.8,Moderate,Early Shoot Borer,36.5
Cotton,Maturity,39.9,42.8,51.0,63.0,13.6,Low,None/Healthy,25.4
Soybean,Flowering,19.2,38.0,215.3,67.4,22.9,Moderate,Common Aphid,39.3
Cotton,Flowering,33.5,62.2,107.7,66.6,11.2,Moderate,Whitefly,33.7
Cotton,Fruiting/GrainFilling,16.3,97.1,174.3,40.7,3.6,Low,None/Healthy,28.3
Tomato,Flowering,36.1,74.9,109.0,24.5,23.0,High,Whitefly,62.4
Rice,Flowering,28.7,73.1,221.7,28.3,2.9,Low,None/Healthy,21.9
Potato,Flowering,41.6,95.8,73.1,86.3,0.2,Low,None/Healthy,20.0
Sugarcane,Maturity,25.9,91.4,118.1,48.4,15.4,Severe,Early Shoot Borer,83.3
Potato,Fruiting/GrainFilling,27.4,31.0,210.6,22.4,2.3,Low,None/Healthy,8.8
Potato,Vegetative,15.8,57.1,196.2,59.4,6.8,Low,None/Healthy,6.2
Soybean,Vegetative,28.7,76.4,244.1,77.7,4.1,Low,None/Healthy,5.0
Cotton,Tillering/Branching,35.2,45.8,81.3,71.8,5.7,Low,None/Healthy,13.3
Tomato,Flowering,18.3,68.8,173.4,15.1,20.1,Moderate,Early Blight Risk,35.2
Sugarcane,Maturity,17.0,68.1,89.7,22.7,7.4,Low,None/Healthy,13.8
Maize,Tillering/Branching,29.6,50.1,166.8,59.0,22.2,Moderate,Stem Borer,31.8
Maize,Vegetative,20.2,66.5,213.4,87.9,9.6,Low,None/Healthy,27.0
Cotton,Maturity,20.3,89.2,241.3,58.9,6.1,Low,None/Healthy,29.3
Sugarcane,Flowering,41.7,80.4,83.4,33.9,3.8,Low,None/Healthy,16.2
Soybean,Maturity,32.4,41.4,122.0,29.8,14.5,Low,None/Healthy,26.4
Soybean,Fruiting/GrainFilling,20.3,46.5,168.8,47.6,12.3,Moderate,Common Aphid,42.5
Cotton,Fruiting/GrainFilling,20.8,49.7,227.9,83.3,3.1,Low,None/Healthy,25.2
Cotton,Flowering,15.3,85.9,69.7,30.1,10.8,Moderate,Whitefly,40.9
Sugarcane,Vegetative,28.8,30.9,45.2,54.8,18.1,Moderate,Early Shoot Borer,31.2
Sugarcane,Fruiting/GrainFilling,24.8,35.3,233.8,62.2,18.1,Moderate,Early Shoot Borer,43.9
Potato,Tillering/Branching,37.9,49.5,136.0,74.2,11.9,Low,None/Healthy,26.1
Maize,Maturity,16.1,31.6,239.3,66.5,19.8,Low,None/Healthy,21.4
Tomato,Vegetative,16.2,83.8,145.4,53.5,20.5,Low,None/Healthy,29.3
Potato,Tillering/Branching,40.6,30.9,246.2,80.3,8.5,Moderate,Cutworm,35.1
Maize,Tillering/Branching,24.7,95.0,248.7,40.3,12.2,Severe,Stem Borer,81.3
Wheat,Tillering/Branching,26.7,97.9,173.9,91.0,6.7,Moderate,Armyworm,57.8
Sugarcane,Fruiting/GrainFilling,17.0,34.8,155.4,62.3,1.0,Low,None/Healthy,14.3
Maize,Fruiting/GrainFilling,26.8,67.2,184.5,37.6,10.4,Moderate,Fall Armyworm,39.7
Rice,Fruiting/GrainFilling,23.6,33.0,69.7,29.4,7.7,Low,None/Healthy,24.9
Maize,Fruiting/GrainFilling,40.7,48.1,45.3,87.0,2.1,Low,None/Healthy,17.9
Tomato,Fruiting/GrainFilling,33.3,72.4,24.6,68.3,10.7,Moderate,Early Blight Risk,31.9
Cotton,Flowering,27.0,70.3,30.8,27.5,19.0,Moderate,Spotted Bollworm,44.6
Tomato,Flowering,28.8,83.9,160.0,72.2,2.2,Moderate,Early Blight Risk,49.3
Wheat,Fruiting/GrainFilling,32.6,74.4,95.6,32.5,5.8,Low,None/Healthy,11.0
Potato,Flowering,28.7,91.1,154.5,78.1,14.4,Severe,Cutworm,93.0
Sugarcane,Maturity,20.2,46.8,229.5,52.7,3.0,Low,None/Healthy,9.5
Sugarcane,Vegetative,22.8,56.5,230.0,60.3,2.3,Low,None/Healthy,14.5
Maize,Vegetative,17.3,60.8,219.6,39.4,6.2,Low,None/Healthy,7.5
Rice,Fruiting/GrainFilling,25.9,88.7,137.3,68.3,3.8,High,Bacterial Blight Risk,74.3
Sugarcane,Vegetative,28.8,83.3,183.7,35.1,6.3,Moderate,Red Rot Risk,47.1
Potato,Maturity,19.5,62.0,249.5,43.5,10.3,Moderate,Late Blight Risk,38.3
Sugarcane,Flowering,35.9,47.2,175.9,53.0,14.7,Moderate,Red Rot Risk,43.9
Tomato,Tillering/Branching,33.0,31.4,31.6,71.0,12.7,Low,None/Healthy,24.2
Sugarcane,Fruiting/GrainFilling,19.9,73.7,51.4,93.8,20.9,Moderate,Pyrilla,39.3
Tomato,Vegetative,38.4,72.8,115.1,17.9,22.1,Moderate,Leaf Miner,44.2
Soybean,Vegetative,22.8,90.6,86.1,28.9,12.0,High,Stem Borer,62.1
Soybean,Tillering/Branching,23.2,78.9,167.2,69.5,15.5,Moderate,Common Aphid,36.3
Potato,Vegetative,25.3,41.7,195.9,55.7,3.5,Low,None/Healthy,21.9
Maize,Fruiting/GrainFilling,25.9,75.4,209.2,43.1,7.1,Low,None/Healthy,22.6
Tomato,Flowering,39.3,79.3,126.7,46.3,16.9,Moderate,Leaf Miner,44.7
Potato,Flowering,41.2,81.2,44.1,52.3,16.3,Moderate,Potato Tuber Moth,51.3
Maize,Tillering/Branching,31.5,96.4,182.0,69.2,23.9,Severe,Turcicum Leaf Blight,85.2
Cotton,Tillering/Branching,27.6,90.2,196.5,69.7,1.6,High,Whitefly,66.2
Wheat,Tillering/Branching,30.7,66.5,235.7,70.6,7.1,Low,None/Healthy,11.2
Potato,Tillering/Branching,32.6,68.4,26.9,19.6,9.0,Low,None/Healthy,28.9
Rice,Maturity,33.2,73.0,242.2,83.6,11.9,Moderate,Brown Planthopper,40.3
Wheat,Tillering/Branching,37.5,72.0,218.0,47.3,1.4,Low,None/Healthy,10.0
Tomato,Flowering,35.6,35.0,192.7,66.1,2.8,Low,None/Healthy,15.1
Wheat,Vegetative,37.7,48.9,239.9,70.6,9.6,Moderate,Termites,30.5
Tomato,Maturity,27.9,55.1,32.2,89.7,14.1,Low,None/Healthy,25.1
Tomato,Maturity,39.0,37.4,67.4,69.6,1.8,Low,None/Healthy,10.6
Cotton,Fruiting/GrainFilling,24.0,87.0,12.3,84.1,16.9,High,Pink Bollworm,70.3
Potato,Fruiting/GrainFilling,16.1,50.4,194.6,50.1,7.0,Low,None/Healthy,16.9
Potato,Tillering/Branching,30.0,50.6,157.7,94.2,1.0,Low,None/Healthy,8.0
Soybean,Vegetative,16.1,62.5,232.2,15.9,8.8,Low,None/Healthy,28.0
Wheat,Flowering,37.2,37.1,35.6,47.3,16.9,Moderate,Armyworm,35.1
Potato,Flowering,17.8,41.9,213.7,71.5,4.8,Low,None/Healthy,27.1
Potato,Flowering,34.1,97.8,97.9,84.2,10.7,Moderate,Late Blight Risk,41.6
Sugarcane,Maturity,24.0,44.1,45.6,59.7,2.5,Low,None/Healthy,8.5
Maize,Fruiting/GrainFilling,18.9,94.0,30.3,68.9,21.5,Moderate,Shoot Fly,37.7
Tomato,Vegetative,29.1,67.7,237.5,19.3,18.3,Low,None/Healthy,27.3
Tomato,Vegetative,25.1,36.1,111.4,79.3,2.4,Low,None/Healthy,6.0
Wheat,Vegetative,35.6,83.5,209.0,61.7,12.2,Low,None/Healthy,22.9
Rice,Fruiting/GrainFilling,32.7,60.2,242.7,92.5,21.7,Moderate,Bacterial Blight Risk,33.3
Cotton,Fruiting/GrainFilling,34.0,49.0,208.3,61.4,10.7,Moderate,Spotted Bollworm,32.9
Soybean,Tillering/Branching,38.0,81.0,248.0,66.5,7.3,Low,None/Healthy,13.3
Sugarcane,Maturity,38.8,31.6,92.4,89.8,0.9,Low,None/Healthy,10.4
Soybean,Fruiting/GrainFilling,24.4,73.9,40.6,67.3,23.8,Moderate,Common Aphid,38.5
Sugarcane,Maturity,29.2,67.4,177.4,85.3,11.2,Low,None/Healthy,21.4
Rice,Flowering,24.0,87.6,36.5,65.2,0.3,Moderate,Yellow Stem Borer,57.7
Rice,Maturity,21.4,71.9,54.5,23.1,12.3,Low,None/Healthy,22.6
Rice,Tillering/Branching,26.1,77.5,215.2,91.7,5.6,Low,None/Healthy,5.0
Sugarcane,Tillering/Branching,39.8,80.5,75.5,24.5,20.5,Moderate,Early Shoot Borer,58.4
Potato,Vegetative,38.5,65.0,235.5,65.3,3.6,Low,None/Healthy,5.0
Potato,Maturity,36.8,96.2,217.5,41.1,10.9,Moderate,Aphids,49.3
Sugarcane,Maturity,36.5,83.3,63.4,30.9,21.0,Low,None/Healthy,27.1
Wheat,Vegetative,22.4,55.5,61.0,15.3,4.1,Low,None/Healthy,10.4
Tomato,Maturity,26.2,61.0,194.5,35.2,7.4,Low,None/Healthy,5.0
Soybean,Vegetative,17.3,55.1,140.9,55.4,15.7,Moderate,Common Aphid,34.4
Wheat,Fruiting/GrainFilling,23.1,59.4,165.6,26.9,0.4,Low,None/Healthy,11.8
Potato,Fruiting/GrainFilling,20.3,68.8,185.1,30.9,11.3,Moderate,Potato Tuber Moth,35.3
Cotton,Flowering,20.7,31.9,66.4,51.6,18.9,Moderate,Pink Bollworm,38.7
Wheat,Tillering/Branching,17.1,55.4,161.1,76.7,15.7,Moderate,Termites,35.5
Tomato,Fruiting/GrainFilling,28.2,83.4,203.1,46.8,13.0,High,Whitefly,67.5
Soybean,Vegetative,18.2,53.5,46.5,71.6,20.9,Moderate,Common Aphid,31.1
Sugarcane,Vegetative,26.1,97.8,5.3,39.3,6.7,Moderate,Early Shoot Borer,38.8
Wheat,Vegetative,26.9,84.8,211.0,91.6,7.0,Moderate,Armyworm,41.7
Tomato,Maturity,19.1,41.3,199.2,71.2,12.2,Low,None/Healthy,28.1
Rice,Maturity,38.7,67.8,69.2,18.4,4.2,Low,None/Healthy,25.6
Soybean,Fruiting/GrainFilling,19.3,62.7,174.7,39.7,16.1,Moderate,Common Aphid,32.4
Cotton,Maturity,24.7,84.7,184.5,78.3,15.4,High,Spotted Bollworm,75.1
Rice,Vegetative,32.7,38.9,205.0,44.6,15.1,Moderate,Leaf Folder,48.0
Tomato,Vegetative,36.9,78.5,218.6,55.8,5.6,Low,None/Healthy,9.1
Soybean,Flowering,36.3,31.4,234.9,90.9,8.5,Moderate,Common Aphid,40.1
Potato,Maturity,30.9,79.8,33.7,56.1,2.1,Low,None/Healthy,8.8
Cotton,Flowering,26.9,48.0,213.3,45.5,16.8,Moderate,Pink Bollworm,37.2
Wheat,Fruiting/GrainFilling,18.6,36.3,210.7,79.2,16.1,Moderate,Termites,42.5
Cotton,Maturity,15.2,32.5,119.6,43.8,13.4,Moderate,Boll Rot,30.7
Cotton,Tillering/Branching,26.3,57.7,216.6,75.6,1.4,Low,None/Healthy,6.6
Wheat,Tillering/Branching,26.5,48.7,198.2,25.3,23.4,Moderate,Brown Rust Risk,30.5
Cotton,Vegetative,31.2,94.1,137.4,37.8,4.3,Moderate,Pink Bollworm,50.1
Wheat,Vegetative,30.1,61.4,48.4,33.9,23.0,Low,None/Healthy,29.9
Cotton,Maturity,27.3,52.0,8.2,24.3,13.2,Low,None/Healthy,29.5
Wheat,Maturity,34.8,41.1,30.5,82.2,8.1,Moderate,Armyworm,33.1
Wheat,Flowering,17.1,74.5,227.2,38.0,6.5,Low,None/Healthy,19.5
Cotton,Maturity,36.0,89.1,62.4,74.2,7.4,Low,None/Healthy,5.0
Sugarcane,Fruiting/GrainFilling,28.2,40.4,142.5,36.1,11.1,Moderate,Top Borer,41.0
Potato,Tillering/Branching,27.1,48.7,245.1,58.5,21.5,Moderate,Late Blight Risk,38.5
Tomato,Flowering,16.6,38.1,79.3,81.6,11.3,Moderate,Early Blight Risk,43.8
Tomato,Fruiting/GrainFilling,17.1,69.9,185.2,89.6,1.1,Low,None/Healthy,17.7
Wheat,Flowering,26.3,36.2,216.5,91.6,11.5,Moderate,Armyworm,41.8
Tomato,Vegetative,25.1,72.5,49.8,23.8,13.2,Low,None/Healthy,19.6
Potato,Fruiting/GrainFilling,25.1,84.1,89.4,88.7,2.7,Moderate,Cutworm,59.3
Maize,Tillering/Branching,24.3,30.5,200.6,92.5,23.6,Low,None/Healthy,26.4
Soybean,Maturity,33.5,68.7,195.0,80.1,21.4,Low,None/Healthy,29.4
Potato,Flowering,16.4,38.4,206.5,90.7,7.4,Low,None/Healthy,26.8
Maize,Maturity,20.7,90.8,38.7,75.7,8.7,Low,None/Healthy,26.9
Cotton,Tillering/Branching,17.0,49.5,106.2,83.6,13.5,Low,None/Healthy,29.7
Wheat,Fruiting/GrainFilling,30.2,63.8,102.6,17.8,21.1,Moderate,Brown Rust Risk,32.6
Soybean,Tillering/Branching,30.5,77.3,36.0,89.6,6.8,Low,None/Healthy,15.6
Tomato,Tillering/Branching,38.7,50.1,187.2,62.9,1.8,Low,None/Healthy,18.1
Cotton,Fruiting/GrainFilling,24.1,35.0,178.7,49.5,4.9,Moderate,Boll Rot,32.4
Maize,Flowering,15.2,38.3,183.3,36.1,17.4,Moderate,Fall Armyworm,39.8
Cotton,Vegetative,20.4,48.2,217.2,76.6,0.0,Low,None/Healthy,5.3
Cotton,Vegetative,35.5,61.8,149.8,49.0,1.6,Low,None/Healthy,12.1
Soybean,Fruiting/GrainFilling,37.1,32.8,93.9,59.6,14.5,Moderate,Common Aphid,48.7
Sugarcane,Vegetative,25.5,67.9,174.8,62.4,9.3,Moderate,Pyrilla,33.5
Cotton,Maturity,30.2,78.3,218.7,39.1,17.9,Moderate,Pink Bollworm,30.3
Potato,Fruiting/GrainFilling,24.9,78.5,240.0,88.5,23.5,Moderate,Cutworm,52.4
Cotton,Flowering,35.4,68.4,149.5,40.6,4.2,Low,None/Healthy,19.0
Wheat,Tillering/Branching,19.4,79.2,46.2,93.0,8.8,Low,None/Healthy,28.8
Potato,Maturity,25.9,85.5,54.6,81.5,15.8,High,Late Blight Risk,61.5
Cotton,Vegetative,28.7,43.5,195.5,69.6,2.3,Low,None/Healthy,13.4
Maize,Vegetative,22.7,40.3,247.4,60.1,9.0,Low,None/Healthy,27.2
Wheat,Maturity,40.4,78.3,25.9,64.9,10.1,Moderate,Termites,30.8
Tomato,Flowering,29.9,64.3,14.3,22.0,9.2,Moderate,Early Blight Risk,39.7
Maize,Maturity,18.8,75.4,186.4,19.1,2.1,Low,None/Healthy,5.0
Sugarcane,Flowering,25.1,77.6,139.4,17.5,16.4,Moderate,Red Rot Risk,36.8
Soybean,Vegetative,24.3,36.1,192.4,84.6,23.1,Low,None/Healthy,25.0
Tomato,Fruiting/GrainFilling,18.3,93.8,99.9,22.5,12.0,Moderate,Early Blight Risk,37.4
Soybean,Vegetative,21.3,46.4,99.3,23.9,4.3,Low,None/Healthy,5.0
Wheat,Flowering,40.8,69.3,102.1,34.4,4.7,Low,None/Healthy,24.7
Sugarcane,Flowering,29.9,78.1,14.6,43.1,17.5,Moderate,Top Borer,42.1
Wheat,Maturity,21.4,76.2,67.9,80.2,0.7,Low,None/Healthy,7.0
Rice,Tillering/Branching,36.5,90.1,110.1,80.8,20.5,Moderate,Yellow Stem Borer,40.7
Soybean,Tillering/Branching,38.0,96.2,216.6,77.1,22.7,Moderate,Common Aphid,52.0
Rice,Maturity,36.2,78.7,212.5,48.1,13.1,Low,None/Healthy,28.0
Tomato,Fruiting/GrainFilling,18.9,73.8,140.6,30.8,5.8,Low,None/Healthy,26.4
Tomato,Tillering/Branching,35.5,47.9,167.9,24.9,24.0,Moderate,Early Blight Risk,50.4
Sugarcane,Flowering,17.0,92.3,0.1,70.9,15.1,Moderate,Early Shoot Borer,42.3
Rice,Tillering/Branching,22.2,35.3,228.8,39.0,2.7,Low,None/Healthy,10.0
Cotton,Fruiting/GrainFilling,20.9,62.3,12.6,94.4,10.7,Moderate,Spotted Bollworm,43.3
Wheat,Flowering,16.2,53.7,227.9,21.7,15.5,Moderate,Termites,38.8
Potato,Vegetative,40.1,83.4,24.6,17.0,3.3,Low,None/Healthy,29.4
Potato,Tillering/Branching,24.9,97.1,16.8,21.4,22.0,High,Potato Tuber Moth,61.1
Sugarcane,Vegetative,20.4,96.8,104.1,88.9,4.8,Low,None/Healthy,22.7
Maize,Flowering,16.3,90.1,140.0,38.4,16.5,Moderate,Fall Armyworm,59.3
Wheat,Tillering/Branching,34.7,39.4,44.2,66.5,10.5,Low,None/Healthy,26.4
Rice,Tillering/Branching,38.5,71.4,208.5,52.6,18.9,Low,None/Healthy,25.4
Potato,Fruiting/GrainFilling,30.4,68.2,194.1,80.9,1.8,Low,None/Healthy,16.0
Sugarcane,Tillering/Branching,15.3,75.3,231.4,21.6,11.9,Moderate,Early Shoot Borer,38.0
Rice,Tillering/Branching,33.6,34.0,119.3,76.6,13.0,Low,None/Healthy,25.2
Maize,Vegetative,31.0,79.6,238.5,83.0,15.8,Low,None/Healthy,26.4
Soybean,Maturity,27.9,81.4,202.2,32.4,11.4,High,Stem Borer,68.6
Soybean,Flowering,23.7,71.4,153.0,49.6,23.0,Moderate,Common Aphid,45.5
Potato,Fruiting/GrainFilling,38.0,38.8,189.2,63.1,7.4,Low,None/Healthy,18.4
Sugarcane,Fruiting/GrainFilling,31.7,48.6,189.7,68.0,20.1,Moderate,Early Shoot Borer,35.1
Maize,Fruiting/GrainFilling,40.4,94.5,104.6,69.3,23.5,High,Shoot Fly,63.5
Potato,Maturity,27.6,63.8,68.6,39.0,2.0,Low,None/Healthy,12.0
Potato,Fruiting/GrainFilling,25.3,41.0,35.6,47.6,15.2,Moderate,Aphids,34.6
Potato,Maturity,31.8,74.4,7.0,22.1,17.4,Moderate,Late Blight Risk,39.3
Potato,Fruiting/GrainFilling,25.5,67.5,46.2,37.1,9.0,Moderate,Aphids,42.7
Tomato,Vegetative,35.6,59.3,44.3,93.6,11.8,Moderate,Leaf Miner,32.6
Sugarcane,Maturity,34.7,47.0,233.0,21.9,23.8,Low,None/Healthy,27.5
Tomato,Fruiting/GrainFilling,25.9,83.2,34.9,35.2,3.0,High,Whitefly,66.1
Maize,Fruiting/GrainFilling,20.4,78.1,205.0,72.6,15.4,Moderate,Shoot Fly,45.5
Soybean,Maturity,39.5,35.4,125.7,56.0,20.1,Low,None/Healthy,25.0
Potato,Flowering,36.4,61.3,88.8,80.3,10.3,Moderate,Potato Tuber Moth,38.9
Potato,Tillering/Branching,26.6,46.2,98.1,41.6,7.7,Low,None/Healthy,12.0
Potato,Maturity,33.7,72.4,151.6,46.7,19.8,Moderate,Late Blight Risk,31.2
Rice,Tillering/Branching,29.6,46.1,127.4,61.4,4.1,Low,None/Healthy,7.2
Wheat,Flowering,27.3,65.5,226.2,53.7,11.4,Moderate,Armyworm,51.4
Wheat,Fruiting/GrainFilling,23.1,70.0,65.0,22.2,4.9,Low,None/Healthy,17.3
Tomato,Vegetative,15.3,39.1,189.5,93.4,16.5,Low,None/Healthy,19.6
Wheat,Fruiting/GrainFilling,15.7,95.1,142.6,85.0,17.6,Moderate,Armyworm,53.8
Wheat,Vegetative,22.6,56.8,169.1,85.4,3.0,Low,None/Healthy,11.8
Cotton,Maturity,22.7,76.1,61.5,45.7,21.5,Moderate,Whitefly,31.0
Maize,Flowering,31.1,51.5,224.1,79.3,2.1,Low,None/Healthy,21.9
Wheat,Maturity,40.2,96.5,96.8,92.2,3.3,Low,None/Healthy,9.9
Soybean,Fruiting/GrainFilling,22.5,61.8,45.3,42.2,2.5,Low,None/Healthy,26.2
Sugarcane,Vegetative,17.3,72.1,61.9,81.1,1.5,Low,None/Healthy,8.7
Maize,Flowering,16.6,34.2,76.3,76.7,0.5,Low,None/Healthy,14.1
Wheat,Fruiting/GrainFilling,33.7,32.6,110.4,77.9,11.4,Moderate,Termites,42.2
Rice,Maturity,26.3,83.9,12.7,76.2,15.3,Moderate,Yellow Stem Borer,55.9
Maize,Vegetative,27.7,44.8,10.8,58.1,3.0,Low,None/Healthy,13.4
Sugarcane,Flowering,19.1,32.2,65.5,29.0,19.0,Moderate,Early Shoot Borer,35.0
Soybean,Flowering,33.2,70.7,27.3,77.6,10.6,Moderate,Common Aphid,35.9
Tomato,Tillering/Branching,26.2,65.1,17.2,27.1,23.8,Low,None/Healthy,20.7
Wheat,Fruiting/GrainFilling,27.7,33.3,78.9,25.0,11.7,Moderate,Armyworm,46.2
Cotton,Maturity,40.5,97.0,3.8,73.4,6.6,Low,None/Healthy,11.3
Tomato,Fruiting/GrainFilling,27.8,48.0,72.2,93.5,21.3,Moderate,Fruit Borer,41.5
Maize,Tillering/Branching,36.1,82.8,239.4,50.7,3.8,Low,None/Healthy,6.1
Wheat,Fruiting/GrainFilling,27.2,86.4,36.1,71.0,8.5,High,Brown Rust Risk,70.4
Maize,Maturity,29.4,92.7,157.1,63.6,2.6,High,Shoot Fly,60.8
Sugarcane,Fruiting/GrainFilling,29.0,34.7,11.7,24.8,7.1,Low,None/Healthy,15.7
Cotton,Fruiting/GrainFilling,39.4,63.9,95.7,56.8,14.5,Moderate,Whitefly,38.4
Maize,Tillering/Branching,35.3,79.3,249.4,88.0,16.4,Moderate,Shoot Fly,35.4
Soybean,Vegetative,37.3,82.2,27.8,81.4,6.1,Low,None/Healthy,5.0
Cotton,Flowering,23.4,88.2,192.3,56.9,15.9,Severe,Spotted Bollworm,96.8
Tomato,Fruiting/GrainFilling,34.6,46.2,134.0,68.1,22.6,Moderate,Whitefly,38.3
Maize,Fruiting/GrainFilling,18.5,53.2,201.2,91.5,23.6,Moderate,Stem Borer,46.6
Rice,Tillering/Branching,34.6,94.8,147.6,15.6,7.0,Low,None/Healthy,27.7
Potato,Maturity,37.6,45.8,129.8,67.7,23.7,Low,None/Healthy,20.2
Cotton,Fruiting/GrainFilling,27.5,97.2,244.3,41.5,0.0,High,Boll Rot,75.2
Sugarcane,Vegetative,24.0,71.5,180.5,42.6,8.5,Moderate,Red Rot Risk,31.2
Sugarcane,Vegetative,39.1,90.5,96.8,26.0,8.6,Low,None/Healthy,28.0
Sugarcane,Maturity,29.7,38.1,86.9,18.2,13.2,Low,None/Healthy,26.3
Wheat,Maturity,38.5,56.7,139.4,93.1,15.4,Low,None/Healthy,25.3
Rice,Vegetative,32.3,37.4,61.4,58.0,1.1,Low,None/Healthy,10.0
Maize,Vegetative,21.2,63.3,60.4,54.1,4.6,Low,None/Healthy,14.0
Tomato,Fruiting/GrainFilling,20.3,61.4,173.2,92.2,18.9,Moderate,Leaf Miner,40.9
Potato,Vegetative,34.0,40.9,237.6,94.4,18.7,Low,None/Healthy,29.9
Tomato,Tillering/Branching,36.6,49.5,96.5,22.5,8.2,Moderate,Fruit Borer,52.7
Potato,Vegetative,35.3,91.7,52.8,64.7,12.0,Low,None/Healthy,21.0
Maize,Tillering/Branching,33.1,94.8,201.2,29.1,6.7,Low,None/Healthy,21.0
Maize,Tillering/Branching,27.7,67.2,152.2,23.3,20.5,Low,None/Healthy,29.5
Maize,Maturity,32.8,42.9,28.1,16.7,21.9,Moderate,Turcicum Leaf Blight,35.6
Potato,Maturity,17.4,85.5,223.3,43.2,8.5,Moderate,Potato Tuber Moth,50.8
Wheat,Maturity,32.1,30.7,177.6,76.2,19.6,Low,None/Healthy,28.1
Soybean,Fruiting/GrainFilling,17.1,64.4,134.3,41.9,23.4,Moderate,Common Aphid,44.9
Rice,Flowering,20.1,96.3,221.3,52.7,5.8,Moderate,Leaf Folder,35.7
Rice,Tillering/Branching,27.3,97.4,180.0,19.1,20.6,High,Leaf Folder,67.6
Soybean,Vegetative,29.1,72.0,103.2,27.0,24.0,Moderate,Common Aphid,38.0
Potato,Fruiting/GrainFilling,32.4,41.6,3.6,32.1,3.7,Low,None/Healthy,19.1
Wheat,Tillering/Branching,19.1,49.0,212.4,86.0,8.0,Low,None/Healthy,8.8
Maize,Tillering/Branching,30.8,45.4,188.6,88.8,15.8,Low,None/Healthy,26.5
Rice,Tillering/Branching,26.7,59.3,9.0,51.3,11.5,Low,None/Healthy,24.2
Rice,Vegetative,32.7,59.9,20.9,32.1,13.8,Low,None/Healthy,28.0
Cotton,Fruiting/GrainFilling,24.6,39.6,239.5,17.7,23.4,Moderate,Spotted Bollworm,40.0
Rice,Tillering/Branching,35.2,34.2,28.1,67.0,5.7,Low,None/Healthy,16.7
Maize,Vegetative,32.4,39.8,180.8,70.8,12.3,Moderate,Fall Armyworm,32.0
Cotton,Vegetative,16.6,92.5,191.9,61.8,10.5,Moderate,Pink Bollworm,55.5
Wheat,Fruiting/GrainFilling,19.6,74.7,60.1,27.7,16.0,Moderate,Termites,42.4
Cotton,Fruiting/GrainFilling,23.6,52.4,37.6,67.2,17.0,Moderate,Pink Bollworm,37.9
Soybean,Fruiting/GrainFilling,20.6,40.4,17.5,81.5,3.0,Low,None/Healthy,17.0
Tomato,Fruiting/GrainFilling,16.7,54.9,149.2,46.9,10.9,Moderate,Fruit Borer,40.6
Soybean,Fruiting/GrainFilling,26.9,52.5,31.6,88.7,17.1,Moderate,Common Aphid,41.0
Maize,Fruiting/GrainFilling,16.9,52.1,46.2,77.9,17.3,Moderate,Shoot Fly,45.1
Potato,Flowering,15.3,75.5,83.1,67.5,22.2,Moderate,Cutworm,40.0
Rice,Fruiting/GrainFilling,31.4,55.1,26.5,26.2,12.6,Moderate,Brown Planthopper,37.7
Wheat,Maturity,19.3,71.8,169.9,21.7,7.5,Low,None/Healthy,15.1
Maize,Fruiting/GrainFilling,16.6,60.8,13.1,76.5,20.9,Moderate,Fall Armyworm,47.2
Wheat,Flowering,17.5,44.0,47.0,55.6,0.7,Low,None/Healthy,24.9
Cotton,Tillering/Branching,26.9,91.4,245.2,93.2,14.1,High,Pink Bollworm,71.9
Rice,Fruiting/GrainFilling,35.3,51.9,181.3,44.9,6.9,Moderate,Brown Planthopper,31.3
Rice,Flowering,35.5,75.9,75.9,51.7,3.4,Low,None/Healthy,23.5
Rice,Tillering/Branching,25.4,52.5,141.2,29.7,13.5,Moderate,Bacterial Blight Risk,32.3
Rice,Vegetative,22.6,48.7,225.7,82.3,18.3,Moderate,Bacterial Blight Risk,35.1
Wheat,Fruiting/GrainFilling,26.7,92.5,142.8,33.4,15.6,Severe,Armyworm,88.8
Potato,Maturity,31.0,36.5,202.4,26.7,21.2,Moderate,Potato Tuber Moth,38.7
Cotton,Maturity,24.7,57.9,78.7,21.2,0.9,Low,None/Healthy,10.8
Wheat,Flowering,21.8,90.6,152.8,91.7,8.2,High,Armyworm,62.8
Wheat,Vegetative,16.2,96.5,114.6,93.0,19.8,Moderate,Termites,41.5
Wheat,Maturity,22.4,63.1,26.9,87.7,17.1,Moderate,Brown Rust Risk,30.7
Maize,Tillering/Branching,28.9,37.0,206.9,77.4,9.3,Moderate,Stem Borer,37.0
Cotton,Maturity,37.1,51.0,54.6,91.9,0.4,Low,None/Healthy,9.4
Rice,Tillering/Branching,19.5,73.1,204.8,67.9,2.4,Low,None/Healthy,5.0
Maize,Maturity,39.9,49.1,138.3,53.8,16.0,Low,None/Healthy,25.5
Soybean,Tillering/Branching,29.4,95.3,65.6,57.9,7.0,Moderate,Common Aphid,45.1
Cotton,Flowering,41.7,89.2,84.7,37.2,10.3,Moderate,Spotted Bollworm,39.7
Cotton,Flowering,40.2,33.5,66.7,37.8,15.2,Moderate,Whitefly,38.7
Maize,Tillering/Branching,20.8,93.1,189.1,89.7,19.9,Moderate,Turcicum Leaf Blight,40.2
Soybean,Vegetative,32.6,87.2,57.7,82.8,10.8,Low,None/Healthy,28.8
Sugarcane,Maturity,34.0,41.4,61.6,36.5,23.1,Low,None/Healthy,28.4
Cotton,Fruiting/GrainFilling,22.7,80.5,40.3,42.1,14.5,High,Boll Rot,79.0
Tomato,Vegetative,40.4,93.3,179.6,37.3,16.4,Moderate,Whitefly,42.1
Cotton,Vegetative,24.5,48.0,109.8,63.3,10.5,Low,None/Healthy,24.7
Cotton,Flowering,41.3,58.9,212.8,20.9,19.4,High,Boll Rot,67.6
Potato,Flowering,32.4,61.2,104.8,60.2,16.4,Moderate,Aphids,35.2
Cotton,Flowering,18.9,50.2,96.3,37.2,10.8,Moderate,Pink Bollworm,46.6
Tomato,Vegetative,38.1,87.0,128.4,52.3,1.7,Low,None/Healthy,22.2
Rice,Fruiting/GrainFilling,33.2,52.0,176.2,55.8,4.5,Low,None/Healthy,22.7
Wheat,Vegetative,29.3,64.1,45.0,49.3,20.9,Low,None/Healthy,25.8
Sugarcane,Flowering,32.8,97.8,223.3,26.6,9.6,Moderate,Pyrilla,54.5
Maize,Flowering,38.8,68.7,187.2,18.6,2.3,Moderate,Shoot Fly,39.5
Potato,Vegetative,19.9,45.2,215.6,53.8,10.9,Low,None/Healthy,23.5
Sugarcane,Maturity,26.9,94.3,215.4,84.2,9.8,High,Pyrilla,79.9
Soybean,Vegetative,31.8,94.7,243.4,37.3,11.6,High,Stem Borer,73.4
Rice,Tillering/Branching,16.9,75.1,94.2,93.9,2.1,Low,None/Healthy,10.1
Soybean,Tillering/Branching,33.9,81.6,117.8,37.2,7.4,Low,None/Healthy,5.0
Maize,Vegetative,40.4,44.5,136.6,54.1,12.3,Low,None/Healthy,26.6
Tomato,Vegetative,36.1,80.5,238.5,55.6,13.2,Moderate,Fruit Borer,35.3
Rice,Fruiting/GrainFilling,17.0,31.0,205.7,45.9,6.6,Low,None/Healthy,22.5
Cotton,Flowering,21.7,82.2,103.5,41.9,4.1,Low,None/Healthy,15.3
Soybean,Flowering,19.4,54.1,117.9,59.1,3.8,Low,None/Healthy,13.9
Cotton,Tillering/Branching,23.4,92.4,82.4,84.0,8.5,Moderate,Pink Bollworm,53.3
Cotton,Flowering,40.9,74.5,84.9,41.4,11.5,Moderate,Whitefly,40.5
Maize,Vegetative,41.1,95.2,19.9,16.6,1.1,Moderate,Turcicum Leaf Blight,40.7
Wheat,Tillering/Branching,34.7,79.0,24.7,27.0,18.9,Moderate,Brown Rust Risk,35.0
Maize,Maturity,25.1,33.3,40.5,45.4,5.7,Low,None/Healthy,12.2
Cotton,Flowering,31.3,77.8,123.5,26.7,15.2,Moderate,Boll Rot,41.3
Soybean,Tillering/Branching,18.6,37.0,115.0,45.1,19.9,Moderate,Common Aphid,31.3
Rice,Fruiting/GrainFilling,17.6,80.3,14.9,37.2,2.3,Low,None/Healthy,26.6
Tomato,Flowering,29.0,80.2,219.8,78.4,16.6,High,Leaf Miner,70.8
Cotton,Maturity,30.4,77.7,20.8,74.7,3.4,Low,None/Healthy,12.5
Rice,Fruiting/GrainFilling,39.0,67.0,112.4,23.2,19.8,Moderate,Bacterial Blight Risk,58.1
Wheat,Vegetative,27.9,90.6,201.5,77.5,3.9,Moderate,Armyworm,56.7
Soybean,Flowering,19.4,72.1,139.9,87.4,19.6,Moderate,Common Aphid,39.7
Maize,Vegetative,16.3,50.0,161.1,76.1,13.7,Moderate,Shoot Fly,34.2
Soybean,Tillering/Branching,27.1,37.6,185.4,25.5,4.6,Low,None/Healthy,5.0
Maize,Fruiting/GrainFilling,23.6,63.9,125.9,44.4,11.9,Moderate,Stem Borer,44.4
Sugarcane,Fruiting/GrainFilling,24.6,59.5,82.5,50.3,0.3,Low,None/Healthy,25.5
Cotton,Maturity,36.8,75.1,50.3,50.8,16.9,Low,None/Healthy,26.9
Soybean,Maturity,29.6,48.6,148.6,36.7,21.8,Moderate,Common Aphid,33.4
Tomato,Tillering/Branching,31.3,38.9,194.6,31.0,20.7,Low,None/Healthy,28.7
Maize,Vegetative,21.1,57.7,46.9,70.9,20.7,Moderate,Fall Armyworm,31.8
Potato,Fruiting/GrainFilling,38.3,72.6,103.2,88.6,20.0,Moderate,Potato Tuber Moth,44.0
Cotton,Maturity,38.2,68.8,9.5,65.9,11.3,Low,None/Healthy,28.1
Potato,Maturity,34.7,44.7,246.5,74.9,19.0,Low,None/Healthy,24.7
Rice,Tillering/Branching,27.9,94.3,67.5,26.6,11.6,High,Bacterial Blight Risk,64.9
Potato,Vegetative,16.0,79.3,93.4,62.9,21.0,Moderate,Late Blight Risk,33.9
Potato,Fruiting/GrainFilling,29.8,52.3,101.3,90.3,3.7,Low,None/Healthy,12.8
Maize,Fruiting/GrainFilling,25.0,41.8,146.0,58.5,23.4,Moderate,Turcicum Leaf Blight,36.7
Tomato,Flowering,19.4,70.6,212.0,34.8,0.2,Low,None/Healthy,28.7
Potato,Fruiting/GrainFilling,22.0,84.4,75.2,29.4,9.3,High,Aphids,68.0
Maize,Tillering/Branching,34.2,31.0,173.7,38.9,15.7,Low,None/Healthy,24.8
Rice,Fruiting/GrainFilling,15.1,67.4,218.1,49.4,10.5,Moderate,Brown Planthopper,44.8
Potato,Flowering,25.9,61.4,122.0,58.4,19.2,Moderate,Late Blight Risk,39.1
Maize,Maturity,38.1,83.6,161.3,22.2,22.9,High,Shoot Fly,64.2
Maize,Tillering/Branching,32.8,60.7,63.1,91.4,7.2,Low,None/Healthy,11.6
Cotton,Maturity,35.4,81.3,155.1,31.6,21.3,Low,None/Healthy,25.5
Rice,Fruiting/GrainFilling,17.5,50.5,120.8,31.6,8.0,Low,None/Healthy,29.9
Potato,Flowering,20.3,84.0,238.6,26.9,16.3,Moderate,Late Blight Risk,40.8
Tomato,Tillering/Branching,28.5,45.0,97.8,64.1,9.1,Moderate,Fruit Borer,34.7
Soybean,Tillering/Branching,21.7,53.6,8.9,41.6,8.9,Moderate,Common Aphid,33.3
Potato,Vegetative,28.9,83.8,90.5,90.3,16.4,High,Potato Tuber Moth,65.3
Soybean,Maturity,19.8,89.8,200.7,39.8,0.8,Low,None/Healthy,25.4
Soybean,Fruiting/GrainFilling,18.0,90.6,101.0,17.6,13.4,Moderate,Common Aphid,51.7
Maize,Fruiting/GrainFilling,35.6,30.0,109.7,21.9,13.3,High,Shoot Fly,61.4
Soybean,Tillering/Branching,35.4,96.1,38.3,51.8,14.0,Moderate,Common Aphid,35.0
Tomato,Maturity,37.7,86.6,35.6,28.5,5.3,Low,None/Healthy,5.0
Maize,Vegetative,31.0,63.4,167.7,93.4,12.8,Low,None/Healthy,24.6
Tomato,Fruiting/GrainFilling,21.8,81.8,124.1,18.4,4.3,Low,None/Healthy,26.6
Cotton,Vegetative,24.3,82.6,165.8,39.1,3.0,Moderate,Boll Rot,47.6
Cotton,Fruiting/GrainFilling,24.6,31.0,41.6,41.8,13.3,Moderate,Pink Bollworm,45.7
Wheat,Vegetative,37.8,68.9,74.2,24.7,0.4,Moderate,Armyworm,38.9
Sugarcane,Maturity,22.7,61.8,132.3,80.2,20.7,Moderate,Top Borer,37.0
Soybean,Fruiting/GrainFilling,22.0,45.7,63.4,93.9,8.0,Moderate,Common Aphid,41.9
Wheat,Fruiting/GrainFilling,19.7,63.5,238.0,87.4,4.0,Low,None/Healthy,26.1
Rice,Fruiting/GrainFilling,40.6,35.6,143.2,40.3,17.5,Moderate,Leaf Folder,37.8
Maize,Flowering,15.2,56.2,212.6,93.6,16.0,Moderate,Turcicum Leaf Blight,42.7
Potato,Flowering,26.4,92.8,18.8,59.0,13.7,High,Cutworm,78.3
Rice,Flowering,17.0,72.8,160.1,35.5,23.1,Moderate,Bacterial Blight Risk,42.6
Wheat,Tillering/Branching,18.0,56.2,180.1,64.9,18.1,Low,None/Healthy,23.5
Potato,Flowering,15.7,37.5,1.1,41.2,7.2,Low,None/Healthy,20.0
Sugarcane,Flowering,22.0,80.2,123.9,16.0,9.1,Moderate,Pyrilla,46.6
Wheat,Maturity,21.7,90.6,53.4,60.4,9.7,Moderate,Armyworm,37.0
Maize,Vegetative,35.9,58.0,29.6,34.0,16.2,Low,None/Healthy,27.6
Potato,Vegetative,23.8,72.0,125.6,41.8,16.5,Moderate,Aphids,32.6
Wheat,Tillering/Branching,40.8,79.6,104.6,74.8,19.4,Moderate,Termites,36.0
Cotton,Maturity,37.2,79.4,80.2,79.3,2.2,Low,None/Healthy,5.0
Soybean,Tillering/Branching,18.9,34.7,80.4,51.7,8.7,Moderate,Common Aphid,30.2
Sugarcane,Maturity,17.3,93.3,150.3,17.1,13.0,Moderate,Pyrilla,43.8
Soybean,Maturity,27.0,53.3,215.1,78.6,23.8,Moderate,Common Aphid,42.6
Soybean,Tillering/Branching,25.8,67.8,94.8,58.7,1.9,Low,None/Healthy,14.8
Sugarcane,Flowering,41.7,60.8,157.4,71.1,15.9,Moderate,Early Shoot Borer,34.5
Sugarcane,Vegetative,30.0,61.4,228.9,72.6,3.0,Low,None/Healthy,10.3
Cotton,Maturity,40.2,79.3,148.6,59.7,9.6,Moderate,Whitefly,37.2
Rice,Maturity,21.5,60.4,5.7,59.0,9.2,Moderate,Brown Planthopper,32.2
Tomato,Vegetative,26.6,58.2,115.8,24.3,9.4,Low,None/Healthy,27.8
Soybean,Tillering/Branching,20.2,71.3,9.4,40.3,11.3,Low,None/Healthy,19.8
Tomato,Tillering/Branching,29.7,51.1,248.2,65.5,5.9,Low,None/Healthy,11.3
Soybean,Fruiting/GrainFilling,19.2,57.3,88.6,66.6,4.4,Low,None/Healthy,16.9
Soybean,Flowering,34.7,94.9,69.3,62.0,17.6,Moderate,Common Aphid,40.6
Wheat,Vegetative,41.2,33.6,236.4,94.9,21.8,Low,None/Healthy,24.9
Rice,Maturity,37.7,73.5,2.4,93.8,3.6,Low,None/Healthy,8.1
Rice,Maturity,30.3,93.3,247.6,48.9,10.3,High,Yellow Stem Borer,79.6
Sugarcane,Tillering/Branching,40.4,41.2,66.6,86.3,15.0,Moderate,Pyrilla,35.1
Sugarcane,Vegetative,19.0,78.2,123.2,65.7,1.1,Low,None/Healthy,7.2
Rice,Fruiting/GrainFilling,21.2,67.4,97.5,74.6,14.0,Moderate,Yellow Stem Borer,32.3
Tomato,Vegetative,37.2,33.9,216.4,72.9,10.7,Low,None/Healthy,24.7
Rice,Fruiting/GrainFilling,34.0,93.3,118.1,51.2,12.7,High,Yellow Stem Borer,60.4
Maize,Flowering,26.7,75.2,148.2,69.8,6.4,Low,None/Healthy,27.7
Sugarcane,Flowering,30.1,87.7,180.0,54.1,6.1,High,Top Borer,70.4
Sugarcane,Flowering,34.4,32.5,191.3,16.6,12.4,Moderate,Pyrilla,40.2
Potato,Tillering/Branching,35.5,58.4,16.6,70.5,12.3,Low,None/Healthy,24.2
Cotton,Tillering/Branching,26.1,84.1,106.2,46.3,20.4,High,Pink Bollworm,61.4
Potato,Vegetative,19.9,48.7,90.4,85.5,21.8,Low,None/Healthy,26.4
Tomato,Fruiting/GrainFilling,30.7,94.9,242.3,82.8,14.0,Severe,Whitefly,98.0
Potato,Fruiting/GrainFilling,24.3,34.9,119.1,60.7,14.7,Moderate,Potato Tuber Moth,39.8
Tomato,Fruiting/GrainFilling,39.4,64.8,246.7,58.2,23.1,Moderate,Early Blight Risk,36.0
Maize,Vegetative,33.9,97.1,206.3,59.3,2.0,Low,None/Healthy,21.5
Soybean,Flowering,22.0,56.4,209.3,27.0,7.3,Low,None/Healthy,18.8
Cotton,Flowering,23.0,54.5,61.1,90.4,10.1,Moderate,Spotted Bollworm,39.6
Soybean,Vegetative,36.3,61.4,105.4,74.9,12.9,Low,None/Healthy,25.0
Cotton,Tillering/Branching,18.3,70.4,206.5,74.7,16.7,Low,None/Healthy,29.2
Soybean,Fruiting/GrainFilling,17.8,94.9,147.2,79.9,12.9,Moderate,Common Aphid,58.4
Wheat,Flowering,16.7,91.2,51.3,15.8,2.5,Low,None/Healthy,13.6
Sugarcane,Fruiting/GrainFilling,29.3,97.9,213.3,28.5,21.2,Severe,Red Rot Risk,86.3
Rice,Flowering,32.3,44.7,219.9,64.9,3.3,Low,None/Healthy,22.0
Tomato,Maturity,40.9,83.8,229.7,91.1,2.0,Low,None/Healthy,23.8
Potato,Maturity,32.5,84.6,60.4,88.2,5.3,Low,None/Healthy,10.2
Potato,Vegetative,25.1,37.0,86.8,49.1,11.5,Moderate,Potato Tuber Moth,35.6
Wheat,Flowering,40.2,80.8,113.2,51.4,23.9,Moderate,Termites,36.2
Rice,Tillering/Branching,22.5,74.5,173.9,37.5,6.1,Low,None/Healthy,8.8
Rice,Maturity,22.9,67.8,224.8,38.6,23.2,Low,None/Healthy,25.3
Rice,Maturity,24.1,47.6,210.9,74.0,21.2,Low,None/Healthy,29.7
Sugarcane,Vegetative,26.8,48.4,145.8,64.4,9.4,Moderate,Red Rot Risk,30.9
Maize,Fruiting/GrainFilling,23.5,80.1,57.6,62.7,9.7,High,Fall Armyworm,77.8
Tomato,Flowering,19.4,96.0,209.6,24.0,22.7,Moderate,Early Blight Risk,54.2
Rice,Maturity,29.8,62.6,223.3,59.5,3.3,Low,None/Healthy,11.9
Soybean,Fruiting/GrainFilling,31.8,33.1,221.2,20.4,0.7,Low,None/Healthy,15.3
Soybean,Maturity,31.4,44.2,109.2,70.2,7.4,Low,None/Healthy,9.5
Soybean,Tillering/Branching,29.1,69.1,95.6,40.7,20.4,Moderate,Common Aphid,30.3
Potato,Tillering/Branching,33.0,43.5,59.7,61.9,23.5,Low,None/Healthy,28.9
Sugarcane,Flowering,35.2,39.2,113.8,20.0,0.7,Moderate,Pyrilla,50.9
Sugarcane,Flowering,18.7,50.5,237.6,59.2,22.3,Moderate,Early Shoot Borer,39.1
Wheat,Tillering/Branching,23.6,36.2,200.6,79.4,14.9,Moderate,Armyworm,34.0
Sugarcane,Fruiting/GrainFilling,16.3,39.6,109.3,80.7,17.6,Moderate,Pyrilla,40.8
Soybean,Tillering/Branching,33.9,55.7,153.7,60.5,7.1,Low,None/Healthy,6.2
Rice,Tillering/Branching,39.8,80.9,210.5,79.4,9.4,Low,None/Healthy,29.9
Potato,Tillering/Branching,36.2,65.0,82.9,81.2,1.6,Low,None/Healthy,13.5
Soybean,Fruiting/GrainFilling,28.0,57.2,243.7,81.0,18.3,Moderate,Common Aphid,31.9
Tomato,Tillering/Branching,23.9,55.8,123.2,17.4,14.2,Moderate,Early Blight Risk,34.3
Wheat,Flowering,31.7,72.8,130.7,83.7,20.3,Moderate,Termites,30.1
Wheat,Fruiting/GrainFilling,22.1,67.3,235.3,69.4,11.0,Moderate,Termites,39.9
Rice,Flowering,34.1,57.2,1.0,90.0,3.6,Low,None/Healthy,14.5
Cotton,Flowering,37.1,52.8,82.0,64.8,1.4,Low,None/Healthy,23.5
Sugarcane,Vegetative,23.4,42.8,33.8,46.6,19.8,Low,None/Healthy,28.0
Soybean,Maturity,16.2,44.2,50.8,81.3,11.0,Moderate,Common Aphid,32.2
Cotton,Flowering,26.9,38.7,42.8,24.0,16.3,Moderate,Whitefly,39.4
Maize,Vegetative,17.7,83.9,133.9,22.3,17.9,Low,None/Healthy,29.8
Soybean,Vegetative,17.7,31.8,192.6,70.5,14.0,Moderate,Common Aphid,31.7
Wheat,Maturity,42.0,57.3,176.5,45.2,8.4,Moderate,Aphids,31.2
Rice,Vegetative,27.2,97.7,216.0,51.5,10.1,Severe,Yellow Stem Borer,85.6
Sugarcane,Maturity,30.3,30.3,67.2,68.7,16.2,Moderate,Red Rot Risk,32.1
Sugarcane,Flowering,25.5,46.3,139.2,38.1,9.5,Moderate,Top Borer,40.7
Tomato,Maturity,32.4,48.8,22.6,44.0,0.5,Low,None/Healthy,20.3
Maize,Vegetative,38.4,63.6,115.6,39.8,20.1,Low,None/Healthy,27.7
Potato,Vegetative,41.4,96.7,245.1,72.0,13.5,Moderate,Aphids,47.6
Tomato,Vegetative,33.1,75.2,135.5,74.7,0.9,Low,None/Healthy,6.8
Wheat,Tillering/Branching,21.0,38.3,235.3,81.4,18.4,Moderate,Brown Rust Risk,37.4
Cotton,Tillering/Branching,15.6,86.1,159.5,25.7,14.8,Moderate,Pink Bollworm,48.5
Rice,Vegetative,22.7,39.4,85.0,31.1,0.6,Low,None/Healthy,12.0
Sugarcane,Vegetative,38.7,62.3,43.3,49.3,4.7,Low,None/Healthy,17.8
Potato,Maturity,28.4,54.5,164.3,89.9,8.4,Moderate,Late Blight Risk,36.5
Wheat,Flowering,22.1,35.6,126.1,51.1,17.2,Moderate,Brown Rust Risk,36.0
Maize,Vegetative,26.7,47.8,118.1,50.7,5.0,Low,None/Healthy,7.3
Cotton,Fruiting/GrainFilling,34.3,71.4,150.1,24.9,14.8,Moderate,Pink Bollworm,47.2
Tomato,Tillering/Branching,28.7,76.6,22.4,84.8,1.0,Low,None/Healthy,11.9
Cotton,Tillering/Branching,39.3,54.2,176.2,74.2,4.8,Low,None/Healthy,7.8
Sugarcane,Maturity,33.9,67.3,21.7,39.7,3.4,Low,None/Healthy,8.6
Potato,Vegetative,22.0,67.6,140.2,28.4,4.6,Low,None/Healthy,7.2
Maize,Flowering,19.5,33.1,61.2,61.1,0.2,Low,None/Healthy,24.0
Wheat,Tillering/Branching,25.7,67.0,5.5,82.0,12.3,Low,None/Healthy,25.7
Wheat,Fruiting/GrainFilling,25.8,33.8,179.5,58.2,21.9,Moderate,Aphids,46.4
Rice,Flowering,31.9,67.8,162.7,67.3,6.1,Low,None/Healthy,19.3
Soybean,Vegetative,25.0,46.5,170.7,63.2,5.2,Low,None/Healthy,9.5
Soybean,Fruiting/GrainFilling,20.8,66.7,84.6,83.1,11.9,Moderate,Common Aphid,45.1
Wheat,Vegetative,17.7,75.5,221.4,38.4,3.3,Low,None/Healthy,12.7
Rice,Tillering/Branching,32.4,75.7,9.9,50.7,1.9,Low,None/Healthy,9.7
Wheat,Tillering/Branching,25.1,71.3,170.8,71.4,11.4,Moderate,Brown Rust Risk,35.0
Sugarcane,Vegetative,25.4,96.7,114.1,83.9,21.3,High,Red Rot Risk,77.4
Cotton,Maturity,21.8,64.1,18.3,82.1,8.4,Low,None/Healthy,20.8
Cotton,Fruiting/GrainFilling,35.1,52.2,129.8,78.6,16.5,Moderate,Whitefly,46.2
Soybean,Flowering,34.1,31.1,82.6,21.9,22.1,Moderate,Common Aphid,45.6
Cotton,Fruiting/GrainFilling,32.9,83.7,26.0,31.3,0.9,Low,None/Healthy,22.6
Sugarcane,Flowering,39.7,45.1,165.5,70.3,15.5,Moderate,Pyrilla,36.3
Rice,Tillering/Branching,38.4,91.2,19.2,25.5,6.3,Low,None/Healthy,24.3
Tomato,Tillering/Branching,20.0,45.0,95.5,63.9,23.4,Moderate,Fruit Borer,31.5
Maize,Maturity,41.1,62.0,55.7,56.4,23.7,Moderate,Stem Borer,37.2
Potato,Fruiting/GrainFilling,16.2,74.9,182.7,53.9,18.8,Moderate,Cutworm,39.6
Maize,Vegetative,27.0,31.4,18.6,78.8,3.4,Low,None/Healthy,11.0
Tomato,Fruiting/GrainFilling,34.1,97.7,173.9,25.3,15.0,Moderate,Leaf Miner,59.2
Maize,Flowering,40.2,57.2,76.4,37.3,20.6,Moderate,Stem Borer,40.2
Wheat,Flowering,18.2,62.4,169.0,86.8,9.2,Moderate,Termites,42.9
Potato,Vegetative,15.2,95.6,8.1,62.7,8.5,Low,None/Healthy,28.7
Tomato,Tillering/Branching,15.7,47.8,26.7,90.2,5.9,Low,None/Healthy,10.9
Rice,Vegetative,37.8,87.0,248.1,79.3,5.1,Low,None/Healthy,23.7
Maize,Fruiting/GrainFilling,28.7,50.2,52.5,72.4,2.4,Low,None/Healthy,19.3
Maize,Vegetative,38.5,66.7,210.0,17.0,10.9,Moderate,Turcicum Leaf Blight,52.4
Sugarcane,Fruiting/GrainFilling,32.7,53.8,160.7,32.4,23.5,Moderate,Pyrilla,40.1
Soybean,Flowering,17.3,79.7,106.2,73.0,8.7,Moderate,Common Aphid,35.9
Sugarcane,Maturity,34.4,72.6,28.2,88.9,7.4,Low,None/Healthy,8.9
Cotton,Vegetative,41.0,90.3,55.3,85.3,7.0,Low,None/Healthy,10.4
Cotton,Flowering,34.7,53.9,227.7,53.8,7.6,Low,None/Healthy,21.2
Sugarcane,Tillering/Branching,36.8,41.8,158.4,51.0,18.6,Low,None/Healthy,29.4
Wheat,Tillering/Branching,20.5,76.0,47.5,24.9,22.3,Low,None/Healthy,27.6
Cotton,Tillering/Branching,39.0,62.7,78.8,87.1,20.6,Low,None/Healthy,27.0
Tomato,Tillering/Branching,22.8,56.5,172.4,29.8,11.9,Moderate,Early Blight Risk,34.1
Rice,Tillering/Branching,31.3,58.6,157.3,22.4,18.2,Moderate,Bacterial Blight Risk,36.2
Rice,Tillering/Branching,35.1,77.2,109.6,88.4,20.0,Low,None/Healthy,26.5
Maize,Vegetative,40.7,45.0,182.1,90.6,13.7,Moderate,Shoot Fly,39.7
Wheat,Tillering/Branching,37.5,96.8,202.5,36.7,19.7,Moderate,Aphids,46.5
Soybean,Vegetative,18.7,54.7,64.7,64.5,8.8,Low,None/Healthy,18.3
Rice,Flowering,39.8,83.5,156.7,87.7,6.4,Low,None/Healthy,15.9
Tomato,Fruiting/GrainFilling,28.7,71.9,16.0,17.6,10.1,Moderate,Fruit Borer,39.2
Rice,Fruiting/GrainFilling,33.1,52.2,11.4,29.6,16.6,Moderate,Yellow Stem Borer,41.7
Tomato,Maturity,41.0,66.6,58.8,93.0,5.8,Low,None/Healthy,11.4
Maize,Flowering,19.7,75.9,102.8,92.8,4.4,Low,None/Healthy,28.8
Rice,Maturity,23.2,57.0,115.4,35.2,19.6,Low,None/Healthy,24.3
Rice,Vegetative,34.0,66.3,60.5,54.4,19.9,Low,None/Healthy,24.9
Soybean,Fruiting/GrainFilling,36.0,52.5,232.8,64.4,10.5,Moderate,Common Aphid,39.3
Tomato,Fruiting/GrainFilling,41.9,62.3,170.2,87.7,0.8,Low,None/Healthy,24.6
Wheat,Flowering,24.5,63.4,225.0,93.4,23.3,Moderate,Termites,51.5
Sugarcane,Maturity,28.0,45.3,248.1,67.8,9.5,Low,None/Healthy,24.6
Sugarcane,Maturity,24.9,63.4,236.9,65.0,8.9,Low,None/Healthy,29.7
Cotton,Maturity,35.2,61.7,17.0,67.5,8.4,Moderate,Pink Bollworm,35.7
Cotton,Tillering/Branching,24.8,30.2,211.3,81.8,15.9,Low,None/Healthy,28.4
Soybean,Vegetative,22.4,45.0,17.1,62.4,11.9,Low,None/Healthy,29.6
Tomato,Tillering/Branching,36.9,61.0,239.0,57.8,2.8,Low,None/Healthy,16.9
Tomato,Tillering/Branching,38.7,60.3,6.5,17.4,8.4,Moderate,Whitefly,50.2
Cotton,Vegetative,31.2,30.1,78.1,35.3,20.2,Moderate,Boll Rot,36.1
Soybean,Flowering,25.4,52.7,28.8,42.2,11.3,Moderate,Common Aphid,34.1
Potato,Fruiting/GrainFilling,24.3,85.4,237.7,47.3,1.2,High,Late Blight Risk,74.3
Potato,Maturity,33.1,85.2,144.9,70.3,20.0,Moderate,Potato Tuber Moth,41.4
Potato,Maturity,33.3,96.4,207.8,27.8,12.5,Moderate,Aphids,50.4
Soybean,Tillering/Branching,41.0,38.6,227.2,30.5,7.7,Low,None/Healthy,5.0
Maize,Tillering/Branching,23.9,85.5,248.6,82.3,8.3,High,Turcicum Leaf Blight,75.4
Cotton,Vegetative,41.5,96.9,118.0,29.7,13.1,Moderate,Boll Rot,47.5
Maize,Tillering/Branching,15.5,97.9,170.8,49.1,6.9,Low,None/Healthy,24.0
Cotton,Flowering,19.2,45.5,127.2,78.3,1.7,Low,None/Healthy,15.0
Soybean,Fruiting/GrainFilling,39.3,94.6,26.5,54.0,4.0,Low,None/Healthy,21.9
Rice,Fruiting/GrainFilling,39.8,78.6,221.3,91.8,5.4,Low,None/Healthy,17.6
Maize,Vegetative,16.3,92.2,238.7,69.8,6.2,Moderate,Turcicum Leaf Blight,38.3
Rice,Flowering,30.5,41.6,50.3,62.2,3.1,Low,None/Healthy,15.6
Sugarcane,Tillering/Branching,21.0,58.3,4.0,23.4,21.5,Moderate,Pyrilla,33.5
Sugarcane,Maturity,41.8,34.7,66.0,58.1,19.0,Moderate,Top Borer,31.0
Tomato,Fruiting/GrainFilling,22.4,62.7,232.2,75.2,1.3,Low,None/Healthy,18.9
Potato,Maturity,37.2,65.8,206.2,31.9,3.1,Low,None/Healthy,8.2
Rice,Flowering,18.6,55.5,236.4,16.6,10.7,Moderate,Yellow Stem Borer,40.8
Rice,Maturity,36.9,68.3,248.5,20.5,20.8,Moderate,Yellow Stem Borer,48.0
Potato,Fruiting/GrainFilling,38.2,67.1,236.8,70.5,11.3,Low,None/Healthy,28.7
Rice,Tillering/Branching,35.3,72.9,204.4,77.5,12.6,Moderate,Leaf Folder,30.6
Wheat,Vegetative,20.4,68.0,197.5,80.0,15.6,Moderate,Armyworm,31.3
Wheat,Fruiting/GrainFilling,29.9,89.8,123.3,43.1,19.1,Severe,Aphids,95.9
Rice,Vegetative,20.4,83.1,118.8,94.4,0.6,Low,None/Healthy,5.0
Cotton,Maturity,33.6,77.3,145.5,92.8,10.0,Moderate,Spotted Bollworm,34.1
Maize,Tillering/Branching,16.9,32.1,120.4,77.9,9.2,Low,None/Healthy,29.2
Maize,Fruiting/GrainFilling,40.5,42.4,48.5,66.8,17.4,Moderate,Shoot Fly,36.3
Wheat,Vegetative,17.8,83.1,144.8,55.0,21.0,Moderate,Termites,37.0
Wheat,Maturity,38.1,52.2,112.9,17.0,12.7,Moderate,Termites,58.9
Wheat,Maturity,22.7,49.8,193.8,25.3,19.8,Moderate,Termites,30.4
Cotton,Flowering,16.6,85.8,65.6,64.1,13.3,Moderate,Spotted Bollworm,37.6
Maize,Vegetative,16.6,82.5,213.2,94.3,5.7,Low,None/Healthy,6.1
Potato,Vegetative,41.1,36.4,130.9,55.5,14.6,Moderate,Aphids,32.7
Tomato,Vegetative,22.1,46.9,227.4,45.9,0.2,Low,None/Healthy,8.9
Maize,Tillering/Branching,29.0,82.6,142.6,43.1,1.6,Moderate,Stem Borer,43.4
Potato,Vegetative,25.4,54.4,37.2,87.3,2.8,Low,None/Healthy,12.0
Tomato,Vegetative,21.4,97.8,146.5,27.0,16.0,Moderate,Whitefly,35.9
Soybean,Maturity,33.2,44.1,217.9,49.2,22.3,Low,None/Healthy,28.1
Sugarcane,Fruiting/GrainFilling,27.6,82.9,139.0,67.9,6.7,Moderate,Pyrilla,55.5
Sugarcane,Flowering,37.8,82.7,233.0,61.9,10.1,Low,None/Healthy,29.7
Wheat,Tillering/Branching,38.0,61.0,140.3,40.1,12.6,Moderate,Armyworm,33.6
Potato,Vegetative,29.3,33.6,97.3,88.8,8.4,Moderate,Aphids,34.7
Soybean,Fruiting/GrainFilling,22.3,85.2,87.0,40.0,20.7,High,Stem Borer,73.7
Wheat,Vegetative,20.0,91.8,224.7,51.3,7.3,Low,None/Healthy,29.9
Rice,Vegetative,39.2,52.1,127.9,73.5,5.0,Low,None/Healthy,6.2
Soybean,Fruiting/GrainFilling,37.1,67.2,33.2,50.7,3.1,Low,None/Healthy,13.5
Maize,Fruiting/GrainFilling,30.9,95.0,209.4,77.0,17.4,Severe,Turcicum Leaf Blight,91.3
Sugarcane,Flowering,37.2,67.6,156.8,20.3,19.6,High,Pyrilla,67.1
Maize,Vegetative,29.3,56.8,18.3,30.5,5.4,Low,None/Healthy,10.6
Tomato,Vegetative,31.7,60.5,50.7,62.1,13.6,Moderate,Early Blight Risk,35.0
Maize,Maturity,31.8,59.6,64.7,56.6,16.8,Moderate,Fall Armyworm,33.1
Maize,Tillering/Branching,41.8,41.0,5.9,32.5,14.2,Low,None/Healthy,22.9
Cotton,Vegetative,36.9,57.8,152.6,51.4,21.7,Moderate,Whitefly,36.5
Sugarcane,Vegetative,33.6,86.4,21.3,50.3,3.9,Low,None/Healthy,16.6
Rice,Vegetative,36.2,75.3,79.5,26.2,19.1,Low,None/Healthy,22.3
Wheat,Tillering/Branching,18.9,59.6,63.3,70.2,13.2,Moderate,Termites,32.2
Rice,Tillering/Branching,38.7,81.5,172.9,93.2,12.5,Low,None/Healthy,29.9
Rice,Tillering/Branching,18.1,47.3,95.3,53.5,4.1,Low,None/Healthy,9.5
Potato,Maturity,22.5,54.8,27.0,46.8,13.3,Moderate,Potato Tuber Moth,30.2
Tomato,Flowering,22.3,68.1,104.5,55.7,1.3,Low,None/Healthy,15.4
Cotton,Maturity,16.6,42.2,169.6,27.4,2.6,Low,None/Healthy,5.8
Sugarcane,Maturity,28.0,50.7,153.3,59.6,10.3,Low,None/Healthy,25.4
Wheat,Tillering/Branching,22.6,63.0,235.1,72.8,9.3,Low,None/Healthy,18.8
Sugarcane,Tillering/Branching,24.0,88.5,115.3,61.8,4.4,High,Early Shoot Borer,65.5
Maize,Fruiting/GrainFilling,26.5,89.4,104.4,57.4,7.6,High,Turcicum Leaf Blight,63.6
Sugarcane,Fruiting/GrainFilling,16.9,87.2,128.3,25.6,3.3,Moderate,Pyrilla,40.6
Tomato,Flowering,32.3,92.5,227.8,20.1,22.9,High,Early Blight Risk,63.5
Rice,Flowering,20.2,72.6,216.5,47.2,22.9,Moderate,Yellow Stem Borer,52.0
Soybean,Flowering,36.0,43.7,14.5,21.4,7.7,Moderate,Common Aphid,41.5
Rice,Maturity,38.8,77.1,9.8,61.0,17.9,Low,None/Healthy,26.5
Rice,Maturity,36.4,77.9,70.2,27.4,18.0,Low,None/Healthy,26.2
Tomato,Maturity,36.3,69.6,221.2,31.9,6.1,Low,None/Healthy,6.0
Sugarcane,Flowering,37.4,66.7,2.6,69.2,19.5,Moderate,Top Borer,39.5
Soybean,Vegetative,26.2,31.2,56.2,46.1,2.7,Low,None/Healthy,9.8
Potato,Vegetative,37.3,32.8,172.2,80.2,3.1,Low,None/Healthy,12.7
Tomato,Flowering,27.9,86.8,34.5,64.6,22.6,High,Fruit Borer,69.3
Wheat,Maturity,30.0,95.3,55.1,41.5,2.4,Moderate,Termites,42.9
Maize,Maturity,31.9,47.0,175.4,87.0,12.7,Low,None/Healthy,29.4
Rice,Flowering,28.9,37.4,123.5,27.0,10.1,Moderate,Brown Planthopper,42.0
Potato,Tillering/Branching,34.9,88.9,242.2,16.8,0.7,Low,None/Healthy,27.9
Tomato,Maturity,39.6,66.6,23.3,90.0,4.4,Low,None/Healthy,11.8
Rice,Flowering,15.7,41.4,222.0,25.3,17.7,Moderate,Bacterial Blight Risk,43.9
Tomato,Fruiting/GrainFilling,35.9,80.9,26.3,44.0,6.3,Low,None/Healthy,16.4
Sugarcane,Flowering,17.9,48.5,195.7,19.1,15.8,Moderate,Early Shoot Borer,40.3
Soybean,Tillering/Branching,29.8,84.5,149.9,48.6,3.0,Moderate,Common Aphid,44.1
Rice,Tillering/Branching,26.6,55.4,171.8,77.4,6.1,Low,None/Healthy,10.6
Potato,Flowering,29.4,60.2,176.4,55.4,2.7,Low,None/Healthy,24.5
Cotton,Tillering/Branching,41.2,38.1,127.5,60.1,0.5,Low,None/Healthy,15.7
Rice,Fruiting/GrainFilling,27.7,89.5,161.2,76.3,19.3,Severe,Brown Planthopper,95.4
Cotton,Maturity,32.9,62.6,26.8,92.0,1.9,Low,None/Healthy,14.1
Maize,Fruiting/GrainFilling,33.8,96.3,200.5,64.5,13.6,Moderate,Stem Borer,47.7
Rice,Tillering/Branching,40.5,58.9,146.5,88.8,12.4,Low,None/Healthy,29.7
Potato,Tillering/Branching,41.5,47.7,174.0,67.5,16.6,Low,None/Healthy,26.2
Soybean,Flowering,20.2,82.3,34.4,37.5,13.4,Moderate,Common Aphid,39.4
Potato,Vegetative,23.3,90.2,34.1,24.9,22.5,High,Aphids,62.7
Wheat,Tillering/Branching,34.5,77.2,211.9,22.0,9.0,Low,None/Healthy,28.1
Tomato,Fruiting/GrainFilling,29.8,94.1,10.6,84.3,13.2,High,Leaf Miner,65.5
Rice,Tillering/Branching,18.3,93.2,122.4,46.7,13.9,Moderate,Yellow Stem Borer,47.9
Cotton,Vegetative,32.2,36.8,33.8,55.8,15.0,Moderate,Pink Bollworm,31.9
Soybean,Fruiting/GrainFilling,34.4,50.9,85.2,30.3,16.6,Moderate,Common Aphid,32.8
Sugarcane,Flowering,35.0,78.0,105.3,22.0,0.3,Low,None/Healthy,16.5
Cotton,Fruiting/GrainFilling,24.0,75.3,86.6,78.7,21.3,Moderate,Spotted Bollworm,38.9
Cotton,Tillering/Branching,15.9,62.2,23.0,34.6,15.4,Low,None/Healthy,18.2
Sugarcane,Fruiting/GrainFilling,31.2,46.7,14.7,72.7,20.4,Moderate,Pyrilla,39.5
Cotton,Tillering/Branching,16.6,40.5,115.5,88.7,12.8,Moderate,Pink Bollworm,39.9
Soybean,Vegetative,25.4,58.1,112.2,33.2,20.4,Low,None/Healthy,23.3
Soybean,Tillering/Branching,31.5,71.7,151.7,59.7,19.7,Low,None/Healthy,28.3
Cotton,Fruiting/GrainFilling,17.8,36.2,120.0,87.0,15.6,Moderate,Boll Rot,46.4
Soybean,Vegetative,34.3,70.9,9.7,77.0,3.2,Low,None/Healthy,5.7
Soybean,Fruiting/GrainFilling,29.0,72.8,18.9,92.3,0.1,Low,None/Healthy,26.8
Wheat,Flowering,30.3,47.6,159.4,68.8,17.5,Moderate,Brown Rust Risk,32.5
Soybean,Maturity,21.7,35.8,219.8,35.1,17.8,Moderate,Common Aphid,37.2
Maize,Fruiting/GrainFilling,18.9,37.4,215.1,24.6,2.1,Low,None/Healthy,15.9
Potato,Fruiting/GrainFilling,20.8,63.5,8.2,86.6,4.3,Low,None/Healthy,25.3
